2026-02-02 12:26:39,857 - Knowledge - INFO - Created shared MongoDB connection pool
2026-02-02 12:26:39,858 - Knowledge - INFO - Starting Knowledge Graph processing with 20 threads
2026-02-02 12:26:39,858 - Knowledge - INFO - Initial configuration: chunk_size=65536, max_cache_size=500
2026-02-02 12:26:39,859 - Knowledge - INFO - Knowledge Graph concurrency configuration: workers=20, max_batch_size=10, max_concurrent_llm_calls=50
2026-02-02 12:26:40,898 - Knowledge - INFO - 🔍 _load_persisted_knowledge called - checking for Redis optimization
2026-02-02 12:26:40,898 - Knowledge - WARNING - ❌ load_from_redis method not found - Redis support not attached
2026-02-02 12:26:40,899 - Knowledge - INFO - load persisted knowledge: begin
2026-02-02 12:26:40,900 - Knowledge - INFO - Loaded 0 files from persisted knowledge
2026-02-02 12:26:40,900 - Knowledge - INFO - load persisted knowledge: end
2026-02-02 12:26:40,900 - Knowledge - WARNING - No persisted knowledge found. Files will be queued during start()
2026-02-02 12:26:40,901 - Knowledge - INFO - Redis support added with prefix knowledge:b7977ho:
2026-02-02 12:26:41,111 - Knowledge - INFO - Starting knowledge initialization for ID: Ik1HAQ-b7977ho
2026-02-02 12:26:41,112 - Knowledge - INFO - 🔍 Checking Redis for build_id: b7977ho
2026-02-02 12:26:41,112 - Knowledge - INFO - 🔍 Full session ID: Ik1HAQ-b7977ho
2026-02-02 12:26:41,112 - Knowledge - INFO - 🔍 Redis prefix will be: knowledge:b7977ho:
2026-02-02 12:26:41,112 - Knowledge - INFO - 🔍 Using attached load_from_redis() method
2026-02-02 12:26:41,112 - Knowledge - INFO - 🔍 Attempting to load knowledge from Redis...
2026-02-02 12:26:41,113 - Knowledge - INFO - 🔍 Using derived instance_id for Redis lookup: b7977ho
2026-02-02 12:26:41,115 - Knowledge - WARNING - ❌ No Redis cache found
2026-02-02 12:26:41,117 - Knowledge - INFO - 📁 Loading knowledge from disk...
2026-02-02 12:26:41,122 - Knowledge - INFO - load persisted docinfo: begin
2026-02-02 12:26:41,122 - Knowledge - INFO - load persisted docinfo: end
2026-02-02 12:26:41,122 - Knowledge - INFO - 🔍 _load_persisted_knowledge called - checking for Redis optimization
2026-02-02 12:26:41,123 - Knowledge - INFO - ✅ load_from_redis method found - attempting Redis load
2026-02-02 12:26:41,123 - Knowledge - INFO - 🔍 Attempting to load knowledge from Redis...
2026-02-02 12:26:41,123 - Knowledge - INFO - 🔍 Using derived instance_id for Redis lookup: b7977ho
2026-02-02 12:26:41,125 - Knowledge - WARNING - ❌ No Redis cache found
2026-02-02 12:26:41,125 - Knowledge - INFO - ❌ Redis load returned False - falling back to file loading
2026-02-02 12:26:41,125 - Knowledge - INFO - load persisted knowledge: begin
2026-02-02 12:26:41,125 - Knowledge - INFO - Loaded 0 files from persisted knowledge
2026-02-02 12:26:41,125 - Knowledge - INFO - load persisted knowledge: end
2026-02-02 12:26:41,125 - Knowledge - INFO - 📁 Disk load complete in 0.01s
2026-02-02 12:26:41,126 - Knowledge - INFO - Populating ingest queue with source files...
2026-02-02 12:26:41,462 - Knowledge - INFO - Added 474 files from /home/kathan/Kathan/Kavia AI/graphnode-backend-api/data/rdk7542/9084/b7977ho/wesnoth-9084 to ingest queue
2026-02-02 12:26:41,462 - Knowledge - INFO - [WEBSOCKET] Sent: Type=progress_update, Size: 160, Duration: 0ms
2026-02-02 12:26:41,463 - Knowledge - INFO - Worker kw1 created using shared MongoDB connection pool
2026-02-02 12:26:41,463 - Knowledge - INFO - knowledge worker kw1 start
2026-02-02 12:26:41,464 - Knowledge - INFO - Worker kw2 created using shared MongoDB connection pool
2026-02-02 12:26:41,464 - Knowledge - INFO - [kw1] Queue=474, InProgress=0, PendingWorkers=0/1, Completed=0/474 (0.0%)
2026-02-02 12:26:41,465 - Knowledge - INFO - knowledge worker kw2 start
2026-02-02 12:26:41,465 - Knowledge - INFO - Worker kw3 created using shared MongoDB connection pool
2026-02-02 12:26:41,465 - Knowledge - INFO - Batch sizing: calculated=6, max_allowed=10, queue=474, active_workers=0/2
2026-02-02 12:26:41,466 - Knowledge - INFO - [kw2] Queue=474, InProgress=0, PendingWorkers=0/2, Completed=0/474 (0.0%)
2026-02-02 12:26:41,466 - Knowledge - INFO - knowledge worker kw3 start
2026-02-02 12:26:41,467 - Knowledge - INFO - Worker kw1 processing /home/kathan/Kathan/Kavia AI/graphnode-backend-api/data/rdk7542/9084/b7977ho/wesnoth-9084/graphincludes/project/wesnoth.pm
2026-02-02 12:26:41,467 - Knowledge - INFO - Batch sizing: calculated=6, max_allowed=10, queue=474, active_workers=1/2
2026-02-02 12:26:41,469 - Knowledge - INFO - Worker kw4 created using shared MongoDB connection pool
2026-02-02 12:26:41,471 - Knowledge - INFO - [kw3] Queue=468, InProgress=0, PendingWorkers=1/3, Completed=0/474 (0.0%)
2026-02-02 12:26:41,472 - Knowledge - INFO - Worker kw2 processing /home/kathan/Kathan/Kavia AI/graphnode-backend-api/data/rdk7542/9084/b7977ho/wesnoth-9084/MacOSX/intl/vasnprintf.c
2026-02-02 12:26:41,472 - Knowledge - INFO - knowledge worker kw4 start
2026-02-02 12:26:41,472 - Knowledge - INFO - Batch sizing: calculated=6, max_allowed=10, queue=468, active_workers=2/3
2026-02-02 12:26:41,473 - Knowledge - INFO - Worker kw5 created using shared MongoDB connection pool
2026-02-02 12:26:41,474 - Knowledge - INFO - Fast-tracked /home/kathan/Kathan/Kavia AI/graphnode-backend-api/data/rdk7542/9084/b7977ho/wesnoth-9084/graphincludes/project/wesnoth.pm (small file (2343 bytes))
2026-02-02 12:26:41,475 - Knowledge - INFO - Worker kw3 processing /home/kathan/Kathan/Kavia AI/graphnode-backend-api/data/rdk7542/9084/b7977ho/wesnoth-9084/MacOSX/intl/gettextP.h
2026-02-02 12:26:41,475 - Knowledge - INFO - [kw4] Queue=456, InProgress=0, PendingWorkers=3/4, Completed=0/474 (0.0%)
2026-02-02 12:26:41,477 - Knowledge - INFO - Worker kw1 processing /home/kathan/Kathan/Kavia AI/graphnode-backend-api/data/rdk7542/9084/b7977ho/wesnoth-9084/autogen.sh
2026-02-02 12:26:41,477 - Knowledge - INFO - knowledge worker kw5 start
2026-02-02 12:26:41,477 - Knowledge - INFO - Worker kw6 created using shared MongoDB connection pool
2026-02-02 12:26:41,478 - Knowledge - INFO - Batch sizing: calculated=6, max_allowed=10, queue=456, active_workers=3/5
2026-02-02 12:26:41,486 - Knowledge - INFO - Fast-tracked /home/kathan/Kathan/Kavia AI/graphnode-backend-api/data/rdk7542/9084/b7977ho/wesnoth-9084/autogen.sh (ext=.sh, size=98)
2026-02-02 12:26:41,492 - Knowledge - INFO - Worker kw2 processing /home/kathan/Kathan/Kavia AI/graphnode-backend-api/data/rdk7542/9084/b7977ho/wesnoth-9084/MacOSX/intl/l10nflist.c
2026-02-02 12:26:41,492 - Knowledge - INFO - knowledge worker kw6 start
2026-02-02 12:26:41,505 - Knowledge - INFO - Worker kw7 created using shared MongoDB connection pool
2026-02-02 12:26:41,506 - Knowledge - INFO - [kw5] Queue=456, InProgress=0, PendingWorkers=3/6, Completed=0/474 (0.0%)
2026-02-02 12:26:41,506 - Knowledge - INFO - Worker kw3 processing /home/kathan/Kathan/Kavia AI/graphnode-backend-api/data/rdk7542/9084/b7977ho/wesnoth-9084/MacOSX/intl/wprintf-parse.h
2026-02-02 12:26:41,507 - Knowledge - INFO - Worker kw4 processing /home/kathan/Kathan/Kavia AI/graphnode-backend-api/data/rdk7542/9084/b7977ho/wesnoth-9084/MacOSX/intl/vasnprintf.h
2026-02-02 12:26:41,508 - Knowledge - INFO - Worker kw1 processing /home/kathan/Kathan/Kavia AI/graphnode-backend-api/data/rdk7542/9084/b7977ho/wesnoth-9084/MacOSX/SDLMacOSXMain.m
2026-02-02 12:26:41,509 - Knowledge - INFO - knowledge worker kw7 start
2026-02-02 12:26:41,509 - Knowledge - INFO - Batch sizing: calculated=6, max_allowed=10, queue=456, active_workers=4/6
2026-02-02 12:26:41,509 - Knowledge - INFO - Worker kw8 created using shared MongoDB connection pool
2026-02-02 12:26:41,510 - Knowledge - INFO - Worker kw5 processing /home/kathan/Kathan/Kavia AI/graphnode-backend-api/data/rdk7542/9084/b7977ho/wesnoth-9084/MacOSX/intl/loadinfo.h
2026-02-02 12:26:41,511 - Knowledge - INFO - knowledge worker kw8 start
2026-02-02 12:26:41,511 - Knowledge - INFO - Worker kw9 created using shared MongoDB connection pool
2026-02-02 12:26:41,512 - Knowledge - INFO - knowledge worker kw9 start
2026-02-02 12:26:41,512 - Knowledge - INFO - Worker kw10 created using shared MongoDB connection pool
2026-02-02 12:26:41,513 - Knowledge - INFO - knowledge worker kw10 start
2026-02-02 12:26:41,513 - Knowledge - INFO - Worker kw11 created using shared MongoDB connection pool
2026-02-02 12:26:41,514 - Knowledge - INFO - knowledge worker kw11 start
2026-02-02 12:26:41,514 - Knowledge - INFO - Worker kw12 created using shared MongoDB connection pool
2026-02-02 12:26:41,515 - Knowledge - INFO - knowledge worker kw12 start
2026-02-02 12:26:41,515 - Knowledge - INFO - Worker kw13 created using shared MongoDB connection pool
2026-02-02 12:26:41,515 - Knowledge - INFO - knowledge worker kw13 start
2026-02-02 12:26:41,516 - Knowledge - INFO - Worker kw14 created using shared MongoDB connection pool
2026-02-02 12:26:41,516 - Knowledge - INFO - knowledge worker kw14 start
2026-02-02 12:26:41,516 - Knowledge - INFO - Worker kw15 created using shared MongoDB connection pool
2026-02-02 12:26:41,517 - Knowledge - INFO - [kw12] Queue=444, InProgress=0, PendingWorkers=5/14, Completed=0/474 (0.0%)
2026-02-02 12:26:41,518 - Knowledge - INFO - [kw9] Queue=444, InProgress=0, PendingWorkers=5/14, Completed=0/474 (0.0%)
2026-02-02 12:26:41,519 - Knowledge - INFO - [kw10] Queue=444, InProgress=0, PendingWorkers=5/14, Completed=0/474 (0.0%)
2026-02-02 12:26:41,519 - Knowledge - INFO - [kw7] Queue=444, InProgress=0, PendingWorkers=5/14, Completed=0/474 (0.0%)
2026-02-02 12:26:41,520 - Knowledge - INFO - [kw11] Queue=444, InProgress=0, PendingWorkers=5/14, Completed=0/474 (0.0%)
2026-02-02 12:26:41,520 - Knowledge - INFO - [kw6] Queue=444, InProgress=0, PendingWorkers=5/14, Completed=0/474 (0.0%)
2026-02-02 12:26:41,520 - Knowledge - INFO - [kw8] Queue=444, InProgress=0, PendingWorkers=5/14, Completed=0/474 (0.0%)
2026-02-02 12:26:41,521 - Knowledge - INFO - Fast-tracked /home/kathan/Kathan/Kavia AI/graphnode-backend-api/data/rdk7542/9084/b7977ho/wesnoth-9084/MacOSX/SDLMacOSXMain.m (small file (0 bytes))
2026-02-02 12:26:41,521 - Knowledge - INFO - [kw13] Queue=444, InProgress=0, PendingWorkers=5/14, Completed=0/474 (0.0%)
2026-02-02 12:26:41,522 - Knowledge - INFO - Fast-tracked /home/kathan/Kathan/Kavia AI/graphnode-backend-api/data/rdk7542/9084/b7977ho/wesnoth-9084/MacOSX/intl/vasnprintf.h (small file (2288 bytes))
2026-02-02 12:26:41,522 - Knowledge - INFO - knowledge worker kw15 start
2026-02-02 12:26:41,523 - Knowledge - INFO - Worker kw4 processing /home/kathan/Kathan/Kavia AI/graphnode-backend-api/data/rdk7542/9084/b7977ho/wesnoth-9084/MacOSX/intl/dgettext.c
2026-02-02 12:26:41,523 - Knowledge - INFO - Fast-tracked /home/kathan/Kathan/Kavia AI/graphnode-backend-api/data/rdk7542/9084/b7977ho/wesnoth-9084/MacOSX/intl/wprintf-parse.h (small file (2223 bytes))
2026-02-02 12:26:41,524 - Knowledge - INFO - Batch sizing: calculated=6, max_allowed=10, queue=444, active_workers=5/14
2026-02-02 12:26:41,524 - Knowledge - INFO - Worker kw16 created using shared MongoDB connection pool
2026-02-02 12:26:41,524 - Knowledge - INFO - [kw14] Queue=444, InProgress=0, PendingWorkers=5/15, Completed=0/474 (0.0%)
2026-02-02 12:26:41,525 - Knowledge - INFO - Batch sizing: calculated=6, max_allowed=10, queue=444, active_workers=5/15
2026-02-02 12:26:41,526 - Knowledge - INFO - Batch sizing: calculated=6, max_allowed=10, queue=444, active_workers=5/15
2026-02-02 12:26:41,526 - Knowledge - INFO - Batch sizing: calculated=6, max_allowed=10, queue=444, active_workers=5/15
2026-02-02 12:26:41,526 - Knowledge - INFO - Batch sizing: calculated=6, max_allowed=10, queue=444, active_workers=5/15
2026-02-02 12:26:41,529 - Knowledge - INFO - Batch sizing: calculated=6, max_allowed=10, queue=444, active_workers=5/15
2026-02-02 12:26:41,530 - Knowledge - INFO - Worker kw5 processing /home/kathan/Kathan/Kavia AI/graphnode-backend-api/data/rdk7542/9084/b7977ho/wesnoth-9084/MacOSX/intl/loadmsgcat.c
2026-02-02 12:26:41,533 - Knowledge - INFO - Worker kw2 processing /home/kathan/Kathan/Kavia AI/graphnode-backend-api/data/rdk7542/9084/b7977ho/wesnoth-9084/MacOSX/intl/os2compat.h
2026-02-02 12:26:41,533 - Knowledge - INFO - Worker kw1 processing /home/kathan/Kathan/Kavia AI/graphnode-backend-api/data/rdk7542/9084/b7977ho/wesnoth-9084/MacOSX/SDLMacOSXMain.h
2026-02-02 12:26:41,536 - Knowledge - INFO - Batch sizing: calculated=6, max_allowed=10, queue=444, active_workers=5/15
2026-02-02 12:26:41,537 - Knowledge - INFO - Batch sizing: calculated=6, max_allowed=10, queue=444, active_workers=5/15
2026-02-02 12:26:41,537 - Knowledge - INFO - Fast-tracked /home/kathan/Kathan/Kavia AI/graphnode-backend-api/data/rdk7542/9084/b7977ho/wesnoth-9084/MacOSX/intl/dgettext.c (ext=.c, size=1781)
2026-02-02 12:26:41,538 - Knowledge - INFO - [kw15] Queue=444, InProgress=0, PendingWorkers=5/15, Completed=0/474 (0.0%)
2026-02-02 12:26:41,538 - Knowledge - INFO - Worker kw3 processing /home/kathan/Kathan/Kavia AI/graphnode-backend-api/data/rdk7542/9084/b7977ho/wesnoth-9084/MacOSX/intl/dngettext.c
2026-02-02 12:26:41,540 - Knowledge - INFO - Worker kw9 processing /home/kathan/Kathan/Kavia AI/graphnode-backend-api/data/rdk7542/9084/b7977ho/wesnoth-9084/MacOSX/intl/explodename.c
2026-02-02 12:26:41,541 - Knowledge - INFO - knowledge worker kw16 start
2026-02-02 12:26:41,541 - Knowledge - INFO - Worker kw17 created using shared MongoDB connection pool
2026-02-02 12:26:41,541 - Knowledge - INFO - Batch sizing: calculated=6, max_allowed=10, queue=444, active_workers=6/16
2026-02-02 12:26:41,542 - Knowledge - INFO - Worker kw10 processing /home/kathan/Kathan/Kavia AI/graphnode-backend-api/data/rdk7542/9084/b7977ho/wesnoth-9084/MacOSX/intl/plural-exp.c
2026-02-02 12:26:41,542 - Knowledge - INFO - Worker kw7 processing /home/kathan/Kathan/Kavia AI/graphnode-backend-api/data/rdk7542/9084/b7977ho/wesnoth-9084/MacOSX/intl/printf-args.h
2026-02-02 12:26:41,542 - Knowledge - INFO - Worker kw11 processing /home/kathan/Kathan/Kavia AI/graphnode-backend-api/data/rdk7542/9084/b7977ho/wesnoth-9084/MacOSX/intl/textdomain.c
2026-02-02 12:26:41,543 - Knowledge - INFO - Worker kw6 processing /home/kathan/Kathan/Kavia AI/graphnode-backend-api/data/rdk7542/9084/b7977ho/wesnoth-9084/MacOSX/freetype-headers/freetype/t1tables.h
2026-02-02 12:26:41,543 - Knowledge - INFO - Worker kw8 processing /home/kathan/Kathan/Kavia AI/graphnode-backend-api/data/rdk7542/9084/b7977ho/wesnoth-9084/MacOSX/freetype-headers/freetype/ftchapters.h
2026-02-02 12:26:41,544 - Knowledge - INFO - Fast-tracked /home/kathan/Kathan/Kavia AI/graphnode-backend-api/data/rdk7542/9084/b7977ho/wesnoth-9084/MacOSX/intl/os2compat.h (ext=.h, size=1554)
2026-02-02 12:26:41,544 - Knowledge - INFO - Worker kw13 processing /home/kathan/Kathan/Kavia AI/graphnode-backend-api/data/rdk7542/9084/b7977ho/wesnoth-9084/MacOSX/freetype-headers/freetype/ftmac.h
2026-02-02 12:26:41,544 - Knowledge - INFO - Fast-tracked /home/kathan/Kathan/Kavia AI/graphnode-backend-api/data/rdk7542/9084/b7977ho/wesnoth-9084/MacOSX/SDLMacOSXMain.h (ext=.h, size=1320)
2026-02-02 12:26:41,546 - Knowledge - INFO - Worker kw12 processing /home/kathan/Kathan/Kavia AI/graphnode-backend-api/data/rdk7542/9084/b7977ho/wesnoth-9084/MacOSX/freetype-headers/freetype/cache/ftcglyph.h
2026-02-02 12:26:41,546 - Knowledge - INFO - Worker kw4 processing /home/kathan/Kathan/Kavia AI/graphnode-backend-api/data/rdk7542/9084/b7977ho/wesnoth-9084/MacOSX/intl/xsize.h
2026-02-02 12:26:41,546 - Knowledge - INFO - Batch sizing: calculated=6, max_allowed=10, queue=444, active_workers=13/16
2026-02-02 12:26:41,549 - Knowledge - INFO - Worker kw5 processing /home/kathan/Kathan/Kavia AI/graphnode-backend-api/data/rdk7542/9084/b7977ho/wesnoth-9084/MacOSX/intl/libintl.h
2026-02-02 12:26:41,552 - Knowledge - INFO - Fast-tracked /home/kathan/Kathan/Kavia AI/graphnode-backend-api/data/rdk7542/9084/b7977ho/wesnoth-9084/MacOSX/intl/dngettext.c (ext=.c, size=1890)
2026-02-02 12:26:41,553 - Knowledge - INFO - Worker kw14 processing /home/kathan/Kathan/Kavia AI/graphnode-backend-api/data/rdk7542/9084/b7977ho/wesnoth-9084/MacOSX/freetype-headers/freetype/fttrigon.h
2026-02-02 12:26:41,554 - Knowledge - INFO - [kw16] Queue=390, InProgress=0, PendingWorkers=14/16, Completed=0/474 (0.0%)
2026-02-02 12:26:41,557 - Knowledge - INFO - Fast-tracked /home/kathan/Kathan/Kavia AI/graphnode-backend-api/data/rdk7542/9084/b7977ho/wesnoth-9084/MacOSX/intl/printf-args.h (small file (2882 bytes))
2026-02-02 12:26:41,559 - Knowledge - INFO - Worker kw9 processing /home/kathan/Kathan/Kavia AI/graphnode-backend-api/data/rdk7542/9084/b7977ho/wesnoth-9084/MacOSX/intl/ngettext.c
2026-02-02 12:26:41,559 - Knowledge - INFO - knowledge worker kw17 start
2026-02-02 12:26:41,560 - Knowledge - INFO - Worker kw18 created using shared MongoDB connection pool
2026-02-02 12:26:41,561 - Knowledge - INFO - Worker kw2 processing /home/kathan/Kathan/Kavia AI/graphnode-backend-api/data/rdk7542/9084/b7977ho/wesnoth-9084/MacOSX/intl/localcharset.c
2026-02-02 12:26:41,562 - Knowledge - INFO - Worker kw1 processing /home/kathan/Kathan/Kavia AI/graphnode-backend-api/data/rdk7542/9084/b7977ho/wesnoth-9084/MacOSX/config.h
2026-02-02 12:26:41,564 - Knowledge - INFO - Worker kw15 processing /home/kathan/Kathan/Kavia AI/graphnode-backend-api/data/rdk7542/9084/b7977ho/wesnoth-9084/MacOSX/freetype-headers/freetype/ftrender.h
2026-02-02 12:26:41,565 - Knowledge - INFO - Worker kw3 processing /home/kathan/Kathan/Kavia AI/graphnode-backend-api/data/rdk7542/9084/b7977ho/wesnoth-9084/MacOSX/intl/bindtextdom.c
2026-02-02 12:26:41,569 - Knowledge - INFO - Worker kw11 processing /home/kathan/Kathan/Kavia AI/graphnode-backend-api/data/rdk7542/9084/b7977ho/wesnoth-9084/MacOSX/freetype-headers/freetype/ftwinfnt.h
2026-02-02 12:26:41,571 - Knowledge - INFO - Batch sizing: calculated=6, max_allowed=10, queue=390, active_workers=15/17
2026-02-02 12:26:41,571 - Knowledge - INFO - Worker kw7 processing /home/kathan/Kathan/Kavia AI/graphnode-backend-api/data/rdk7542/9084/b7977ho/wesnoth-9084/MacOSX/intl/printf-args.c
2026-02-02 12:26:41,572 - Knowledge - INFO - Fast-tracked /home/kathan/Kathan/Kavia AI/graphnode-backend-api/data/rdk7542/9084/b7977ho/wesnoth-9084/MacOSX/intl/ngettext.c (ext=.c, size=1976)
2026-02-02 12:26:41,573 - Knowledge - INFO - knowledge worker kw18 start
2026-02-02 12:26:41,573 - Knowledge - INFO - Worker kw19 created using shared MongoDB connection pool
2026-02-02 12:26:41,573 - Knowledge - INFO - [kw17] Queue=384, InProgress=0, PendingWorkers=15/18, Completed=0/474 (0.0%)
2026-02-02 12:26:41,574 - Knowledge - INFO - Fast-tracked /home/kathan/Kathan/Kavia AI/graphnode-backend-api/data/rdk7542/9084/b7977ho/wesnoth-9084/MacOSX/config.h (ext=.h, size=75)
2026-02-02 12:26:41,576 - Knowledge - INFO - Worker kw16 processing /home/kathan/Kathan/Kavia AI/graphnode-backend-api/data/rdk7542/9084/b7977ho/wesnoth-9084/MacOSX/freetype-headers/freetype/internal/ftstream.h
2026-02-02 12:26:41,576 - Knowledge - INFO - Fast-tracked /home/kathan/Kathan/Kavia AI/graphnode-backend-api/data/rdk7542/9084/b7977ho/wesnoth-9084/MacOSX/freetype-headers/freetype/ftwinfnt.h (small file (0 bytes))
2026-02-02 12:26:41,580 - Knowledge - INFO - Worker kw10 processing /home/kathan/Kathan/Kavia AI/graphnode-backend-api/data/rdk7542/9084/b7977ho/wesnoth-9084/MacOSX/intl/libgnuintl.h
2026-02-02 12:26:41,582 - Knowledge - INFO - Worker kw9 processing /home/kathan/Kathan/Kavia AI/graphnode-backend-api/data/rdk7542/9084/b7977ho/wesnoth-9084/MacOSX/intl/dcgettext.c
2026-02-02 12:26:41,583 - Knowledge - INFO - Fast-tracked /home/kathan/Kathan/Kavia AI/graphnode-backend-api/data/rdk7542/9084/b7977ho/wesnoth-9084/MacOSX/intl/dcgettext.c (ext=.c, size=1805)
2026-02-02 12:26:41,584 - Knowledge - INFO - knowledge worker kw19 start
2026-02-02 12:26:41,585 - Knowledge - INFO - Batch sizing: calculated=6, max_allowed=10, queue=384, active_workers=16/18
2026-02-02 12:26:41,585 - Knowledge - INFO - Worker kw20 created using shared MongoDB connection pool
2026-02-02 12:26:41,585 - Knowledge - INFO - Worker kw1 processing /home/kathan/Kathan/Kavia AI/graphnode-backend-api/data/rdk7542/9084/b7977ho/wesnoth-9084/MacOSX/intl/os2compat.c
2026-02-02 12:26:41,586 - Knowledge - INFO - Worker kw11 processing /home/kathan/Kathan/Kavia AI/graphnode-backend-api/data/rdk7542/9084/b7977ho/wesnoth-9084/MacOSX/freetype-headers/freetype/ftsizes.h
2026-02-02 12:26:41,587 - Knowledge - INFO - Fast-tracked /home/kathan/Kathan/Kavia AI/graphnode-backend-api/data/rdk7542/9084/b7977ho/wesnoth-9084/MacOSX/intl/os2compat.c (small file (2883 bytes))
2026-02-02 12:26:41,588 - Knowledge - INFO - Worker kw9 processing /home/kathan/Kathan/Kavia AI/graphnode-backend-api/data/rdk7542/9084/b7977ho/wesnoth-9084/MacOSX/intl/dcigettext.c
2026-02-02 12:26:41,588 - Knowledge - INFO - [kw18] Queue=378, InProgress=0, PendingWorkers=16/19, Completed=0/474 (0.0%)
2026-02-02 12:26:41,589 - Knowledge - INFO - [kw19] Queue=378, InProgress=0, PendingWorkers=16/19, Completed=0/474 (0.0%)
2026-02-02 12:26:41,590 - Knowledge - INFO - Worker kw17 processing /home/kathan/Kathan/Kavia AI/graphnode-backend-api/data/rdk7542/9084/b7977ho/wesnoth-9084/MacOSX/freetype-headers/freetype/internal/t1types.h
2026-02-02 12:26:41,592 - Knowledge - INFO - knowledge worker kw20 start
2026-02-02 12:26:41,596 - Knowledge - INFO - Worker kw13 processing /home/kathan/Kathan/Kavia AI/graphnode-backend-api/data/rdk7542/9084/b7977ho/wesnoth-9084/MacOSX/freetype-headers/freetype/ftimage.h
2026-02-02 12:26:41,601 - Knowledge - INFO - Batch sizing: calculated=6, max_allowed=10, queue=378, active_workers=17/20
2026-02-02 12:26:41,602 - Knowledge - INFO - Batch sizing: calculated=6, max_allowed=10, queue=378, active_workers=17/20
2026-02-02 12:26:41,604 - Knowledge - INFO - Worker kw6 processing /home/kathan/Kathan/Kavia AI/graphnode-backend-api/data/rdk7542/9084/b7977ho/wesnoth-9084/MacOSX/freetype-headers/freetype/ftgzip.h
2026-02-02 12:26:41,607 - Knowledge - INFO - Worker kw4 processing /home/kathan/Kathan/Kavia AI/graphnode-backend-api/data/rdk7542/9084/b7977ho/wesnoth-9084/MacOSX/intl/osdep.c
2026-02-02 12:26:41,610 - Knowledge - INFO - [kw20] Queue=372, InProgress=0, PendingWorkers=17/20, Completed=5/474 (1.1%)
2026-02-02 12:26:41,612 - Knowledge - INFO - Worker kw18 processing /home/kathan/Kathan/Kavia AI/graphnode-backend-api/data/rdk7542/9084/b7977ho/wesnoth-9084/MacOSX/freetype-headers/freetype/internal/services/svbdf.h
2026-02-02 12:26:41,613 - Knowledge - INFO - Worker kw19 processing /home/kathan/Kathan/Kavia AI/graphnode-backend-api/data/rdk7542/9084/b7977ho/wesnoth-9084/MacOSX/freetype-headers/freetype/internal/internal.h
2026-02-02 12:26:41,613 - Knowledge - INFO - Batch sizing: calculated=6, max_allowed=10, queue=372, active_workers=19/20
2026-02-02 12:26:41,614 - Knowledge - INFO - Fast-tracked /home/kathan/Kathan/Kavia AI/graphnode-backend-api/data/rdk7542/9084/b7977ho/wesnoth-9084/MacOSX/intl/osdep.c (ext=.c, size=931)
2026-02-02 12:26:41,614 - Knowledge - INFO - Fast-tracked /home/kathan/Kathan/Kavia AI/graphnode-backend-api/data/rdk7542/9084/b7977ho/wesnoth-9084/MacOSX/freetype-headers/freetype/internal/services/svbdf.h (ext=.h, size=1972)
2026-02-02 12:26:41,616 - Knowledge - INFO - Worker kw20 processing /home/kathan/Kathan/Kavia AI/graphnode-backend-api/data/rdk7542/9084/b7977ho/wesnoth-9084/MacOSX/freetype-headers/freetype/internal/ftcalc.h
2026-02-02 12:26:41,616 - Knowledge - INFO - Fast-tracked /home/kathan/Kathan/Kavia AI/graphnode-backend-api/data/rdk7542/9084/b7977ho/wesnoth-9084/MacOSX/freetype-headers/freetype/internal/internal.h (small file (2957 bytes))
2026-02-02 12:26:41,620 - Knowledge - INFO - Worker kw4 processing /home/kathan/Kathan/Kavia AI/graphnode-backend-api/data/rdk7542/9084/b7977ho/wesnoth-9084/MacOSX/intl/gmo.h
2026-02-02 12:26:41,621 - Knowledge - INFO - Worker kw8 processing /home/kathan/Kathan/Kavia AI/graphnode-backend-api/data/rdk7542/9084/b7977ho/wesnoth-9084/MacOSX/freetype-headers/freetype/ftpfr.h
2026-02-02 12:26:41,621 - Knowledge - INFO - Worker kw18 processing /home/kathan/Kathan/Kavia AI/graphnode-backend-api/data/rdk7542/9084/b7977ho/wesnoth-9084/MacOSX/freetype-headers/freetype/internal/services/svpsinfo.h
2026-02-02 12:26:41,622 - Knowledge - INFO - Worker kw19 processing /home/kathan/Kathan/Kavia AI/graphnode-backend-api/data/rdk7542/9084/b7977ho/wesnoth-9084/MacOSX/freetype-headers/freetype/internal/ftdriver.h
2026-02-02 12:26:41,626 - Knowledge - INFO - Worker kw12 processing /home/kathan/Kathan/Kavia AI/graphnode-backend-api/data/rdk7542/9084/b7977ho/wesnoth-9084/MacOSX/freetype-headers/freetype/cache/ftccache.h
2026-02-02 12:26:41,627 - Knowledge - INFO - Processing batch of 6 files
2026-02-02 12:26:41,628 - Knowledge - INFO - Fast-tracked /home/kathan/Kathan/Kavia AI/graphnode-backend-api/data/rdk7542/9084/b7977ho/wesnoth-9084/MacOSX/freetype-headers/freetype/internal/services/svpsinfo.h (ext=.h, size=1826)
2026-02-02 12:26:41,629 - Knowledge - INFO - Split /home/kathan/Kathan/Kavia AI/graphnode-backend-api/data/rdk7542/9084/b7977ho/wesnoth-9084/MacOSX/freetype-headers/freetype/ftimage.h (77838 bytes) into 3 chunks of ~32KB
2026-02-02 12:26:41,634 - Knowledge - INFO - process ingested knowledge for /home/kathan/Kathan/Kavia AI/graphnode-backend-api/data/rdk7542/9084/b7977ho/wesnoth-9084/graphincludes/project/wesnoth.pm
2026-02-02 12:26:41,636 - Knowledge - INFO - Worker kw16 processing /home/kathan/Kathan/Kavia AI/graphnode-backend-api/data/rdk7542/9084/b7977ho/wesnoth-9084/MacOSX/freetype-headers/freetype/internal/sfnt.h
2026-02-02 12:26:41,638 - Knowledge - INFO - Worker kw18 processing /home/kathan/Kathan/Kavia AI/graphnode-backend-api/data/rdk7542/9084/b7977ho/wesnoth-9084/MacOSX/freetype-headers/freetype/internal/services/svsfnt.h
2026-02-02 12:26:41,640 - Knowledge - INFO - Worker kw3 processing /home/kathan/Kathan/Kavia AI/graphnode-backend-api/data/rdk7542/9084/b7977ho/wesnoth-9084/MacOSX/intl/localename.c
2026-02-02 12:26:41,643 - Knowledge - INFO - process ingested knowledge for /home/kathan/Kathan/Kavia AI/graphnode-backend-api/data/rdk7542/9084/b7977ho/wesnoth-9084/autogen.sh
2026-02-02 12:26:41,649 - Knowledge - INFO - Worker kw15 processing /home/kathan/Kathan/Kavia AI/graphnode-backend-api/data/rdk7542/9084/b7977ho/wesnoth-9084/MacOSX/freetype-headers/freetype/fterrdef.h
2026-02-02 12:26:41,651 - Knowledge - INFO - Worker kw7 processing /home/kathan/Kathan/Kavia AI/graphnode-backend-api/data/rdk7542/9084/b7977ho/wesnoth-9084/MacOSX/intl/finddomain.c
2026-02-02 12:26:41,656 - Knowledge - INFO - Worker kw2 processing /home/kathan/Kathan/Kavia AI/graphnode-backend-api/data/rdk7542/9084/b7977ho/wesnoth-9084/MacOSX/intl/gettext.c
2026-02-02 12:26:41,659 - Knowledge - INFO - process ingested knowledge for /home/kathan/Kathan/Kavia AI/graphnode-backend-api/data/rdk7542/9084/b7977ho/wesnoth-9084/MacOSX/SDLMacOSXMain.m
2026-02-02 12:26:41,660 - Knowledge - INFO - Fast-tracked /home/kathan/Kathan/Kavia AI/graphnode-backend-api/data/rdk7542/9084/b7977ho/wesnoth-9084/MacOSX/freetype-headers/freetype/internal/services/svsfnt.h (small file (2130 bytes))
2026-02-02 12:26:41,661 - Knowledge - INFO - process ingested knowledge for /home/kathan/Kathan/Kavia AI/graphnode-backend-api/data/rdk7542/9084/b7977ho/wesnoth-9084/MacOSX/SDLMacOSXMain.h
2026-02-02 12:26:41,662 - Knowledge - INFO - Worker kw18 processing /home/kathan/Kathan/Kavia AI/graphnode-backend-api/data/rdk7542/9084/b7977ho/wesnoth-9084/MacOSX/freetype-headers/freetype/internal/services/svwinfnt.h
2026-02-02 12:26:41,665 - Knowledge - INFO - Worker kw11 processing /home/kathan/Kathan/Kavia AI/graphnode-backend-api/data/rdk7542/9084/b7977ho/wesnoth-9084/MacOSX/freetype-headers/freetype/ftsynth.h
2026-02-02 12:26:41,665 - Knowledge - INFO - process ingested knowledge for /home/kathan/Kathan/Kavia AI/graphnode-backend-api/data/rdk7542/9084/b7977ho/wesnoth-9084/MacOSX/config.h
2026-02-02 12:26:41,666 - Knowledge - INFO - Fast-tracked /home/kathan/Kathan/Kavia AI/graphnode-backend-api/data/rdk7542/9084/b7977ho/wesnoth-9084/MacOSX/intl/gettext.c (ext=.c, size=1896)
2026-02-02 12:26:41,666 - Knowledge - INFO - Fast-tracked /home/kathan/Kathan/Kavia AI/graphnode-backend-api/data/rdk7542/9084/b7977ho/wesnoth-9084/MacOSX/freetype-headers/freetype/internal/services/svwinfnt.h (ext=.h, size=1702)
2026-02-02 12:26:41,669 - Knowledge - INFO - process ingested knowledge for /home/kathan/Kathan/Kavia AI/graphnode-backend-api/data/rdk7542/9084/b7977ho/wesnoth-9084/MacOSX/intl/os2compat.c
2026-02-02 12:26:41,669 - Knowledge - INFO - Worker kw2 processing /home/kathan/Kathan/Kavia AI/graphnode-backend-api/data/rdk7542/9084/b7977ho/wesnoth-9084/MacOSX/intl/printf.c
2026-02-02 12:26:41,670 - Knowledge - INFO - Worker kw18 processing /home/kathan/Kathan/Kavia AI/graphnode-backend-api/data/rdk7542/9084/b7977ho/wesnoth-9084/MacOSX/freetype-headers/freetype/internal/services/svxf86nm.h
2026-02-02 12:26:41,672 - Knowledge - INFO - Worker kw10 processing /home/kathan/Kathan/Kavia AI/graphnode-backend-api/data/rdk7542/9084/b7977ho/wesnoth-9084/MacOSX/intl/log.c
2026-02-02 12:26:41,678 - Knowledge - INFO - Worker kw5 processing /home/kathan/Kathan/Kavia AI/graphnode-backend-api/data/rdk7542/9084/b7977ho/wesnoth-9084/MacOSX/intl/printf-parse.c
2026-02-02 12:26:41,681 - Knowledge - INFO - Fast-tracked /home/kathan/Kathan/Kavia AI/graphnode-backend-api/data/rdk7542/9084/b7977ho/wesnoth-9084/MacOSX/freetype-headers/freetype/internal/services/svxf86nm.h (small file (2048 bytes))
2026-02-02 12:26:41,682 - Knowledge - INFO - Worker kw18 processing /home/kathan/Kathan/Kavia AI/graphnode-backend-api/data/rdk7542/9084/b7977ho/wesnoth-9084/MacOSX/freetype-headers/freetype/internal/services/svgldict.h
2026-02-02 12:26:41,685 - Knowledge - INFO - Fast-tracked /home/kathan/Kathan/Kavia AI/graphnode-backend-api/data/rdk7542/9084/b7977ho/wesnoth-9084/MacOSX/freetype-headers/freetype/internal/services/svgldict.h (small file (2090 bytes))
2026-02-02 12:26:41,686 - Knowledge - INFO - Fast-tracked /home/kathan/Kathan/Kavia AI/graphnode-backend-api/data/rdk7542/9084/b7977ho/wesnoth-9084/MacOSX/intl/log.c (small file (2755 bytes))
2026-02-02 12:26:41,687 - Knowledge - INFO - Worker kw10 processing /home/kathan/Kathan/Kavia AI/graphnode-backend-api/data/rdk7542/9084/b7977ho/wesnoth-9084/MacOSX/intl/intl-compat.c
2026-02-02 12:26:41,694 - Knowledge - INFO - Worker kw17 processing /home/kathan/Kathan/Kavia AI/graphnode-backend-api/data/rdk7542/9084/b7977ho/wesnoth-9084/MacOSX/freetype-headers/freetype/internal/services/svpfr.h
2026-02-02 12:26:41,696 - Knowledge - INFO - Fast-tracked /home/kathan/Kathan/Kavia AI/graphnode-backend-api/data/rdk7542/9084/b7977ho/wesnoth-9084/MacOSX/freetype-headers/freetype/internal/services/svpfr.h (small file (2252 bytes))
2026-02-02 12:26:41,696 - Knowledge - INFO - Worker kw17 processing /home/kathan/Kathan/Kavia AI/graphnode-backend-api/data/rdk7542/9084/b7977ho/wesnoth-9084/MacOSX/freetype-headers/freetype/internal/services/svmm.h
2026-02-02 12:26:41,697 - Knowledge - INFO - Fast-tracked /home/kathan/Kathan/Kavia AI/graphnode-backend-api/data/rdk7542/9084/b7977ho/wesnoth-9084/MacOSX/freetype-headers/freetype/internal/services/svmm.h (small file (2579 bytes))
2026-02-02 12:26:41,697 - Knowledge - INFO - Worker kw17 processing /home/kathan/Kathan/Kavia AI/graphnode-backend-api/data/rdk7542/9084/b7977ho/wesnoth-9084/MacOSX/freetype-headers/freetype/internal/services/svpostnm.h
2026-02-02 12:26:41,698 - Knowledge - INFO - Fast-tracked /home/kathan/Kathan/Kavia AI/graphnode-backend-api/data/rdk7542/9084/b7977ho/wesnoth-9084/MacOSX/freetype-headers/freetype/internal/services/svpostnm.h (ext=.h, size=1973)
2026-02-02 12:26:41,699 - Knowledge - INFO - Worker kw17 processing /home/kathan/Kathan/Kavia AI/graphnode-backend-api/data/rdk7542/9084/b7977ho/wesnoth-9084/MacOSX/freetype-headers/freetype/internal/services/svpscmap.h
2026-02-02 12:26:41,701 - Knowledge - INFO - Worker kw12 processing /home/kathan/Kathan/Kavia AI/graphnode-backend-api/data/rdk7542/9084/b7977ho/wesnoth-9084/MacOSX/freetype-headers/freetype/cache/ftcimage.h
2026-02-02 12:26:41,706 - Knowledge - INFO - Worker kw4 processing /home/kathan/Kathan/Kavia AI/graphnode-backend-api/data/rdk7542/9084/b7977ho/wesnoth-9084/MacOSX/intl/vasnwprintf.h
2026-02-02 12:26:41,708 - Knowledge - INFO - Fast-tracked /home/kathan/Kathan/Kavia AI/graphnode-backend-api/data/rdk7542/9084/b7977ho/wesnoth-9084/MacOSX/intl/vasnwprintf.h (ext=.h, size=1730)
2026-02-02 12:26:41,712 - Knowledge - INFO - Worker kw19 processing /home/kathan/Kathan/Kavia AI/graphnode-backend-api/data/rdk7542/9084/b7977ho/wesnoth-9084/MacOSX/freetype-headers/freetype/internal/pcftypes.h
2026-02-02 12:26:41,718 - Knowledge - INFO - Worker kw9 processing /home/kathan/Kathan/Kavia AI/graphnode-backend-api/data/rdk7542/9084/b7977ho/wesnoth-9084/MacOSX/intl/hash-string.h
2026-02-02 12:26:41,724 - Knowledge - INFO - Worker kw20 processing /home/kathan/Kathan/Kavia AI/graphnode-backend-api/data/rdk7542/9084/b7977ho/wesnoth-9084/MacOSX/freetype-headers/freetype/internal/pshints.h
2026-02-02 12:26:41,728 - Knowledge - INFO - Worker kw3 processing /home/kathan/Kathan/Kavia AI/graphnode-backend-api/data/rdk7542/9084/b7977ho/wesnoth-9084/MacOSX/intl/plural-exp.h
2026-02-02 12:26:41,732 - Knowledge - INFO - Fast-tracked /home/kathan/Kathan/Kavia AI/graphnode-backend-api/data/rdk7542/9084/b7977ho/wesnoth-9084/MacOSX/freetype-headers/freetype/internal/pcftypes.h (ext=.h, size=1562)
2026-02-02 12:26:41,732 - Knowledge - INFO - Fast-tracked /home/kathan/Kathan/Kavia AI/graphnode-backend-api/data/rdk7542/9084/b7977ho/wesnoth-9084/MacOSX/intl/hash-string.h (ext=.h, size=1633)
2026-02-02 12:26:41,735 - Knowledge - INFO - Worker kw8 processing /home/kathan/Kathan/Kavia AI/graphnode-backend-api/data/rdk7542/9084/b7977ho/wesnoth-9084/MacOSX/freetype-headers/freetype/ftoutln.h
2026-02-02 12:26:41,741 - Knowledge - INFO - Worker kw6 processing /home/kathan/Kathan/Kavia AI/graphnode-backend-api/data/rdk7542/9084/b7977ho/wesnoth-9084/MacOSX/freetype-headers/freetype/ftsysio.h
2026-02-02 12:26:41,753 - Knowledge - INFO - Worker kw19 processing /home/kathan/Kathan/Kavia AI/graphnode-backend-api/data/rdk7542/9084/b7977ho/wesnoth-9084/MacOSX/freetype-headers/freetype/internal/ftgloadr.h
2026-02-02 12:26:41,753 - Knowledge - INFO - Worker kw14 processing /home/kathan/Kathan/Kavia AI/graphnode-backend-api/data/rdk7542/9084/b7977ho/wesnoth-9084/MacOSX/freetype-headers/freetype/ftincrem.h
2026-02-02 12:26:41,756 - Knowledge - INFO - Worker kw9 processing /home/kathan/Kathan/Kavia AI/graphnode-backend-api/data/rdk7542/9084/b7977ho/wesnoth-9084/MacOSX/intl/eval-plural.h
2026-02-02 12:26:41,764 - Knowledge - INFO - Worker kw13 processing /home/kathan/Kathan/Kavia AI/graphnode-backend-api/data/rdk7542/9084/b7977ho/wesnoth-9084/MacOSX/freetype-headers/freetype/ftsystem.h
2026-02-02 12:26:41,767 - Knowledge - INFO - Worker kw5 processing /home/kathan/Kathan/Kavia AI/graphnode-backend-api/data/rdk7542/9084/b7977ho/wesnoth-9084/MacOSX/intl/localcharset.h
2026-02-02 12:26:41,770 - Knowledge - INFO - Worker kw16 processing /home/kathan/Kathan/Kavia AI/graphnode-backend-api/data/rdk7542/9084/b7977ho/wesnoth-9084/MacOSX/freetype-headers/freetype/internal/ftdebug.h
2026-02-02 12:26:41,785 - Knowledge - INFO - Worker kw11 processing /home/kathan/Kathan/Kavia AI/graphnode-backend-api/data/rdk7542/9084/b7977ho/wesnoth-9084/MacOSX/freetype-headers/freetype/freetype.h
2026-02-02 12:26:41,790 - Knowledge - INFO - Fast-tracked /home/kathan/Kathan/Kavia AI/graphnode-backend-api/data/rdk7542/9084/b7977ho/wesnoth-9084/MacOSX/intl/eval-plural.h (small file (2770 bytes))
2026-02-02 12:26:41,793 - Knowledge - INFO - Fast-tracked /home/kathan/Kathan/Kavia AI/graphnode-backend-api/data/rdk7542/9084/b7977ho/wesnoth-9084/MacOSX/intl/localcharset.h (ext=.h, size=1391)
2026-02-02 12:26:41,799 - Knowledge - INFO - Worker kw7 processing /home/kathan/Kathan/Kavia AI/graphnode-backend-api/data/rdk7542/9084/b7977ho/wesnoth-9084/MacOSX/intl/relocatable.c
2026-02-02 12:26:41,817 - Knowledge - INFO - Worker kw5 processing /home/kathan/Kathan/Kavia AI/graphnode-backend-api/data/rdk7542/9084/b7977ho/wesnoth-9084/MacOSX/intl/dcngettext.c
2026-02-02 12:26:41,817 - Knowledge - INFO - Fast-tracked /home/kathan/Kathan/Kavia AI/graphnode-backend-api/data/rdk7542/9084/b7977ho/wesnoth-9084/MacOSX/freetype-headers/freetype/freetype.h (ext=.h, size=201002)
2026-02-02 12:26:41,821 - Knowledge - INFO - Worker kw17 processing /home/kathan/Kathan/Kavia AI/graphnode-backend-api/data/rdk7542/9084/b7977ho/wesnoth-9084/MacOSX/freetype-headers/freetype/internal/services/svttcmap.h
2026-02-02 12:26:41,823 - Knowledge - INFO - Worker kw11 processing /home/kathan/Kathan/Kavia AI/graphnode-backend-api/data/rdk7542/9084/b7977ho/wesnoth-9084/MacOSX/freetype-headers/freetype/ftlzw.h
2026-02-02 12:26:41,823 - Knowledge - INFO - Fast-tracked /home/kathan/Kathan/Kavia AI/graphnode-backend-api/data/rdk7542/9084/b7977ho/wesnoth-9084/MacOSX/intl/dcngettext.c (ext=.c, size=1848)
2026-02-02 12:26:41,824 - Knowledge - INFO - Worker kw15 processing /home/kathan/Kathan/Kavia AI/graphnode-backend-api/data/rdk7542/9084/b7977ho/wesnoth-9084/MacOSX/freetype-headers/freetype/ftsysmem.h
2026-02-02 12:26:41,833 - Knowledge - INFO - Worker kw10 processing /home/kathan/Kathan/Kavia AI/graphnode-backend-api/data/rdk7542/9084/b7977ho/wesnoth-9084/MacOSX/intl/plural.c
2026-02-02 12:26:41,848 - Knowledge - INFO - Worker kw20 processing /home/kathan/Kathan/Kavia AI/graphnode-backend-api/data/rdk7542/9084/b7977ho/wesnoth-9084/MacOSX/freetype-headers/freetype/internal/psaux.h
2026-02-02 12:26:41,854 - Knowledge - INFO - Worker kw6 processing /home/kathan/Kathan/Kavia AI/graphnode-backend-api/data/rdk7542/9084/b7977ho/wesnoth-9084/MacOSX/freetype-headers/freetype/ftstroke.h
2026-02-02 12:26:41,859 - Knowledge - INFO - Worker kw8 processing /home/kathan/Kathan/Kavia AI/graphnode-backend-api/data/rdk7542/9084/b7977ho/wesnoth-9084/MacOSX/freetype-headers/freetype/ftxf86.h
2026-02-02 12:26:41,864 - Knowledge - INFO - Fast-tracked /home/kathan/Kathan/Kavia AI/graphnode-backend-api/data/rdk7542/9084/b7977ho/wesnoth-9084/MacOSX/freetype-headers/freetype/ftstroke.h (small file (0 bytes))
2026-02-02 12:26:41,869 - Knowledge - INFO - Worker kw13 processing /home/kathan/Kathan/Kavia AI/graphnode-backend-api/data/rdk7542/9084/b7977ho/wesnoth-9084/MacOSX/freetype-headers/freetype/cache/ftcsbits.h
2026-02-02 12:26:41,873 - Knowledge - INFO - Worker kw12 processing /home/kathan/Kathan/Kavia AI/graphnode-backend-api/data/rdk7542/9084/b7977ho/wesnoth-9084/MacOSX/freetype-headers/freetype/cache/ftccmap.h
2026-02-02 12:26:41,877 - Knowledge - INFO - Worker kw6 processing /home/kathan/Kathan/Kavia AI/graphnode-backend-api/data/rdk7542/9084/b7977ho/wesnoth-9084/MacOSX/freetype-headers/freetype/ftcache.h
2026-02-02 12:26:41,884 - Knowledge - INFO - Fast-tracked /home/kathan/Kathan/Kavia AI/graphnode-backend-api/data/rdk7542/9084/b7977ho/wesnoth-9084/MacOSX/freetype-headers/freetype/cache/ftcsbits.h (small file (3071 bytes))
2026-02-02 12:26:41,897 - Knowledge - INFO - Worker kw10 processing /home/kathan/Kathan/Kavia AI/graphnode-backend-api/data/rdk7542/9084/b7977ho/wesnoth-9084/MacOSX/intl/relocatable.h
2026-02-02 12:26:41,911 - Knowledge - INFO - Worker kw13 processing /home/kathan/Kathan/Kavia AI/graphnode-backend-api/data/rdk7542/9084/b7977ho/wesnoth-9084/MacOSX/freetype-headers/freetype/cache/ftcmanag.h
2026-02-02 12:26:41,921 - Knowledge - INFO - Fast-tracked /home/kathan/Kathan/Kavia AI/graphnode-backend-api/data/rdk7542/9084/b7977ho/wesnoth-9084/MacOSX/intl/relocatable.h (small file (2717 bytes))
2026-02-02 12:26:41,925 - Knowledge - INFO - Worker kw14 processing /home/kathan/Kathan/Kavia AI/graphnode-backend-api/data/rdk7542/9084/b7977ho/wesnoth-9084/MacOSX/freetype-headers/freetype/ftmoderr.h
2026-02-02 12:26:41,937 - Knowledge - INFO - Worker kw16 processing /home/kathan/Kathan/Kavia AI/graphnode-backend-api/data/rdk7542/9084/b7977ho/wesnoth-9084/MacOSX/freetype-headers/freetype/internal/tttypes.h
2026-02-02 12:26:41,943 - Knowledge - INFO - Worker kw19 processing /home/kathan/Kathan/Kavia AI/graphnode-backend-api/data/rdk7542/9084/b7977ho/wesnoth-9084/MacOSX/freetype-headers/freetype/internal/autohint.h
2026-02-02 12:26:41,945 - Knowledge - INFO - Processing batch of 6 files
2026-02-02 12:26:41,946 - Knowledge - INFO - process ingested knowledge for /home/kathan/Kathan/Kavia AI/graphnode-backend-api/data/rdk7542/9084/b7977ho/wesnoth-9084/MacOSX/freetype-headers/freetype/internal/services/svbdf.h
2026-02-02 12:26:41,948 - Knowledge - INFO - Worker kw15 processing /home/kathan/Kathan/Kavia AI/graphnode-backend-api/data/rdk7542/9084/b7977ho/wesnoth-9084/MacOSX/freetype-headers/freetype/ftsnames.h
2026-02-02 12:26:41,954 - Knowledge - INFO - Split /home/kathan/Kathan/Kavia AI/graphnode-backend-api/data/rdk7542/9084/b7977ho/wesnoth-9084/MacOSX/freetype-headers/freetype/internal/tttypes.h (81594 bytes) into 3 chunks of ~32KB
2026-02-02 12:26:41,967 - Knowledge - INFO - Worker kw20 processing /home/kathan/Kathan/Kavia AI/graphnode-backend-api/data/rdk7542/9084/b7977ho/wesnoth-9084/MacOSX/freetype-headers/freetype/fttypes.h
2026-02-02 12:26:41,978 - Knowledge - INFO - Worker kw6 processing /home/kathan/Kathan/Kavia AI/graphnode-backend-api/data/rdk7542/9084/b7977ho/wesnoth-9084/MacOSX/freetype-headers/freetype/ftmodapi.h
2026-02-02 12:26:41,989 - Knowledge - INFO - Worker kw7 processing /home/kathan/Kathan/Kavia AI/graphnode-backend-api/data/rdk7542/9084/b7977ho/wesnoth-9084/MacOSX/intl/localealias.c
2026-02-02 12:26:41,996 - Knowledge - INFO - Worker kw13 processing /home/kathan/Kathan/Kavia AI/graphnode-backend-api/data/rdk7542/9084/b7977ho/wesnoth-9084/MacOSX/freetype-headers/freetype/cache/ftcmru.h
2026-02-02 12:26:42,006 - Knowledge - INFO - Worker kw8 processing /home/kathan/Kathan/Kavia AI/graphnode-backend-api/data/rdk7542/9084/b7977ho/wesnoth-9084/MacOSX/freetype-headers/freetype/fterrors.h
2026-02-02 12:26:42,014 - Knowledge - INFO - process ingested knowledge for /home/kathan/Kathan/Kavia AI/graphnode-backend-api/data/rdk7542/9084/b7977ho/wesnoth-9084/MacOSX/freetype-headers/freetype/internal/services/svpsinfo.h
2026-02-02 12:26:42,014 - Knowledge - INFO - process ingested knowledge for /home/kathan/Kathan/Kavia AI/graphnode-backend-api/data/rdk7542/9084/b7977ho/wesnoth-9084/MacOSX/freetype-headers/freetype/internal/services/svsfnt.h
2026-02-02 12:26:42,015 - Knowledge - INFO - process ingested knowledge for /home/kathan/Kathan/Kavia AI/graphnode-backend-api/data/rdk7542/9084/b7977ho/wesnoth-9084/MacOSX/freetype-headers/freetype/internal/services/svwinfnt.h
2026-02-02 12:26:42,015 - Knowledge - INFO - process ingested knowledge for /home/kathan/Kathan/Kavia AI/graphnode-backend-api/data/rdk7542/9084/b7977ho/wesnoth-9084/MacOSX/freetype-headers/freetype/internal/services/svxf86nm.h
2026-02-02 12:26:42,016 - Knowledge - INFO - process ingested knowledge for /home/kathan/Kathan/Kavia AI/graphnode-backend-api/data/rdk7542/9084/b7977ho/wesnoth-9084/MacOSX/freetype-headers/freetype/internal/services/svgldict.h
2026-02-02 12:26:42,020 - Knowledge - INFO - Worker kw12 processing /home/kathan/Kathan/Kavia AI/graphnode-backend-api/data/rdk7542/9084/b7977ho/wesnoth-9084/MacOSX/freetype-headers/freetype/tttags.h
2026-02-02 12:26:42,037 - Knowledge - INFO - Worker kw16 processing /home/kathan/Kathan/Kavia AI/graphnode-backend-api/data/rdk7542/9084/b7977ho/wesnoth-9084/MacOSX/freetype-headers/freetype/internal/ftmemory.h
2026-02-02 12:26:42,081 - Knowledge - INFO - Worker kw20 processing /home/kathan/Kathan/Kavia AI/graphnode-backend-api/data/rdk7542/9084/b7977ho/wesnoth-9084/MacOSX/freetype-headers/freetype/ftbdf.h
2026-02-02 12:26:42,095 - Knowledge - INFO - Worker kw19 processing /home/kathan/Kathan/Kavia AI/graphnode-backend-api/data/rdk7542/9084/b7977ho/wesnoth-9084/MacOSX/freetype-headers/freetype/internal/ftserv.h
2026-02-02 12:26:42,098 - Knowledge - INFO - Worker kw14 processing /home/kathan/Kathan/Kavia AI/graphnode-backend-api/data/rdk7542/9084/b7977ho/wesnoth-9084/MacOSX/freetype-headers/freetype/ftbbox.h
2026-02-02 12:26:42,105 - Knowledge - INFO - Worker kw15 processing /home/kathan/Kathan/Kavia AI/graphnode-backend-api/data/rdk7542/9084/b7977ho/wesnoth-9084/MacOSX/freetype-headers/freetype/internal/ftrfork.h
2026-02-02 12:26:42,117 - Knowledge - INFO - Worker kw12 processing /home/kathan/Kathan/Kavia AI/graphnode-backend-api/data/rdk7542/9084/b7977ho/wesnoth-9084/MacOSX/freetype-headers/freetype/tttables.h
2026-02-02 12:26:42,152 - Knowledge - INFO - Worker kw16 processing /home/kathan/Kathan/Kavia AI/graphnode-backend-api/data/rdk7542/9084/b7977ho/wesnoth-9084/MacOSX/freetype-headers/freetype/internal/ftobjs.h
2026-02-02 12:26:42,211 - Knowledge - INFO - Worker kw7 processing /home/kathan/Kathan/Kavia AI/graphnode-backend-api/data/rdk7542/9084/b7977ho/wesnoth-9084/MacOSX/intl/printf-parse.h
2026-02-02 12:26:42,222 - Knowledge - INFO - Worker kw14 processing /home/kathan/Kathan/Kavia AI/graphnode-backend-api/data/rdk7542/9084/b7977ho/wesnoth-9084/MacOSX/freetype-headers/freetype/ttnameid.h
2026-02-02 12:26:42,230 - Knowledge - INFO - Fast-tracked /home/kathan/Kathan/Kavia AI/graphnode-backend-api/data/rdk7542/9084/b7977ho/wesnoth-9084/MacOSX/intl/printf-parse.h (small file (2183 bytes))
2026-02-02 12:26:42,233 - Knowledge - INFO - Worker kw8 processing /home/kathan/Kathan/Kavia AI/graphnode-backend-api/data/rdk7542/9084/b7977ho/wesnoth-9084/MacOSX/freetype-headers/freetype/ttunpat.h
2026-02-02 12:26:42,239 - Knowledge - INFO - [WEBSOCKET] Sent: Type=progress_update, Size: 289, Duration: 0ms
2026-02-02 12:26:42,268 - Knowledge - INFO - Worker kw20 processing /home/kathan/Kathan/Kavia AI/graphnode-backend-api/data/rdk7542/9084/b7977ho/wesnoth-9084/MacOSX/freetype-headers/freetype/config/ftconfig.h
2026-02-02 12:26:42,270 - Knowledge - INFO - Fast-tracked /home/kathan/Kathan/Kavia AI/graphnode-backend-api/data/rdk7542/9084/b7977ho/wesnoth-9084/MacOSX/freetype-headers/freetype/ttunpat.h (small file (2228 bytes))
2026-02-02 12:26:42,287 - Knowledge - INFO - Worker kw15 processing /home/kathan/Kathan/Kavia AI/graphnode-backend-api/data/rdk7542/9084/b7977ho/wesnoth-9084/MacOSX/freetype-headers/freetype/internal/fttrace.h
2026-02-02 12:26:42,290 - Knowledge - INFO - [WEBSOCKET] Sent: Type=unknown, Size: ?, Duration: 51ms
2026-02-02 12:26:42,331 - Knowledge - INFO - Progress: 2.5% | Files: 12/474 | Rate: 4.51 files/sec | Queue: 354
2026-02-02 12:26:42,333 - Knowledge - INFO - Worker kw14 processing /home/kathan/Kathan/Kavia AI/graphnode-backend-api/data/rdk7542/9084/b7977ho/wesnoth-9084/MacOSX/freetype-headers/freetype/ftglyph.h
2026-02-02 12:26:42,619 - Knowledge - INFO - [kw1] Queue=354, InProgress=0, PendingWorkers=20/20, Completed=12/474 (2.5%)
2026-02-02 12:26:42,630 - Knowledge - INFO - Batch sizing: calculated=6, max_allowed=10, queue=354, active_workers=20/20
2026-02-02 12:26:42,630 - Knowledge - INFO - Async storing batch of 6 embeddings
2026-02-02 12:26:42,640 - Knowledge - INFO - Worker kw1 processing /home/kathan/Kathan/Kavia AI/graphnode-backend-api/data/rdk7542/9084/b7977ho/wesnoth-9084/MacOSX/freetype-headers/freetype/config/ftmodule.h
2026-02-02 12:26:42,646 - Knowledge - INFO - Fast-tracked /home/kathan/Kathan/Kavia AI/graphnode-backend-api/data/rdk7542/9084/b7977ho/wesnoth-9084/MacOSX/freetype-headers/freetype/config/ftmodule.h (ext=.h, size=639)
2026-02-02 12:26:42,652 - Knowledge - INFO - Worker kw1 processing /home/kathan/Kathan/Kavia AI/graphnode-backend-api/data/rdk7542/9084/b7977ho/wesnoth-9084/MacOSX/freetype-headers/freetype/config/ftheader.h
2026-02-02 12:26:42,729 - Knowledge - INFO - Worker kw1 processing /home/kathan/Kathan/Kavia AI/graphnode-backend-api/data/rdk7542/9084/b7977ho/wesnoth-9084/MacOSX/freetype-headers/freetype/config/ftoption.h
2026-02-02 12:26:42,759 - Knowledge - INFO - Worker kw1 processing /home/kathan/Kathan/Kavia AI/graphnode-backend-api/data/rdk7542/9084/b7977ho/wesnoth-9084/MacOSX/freetype-headers/freetype/config/ftstdlib.h
2026-02-02 12:26:42,800 - Knowledge - INFO - Worker kw1 processing /home/kathan/Kathan/Kavia AI/graphnode-backend-api/data/rdk7542/9084/b7977ho/wesnoth-9084/MacOSX/freetype-headers/freetype/ftmm.h
2026-02-02 12:26:42,820 - Knowledge - INFO - Worker kw1 processing /home/kathan/Kathan/Kavia AI/graphnode-backend-api/data/rdk7542/9084/b7977ho/wesnoth-9084/MacOSX/freetype-headers/freetype/ftlist.h
2026-02-02 12:26:42,844 - Knowledge - INFO - Async storage completed for 6 embeddings
2026-02-02 12:26:43,027 - Knowledge - INFO - [kw18] Queue=348, InProgress=0, PendingWorkers=20/20, Completed=12/474 (2.5%)
2026-02-02 12:26:43,027 - Knowledge - INFO - Batch sizing: calculated=6, max_allowed=10, queue=348, active_workers=20/20
2026-02-02 12:26:43,029 - Knowledge - INFO - Async storing batch of 6 embeddings
2026-02-02 12:26:43,031 - Knowledge - INFO - Worker kw18 processing /home/kathan/Kathan/Kavia AI/graphnode-backend-api/data/rdk7542/9084/b7977ho/wesnoth-9084/MacOSX/freetype-headers/ft2build.h
2026-02-02 12:26:43,044 - Knowledge - INFO - Fast-tracked /home/kathan/Kathan/Kavia AI/graphnode-backend-api/data/rdk7542/9084/b7977ho/wesnoth-9084/MacOSX/freetype-headers/ft2build.h (small file (2185 bytes))
2026-02-02 12:26:43,045 - Knowledge - INFO - Worker kw18 processing /home/kathan/Kathan/Kavia AI/graphnode-backend-api/data/rdk7542/9084/b7977ho/wesnoth-9084/MacOSX/Wesnoth Scenario Editor/HexUtils.m
2026-02-02 12:26:43,047 - Knowledge - INFO - Fast-tracked /home/kathan/Kathan/Kavia AI/graphnode-backend-api/data/rdk7542/9084/b7977ho/wesnoth-9084/MacOSX/Wesnoth Scenario Editor/HexUtils.m (small file (2907 bytes))
2026-02-02 12:26:43,047 - Knowledge - INFO - Worker kw18 processing /home/kathan/Kathan/Kavia AI/graphnode-backend-api/data/rdk7542/9084/b7977ho/wesnoth-9084/MacOSX/Wesnoth Scenario Editor/WMLTerrain.m
2026-02-02 12:26:43,047 - Knowledge - INFO - Fast-tracked /home/kathan/Kathan/Kavia AI/graphnode-backend-api/data/rdk7542/9084/b7977ho/wesnoth-9084/MacOSX/Wesnoth Scenario Editor/WMLTerrain.m (ext=.m, size=1422)
2026-02-02 12:26:43,048 - Knowledge - INFO - Worker kw18 processing /home/kathan/Kathan/Kavia AI/graphnode-backend-api/data/rdk7542/9084/b7977ho/wesnoth-9084/MacOSX/Wesnoth Scenario Editor/WNPreferences.h
2026-02-02 12:26:43,048 - Knowledge - INFO - Fast-tracked /home/kathan/Kathan/Kavia AI/graphnode-backend-api/data/rdk7542/9084/b7977ho/wesnoth-9084/MacOSX/Wesnoth Scenario Editor/WNPreferences.h (ext=.h, size=1066)
2026-02-02 12:26:43,048 - Knowledge - INFO - Worker kw18 processing /home/kathan/Kathan/Kavia AI/graphnode-backend-api/data/rdk7542/9084/b7977ho/wesnoth-9084/MacOSX/Wesnoth Scenario Editor/WNCampaignIconView.m
2026-02-02 12:26:43,048 - Knowledge - INFO - Fast-tracked /home/kathan/Kathan/Kavia AI/graphnode-backend-api/data/rdk7542/9084/b7977ho/wesnoth-9084/MacOSX/Wesnoth Scenario Editor/WNCampaignIconView.m (ext=.m, size=1907)
2026-02-02 12:26:43,048 - Knowledge - INFO - Worker kw18 processing /home/kathan/Kathan/Kavia AI/graphnode-backend-api/data/rdk7542/9084/b7977ho/wesnoth-9084/MacOSX/Wesnoth Scenario Editor/WNTeamList.m
2026-02-02 12:26:43,049 - Knowledge - INFO - Fast-tracked /home/kathan/Kathan/Kavia AI/graphnode-backend-api/data/rdk7542/9084/b7977ho/wesnoth-9084/MacOSX/Wesnoth Scenario Editor/WNTeamList.m (ext=.m, size=1124)
2026-02-02 12:26:43,049 - Knowledge - INFO - Async storage completed for 6 embeddings
2026-02-02 12:26:43,061 - Knowledge - INFO - Processing batch of 6 files
2026-02-02 12:26:43,062 - Knowledge - INFO - process ingested knowledge for /home/kathan/Kathan/Kavia AI/graphnode-backend-api/data/rdk7542/9084/b7977ho/wesnoth-9084/MacOSX/freetype-headers/ft2build.h
2026-02-02 12:26:43,063 - Knowledge - INFO - process ingested knowledge for /home/kathan/Kathan/Kavia AI/graphnode-backend-api/data/rdk7542/9084/b7977ho/wesnoth-9084/MacOSX/Wesnoth Scenario Editor/HexUtils.m
2026-02-02 12:26:43,063 - Knowledge - INFO - process ingested knowledge for /home/kathan/Kathan/Kavia AI/graphnode-backend-api/data/rdk7542/9084/b7977ho/wesnoth-9084/MacOSX/Wesnoth Scenario Editor/WMLTerrain.m
2026-02-02 12:26:43,064 - Knowledge - INFO - process ingested knowledge for /home/kathan/Kathan/Kavia AI/graphnode-backend-api/data/rdk7542/9084/b7977ho/wesnoth-9084/MacOSX/Wesnoth Scenario Editor/WNPreferences.h
2026-02-02 12:26:43,064 - Knowledge - INFO - process ingested knowledge for /home/kathan/Kathan/Kavia AI/graphnode-backend-api/data/rdk7542/9084/b7977ho/wesnoth-9084/MacOSX/Wesnoth Scenario Editor/WNCampaignIconView.m
2026-02-02 12:26:43,065 - Knowledge - INFO - process ingested knowledge for /home/kathan/Kathan/Kavia AI/graphnode-backend-api/data/rdk7542/9084/b7977ho/wesnoth-9084/MacOSX/Wesnoth Scenario Editor/WNTeamList.m
2026-02-02 12:26:43,459 - Knowledge - INFO - [kw18] Queue=342, InProgress=0, PendingWorkers=20/20, Completed=18/474 (3.8%)
2026-02-02 12:26:43,460 - Knowledge - INFO - Batch sizing: calculated=6, max_allowed=10, queue=342, active_workers=20/20
2026-02-02 12:26:43,460 - Knowledge - INFO - Async storing batch of 6 embeddings
2026-02-02 12:26:43,460 - Knowledge - INFO - Worker kw18 processing /home/kathan/Kathan/Kavia AI/graphnode-backend-api/data/rdk7542/9084/b7977ho/wesnoth-9084/MacOSX/Wesnoth Scenario Editor/WMLHelp.txt
2026-02-02 12:26:43,461 - Knowledge - INFO - Fast-tracked /home/kathan/Kathan/Kavia AI/graphnode-backend-api/data/rdk7542/9084/b7977ho/wesnoth-9084/MacOSX/Wesnoth Scenario Editor/WMLHelp.txt (ext=.txt, size=574)
2026-02-02 12:26:43,461 - Knowledge - INFO - Worker kw18 processing /home/kathan/Kathan/Kavia AI/graphnode-backend-api/data/rdk7542/9084/b7977ho/wesnoth-9084/MacOSX/Wesnoth Scenario Editor/WNCampaign.h
2026-02-02 12:26:43,464 - Knowledge - INFO - Worker kw18 processing /home/kathan/Kathan/Kavia AI/graphnode-backend-api/data/rdk7542/9084/b7977ho/wesnoth-9084/MacOSX/Wesnoth Scenario Editor/WMLSideDetail.m
2026-02-02 12:26:43,470 - Knowledge - INFO - Worker kw18 processing /home/kathan/Kathan/Kavia AI/graphnode-backend-api/data/rdk7542/9084/b7977ho/wesnoth-9084/MacOSX/Wesnoth Scenario Editor/WNCustomDialogView.h
2026-02-02 12:26:43,472 - Knowledge - INFO - Fast-tracked /home/kathan/Kathan/Kavia AI/graphnode-backend-api/data/rdk7542/9084/b7977ho/wesnoth-9084/MacOSX/Wesnoth Scenario Editor/WNCustomDialogView.h (ext=.h, size=245)
2026-02-02 12:26:43,472 - Knowledge - INFO - Worker kw18 processing /home/kathan/Kathan/Kavia AI/graphnode-backend-api/data/rdk7542/9084/b7977ho/wesnoth-9084/MacOSX/Wesnoth Scenario Editor/WNCampaignIconView.h
2026-02-02 12:26:43,473 - Knowledge - INFO - Fast-tracked /home/kathan/Kathan/Kavia AI/graphnode-backend-api/data/rdk7542/9084/b7977ho/wesnoth-9084/MacOSX/Wesnoth Scenario Editor/WNCampaignIconView.h (ext=.h, size=245)
2026-02-02 12:26:43,473 - Knowledge - INFO - Worker kw18 processing /home/kathan/Kathan/Kavia AI/graphnode-backend-api/data/rdk7542/9084/b7977ho/wesnoth-9084/MacOSX/Wesnoth Scenario Editor/WNTerrains.h
2026-02-02 12:26:43,473 - Knowledge - INFO - Fast-tracked /home/kathan/Kathan/Kavia AI/graphnode-backend-api/data/rdk7542/9084/b7977ho/wesnoth-9084/MacOSX/Wesnoth Scenario Editor/WNTerrains.h (ext=.h, size=516)
2026-02-02 12:26:43,474 - Knowledge - INFO - Async storage completed for 6 embeddings
2026-02-02 12:26:46,361 - Knowledge - INFO - [LLM_CALL] Completed: libgnuintl.h:chunk1, Duration: 4741ms, PromptTokens: 7386, CompletionTokens: 59, Cost: $0.00076
2026-02-02 12:26:46,362 - Knowledge - INFO - done ingest for /home/kathan/Kathan/Kavia AI/graphnode-backend-api/data/rdk7542/9084/b7977ho/wesnoth-9084/MacOSX/intl/libgnuintl.h
2026-02-02 12:26:46,704 - Knowledge - INFO - [LLM_CALL] Completed: ftchapters.h:chunk1, Duration: 5131ms, PromptTokens: 1472, CompletionTokens: 59, Cost: $0.00017
2026-02-02 12:26:46,734 - Knowledge - INFO - done ingest for /home/kathan/Kathan/Kavia AI/graphnode-backend-api/data/rdk7542/9084/b7977ho/wesnoth-9084/MacOSX/freetype-headers/freetype/ftchapters.h
2026-02-02 12:26:54,350 - Knowledge - INFO - [LLM_CALL] Completed: ftlzw.h:chunk1, Duration: 12480ms, PromptTokens: 2260, CompletionTokens: 231, Cost: $0.00032
2026-02-02 12:26:54,351 - Knowledge - INFO - done ingest for /home/kathan/Kathan/Kavia AI/graphnode-backend-api/data/rdk7542/9084/b7977ho/wesnoth-9084/MacOSX/freetype-headers/freetype/ftlzw.h
2026-02-02 12:26:55,516 - Knowledge - INFO - [LLM_CALL] Completed: fttrace.h:chunk1, Duration: 12924ms, PromptTokens: 2852, CompletionTokens: 136, Cost: $0.00034
2026-02-02 12:26:55,516 - Knowledge - INFO - done ingest for /home/kathan/Kathan/Kavia AI/graphnode-backend-api/data/rdk7542/9084/b7977ho/wesnoth-9084/MacOSX/freetype-headers/freetype/internal/fttrace.h
2026-02-02 12:26:56,579 - Knowledge - INFO - [LLM_CALL] Completed: explodename.c:chunk1, Duration: 15025ms, PromptTokens: 3650, CompletionTokens: 248, Cost: $0.00046
2026-02-02 12:26:56,580 - Knowledge - INFO - done ingest for /home/kathan/Kathan/Kavia AI/graphnode-backend-api/data/rdk7542/9084/b7977ho/wesnoth-9084/MacOSX/intl/explodename.c
2026-02-02 12:26:57,442 - Knowledge - INFO - [LLM_CALL] Completed: xsize.h:chunk1, Duration: 15870ms, PromptTokens: 2736, CompletionTokens: 328, Cost: $0.00040
2026-02-02 12:26:57,442 - Knowledge - INFO - done ingest for /home/kathan/Kathan/Kavia AI/graphnode-backend-api/data/rdk7542/9084/b7977ho/wesnoth-9084/MacOSX/intl/xsize.h
2026-02-02 12:26:57,909 - Knowledge - INFO - [LLM_CALL] Completed: gmo.h:chunk1, Duration: 16257ms, PromptTokens: 3318, CompletionTokens: 178, Cost: $0.00040
2026-02-02 12:26:57,943 - Knowledge - INFO - done ingest for /home/kathan/Kathan/Kavia AI/graphnode-backend-api/data/rdk7542/9084/b7977ho/wesnoth-9084/MacOSX/intl/gmo.h
2026-02-02 12:27:00,698 - Knowledge - INFO - [LLM_CALL] Completed: ftbbox.h:chunk1, Duration: 18568ms, PromptTokens: 2022, CompletionTokens: 225, Cost: $0.00029
2026-02-02 12:27:00,819 - Knowledge - INFO - done ingest for /home/kathan/Kathan/Kavia AI/graphnode-backend-api/data/rdk7542/9084/b7977ho/wesnoth-9084/MacOSX/freetype-headers/freetype/ftbbox.h
2026-02-02 12:27:01,789 - Knowledge - INFO - [LLM_CALL] Completed: plural-exp.c:chunk1, Duration: 20226ms, PromptTokens: 3076, CompletionTokens: 258, Cost: $0.00041
2026-02-02 12:27:01,789 - Knowledge - INFO - done ingest for /home/kathan/Kathan/Kavia AI/graphnode-backend-api/data/rdk7542/9084/b7977ho/wesnoth-9084/MacOSX/intl/plural-exp.c
2026-02-02 12:27:02,355 - Knowledge - INFO - Processing batch of 6 files
2026-02-02 12:27:02,399 - Knowledge - INFO - process ingested knowledge for /home/kathan/Kathan/Kavia AI/graphnode-backend-api/data/rdk7542/9084/b7977ho/wesnoth-9084/MacOSX/intl/vasnprintf.h
2026-02-02 12:27:02,512 - Knowledge - INFO - process ingested knowledge for /home/kathan/Kathan/Kavia AI/graphnode-backend-api/data/rdk7542/9084/b7977ho/wesnoth-9084/MacOSX/intl/dgettext.c
2026-02-02 12:27:02,590 - Knowledge - INFO - process ingested knowledge for /home/kathan/Kathan/Kavia AI/graphnode-backend-api/data/rdk7542/9084/b7977ho/wesnoth-9084/MacOSX/intl/xsize.h
2026-02-02 12:27:02,755 - Knowledge - INFO - process ingested knowledge for /home/kathan/Kathan/Kavia AI/graphnode-backend-api/data/rdk7542/9084/b7977ho/wesnoth-9084/MacOSX/intl/osdep.c
2026-02-02 12:27:02,866 - Knowledge - INFO - process ingested knowledge for /home/kathan/Kathan/Kavia AI/graphnode-backend-api/data/rdk7542/9084/b7977ho/wesnoth-9084/MacOSX/intl/gmo.h
2026-02-02 12:27:02,866 - Knowledge - INFO - process ingested knowledge for /home/kathan/Kathan/Kavia AI/graphnode-backend-api/data/rdk7542/9084/b7977ho/wesnoth-9084/MacOSX/intl/vasnwprintf.h
2026-02-02 12:27:10,091 - Knowledge - INFO - [LLM_CALL] Completed: dcigettext.c:chunk1, Duration: 28435ms, PromptTokens: 19324, CompletionTokens: 659, Cost: $0.00220
2026-02-02 12:27:10,092 - Knowledge - INFO - done ingest for /home/kathan/Kathan/Kavia AI/graphnode-backend-api/data/rdk7542/9084/b7977ho/wesnoth-9084/MacOSX/intl/dcigettext.c
2026-02-02 12:27:10,609 - Knowledge - INFO - [LLM_CALL] Completed: ftsystem.h:chunk1, Duration: 28795ms, PromptTokens: 5232, CompletionTokens: 216, Cost: $0.00061
2026-02-02 12:27:10,698 - Knowledge - INFO - done ingest for /home/kathan/Kathan/Kavia AI/graphnode-backend-api/data/rdk7542/9084/b7977ho/wesnoth-9084/MacOSX/freetype-headers/freetype/ftsystem.h
2026-02-02 12:27:10,966 - Knowledge - INFO - [LLM_CALL] Completed: ftgzip.h:chunk1, Duration: 29313ms, PromptTokens: 2256, CompletionTokens: 223, Cost: $0.00031
2026-02-02 12:27:10,966 - Knowledge - INFO - done ingest for /home/kathan/Kathan/Kavia AI/graphnode-backend-api/data/rdk7542/9084/b7977ho/wesnoth-9084/MacOSX/freetype-headers/freetype/ftgzip.h
2026-02-02 12:27:11,175 - Knowledge - INFO - [LLM_CALL] Completed: textdomain.c:chunk1, Duration: 29614ms, PromptTokens: 3056, CompletionTokens: 250, Cost: $0.00041
2026-02-02 12:27:11,190 - Knowledge - INFO - done ingest for /home/kathan/Kathan/Kavia AI/graphnode-backend-api/data/rdk7542/9084/b7977ho/wesnoth-9084/MacOSX/intl/textdomain.c
2026-02-02 12:27:11,323 - Knowledge - INFO - [LLM_CALL] Completed: localename.c:chunk1, Duration: 29640ms, PromptTokens: 23054, CompletionTokens: 251, Cost: $0.00241
2026-02-02 12:27:11,329 - Knowledge - INFO - done ingest for /home/kathan/Kathan/Kavia AI/graphnode-backend-api/data/rdk7542/9084/b7977ho/wesnoth-9084/MacOSX/intl/localename.c
2026-02-02 12:27:12,056 - Knowledge - INFO - [WEBSOCKET] Sent: Type=progress_update, Size: 289, Duration: 0ms
2026-02-02 12:27:12,116 - Knowledge - INFO - [WEBSOCKET] Sent: Type=unknown, Size: ?, Duration: 60ms
2026-02-02 12:27:12,390 - Knowledge - INFO - Progress: 5.3% | Files: 25/474 | Rate: 0.77 files/sec | Queue: 336
2026-02-02 12:27:12,390 - Knowledge - INFO - [kw4] Queue=336, InProgress=0, PendingWorkers=20/20, Completed=25/474 (5.3%)
2026-02-02 12:27:12,391 - Knowledge - INFO - Batch sizing: calculated=6, max_allowed=10, queue=336, active_workers=20/20
2026-02-02 12:27:12,441 - Knowledge - INFO - Async storing batch of 6 embeddings
2026-02-02 12:27:12,441 - Knowledge - INFO - Worker kw4 processing /home/kathan/Kathan/Kavia AI/graphnode-backend-api/data/rdk7542/9084/b7977ho/wesnoth-9084/MacOSX/Wesnoth Scenario Editor/WNTerrainMapView.h
2026-02-02 12:27:12,441 - Knowledge - INFO - Fast-tracked /home/kathan/Kathan/Kavia AI/graphnode-backend-api/data/rdk7542/9084/b7977ho/wesnoth-9084/MacOSX/Wesnoth Scenario Editor/WNTerrainMapView.h (ext=.h, size=131)
2026-02-02 12:27:12,441 - Knowledge - INFO - Worker kw4 processing /home/kathan/Kathan/Kavia AI/graphnode-backend-api/data/rdk7542/9084/b7977ho/wesnoth-9084/MacOSX/Wesnoth Scenario Editor/WNEventMapView.h
2026-02-02 12:27:12,442 - Knowledge - INFO - Fast-tracked /home/kathan/Kathan/Kavia AI/graphnode-backend-api/data/rdk7542/9084/b7977ho/wesnoth-9084/MacOSX/Wesnoth Scenario Editor/WNEventMapView.h (ext=.h, size=305)
2026-02-02 12:27:12,442 - Knowledge - INFO - Worker kw4 processing /home/kathan/Kathan/Kavia AI/graphnode-backend-api/data/rdk7542/9084/b7977ho/wesnoth-9084/MacOSX/Wesnoth Scenario Editor/WNEventEditor.h
2026-02-02 12:27:12,442 - Knowledge - INFO - Fast-tracked /home/kathan/Kathan/Kavia AI/graphnode-backend-api/data/rdk7542/9084/b7977ho/wesnoth-9084/MacOSX/Wesnoth Scenario Editor/WNEventEditor.h (ext=.h, size=1066)
2026-02-02 12:27:12,442 - Knowledge - INFO - Worker kw4 processing /home/kathan/Kathan/Kavia AI/graphnode-backend-api/data/rdk7542/9084/b7977ho/wesnoth-9084/MacOSX/Wesnoth Scenario Editor/WNScenarioDesignDelegate.h
2026-02-02 12:27:12,442 - Knowledge - INFO - Fast-tracked /home/kathan/Kathan/Kavia AI/graphnode-backend-api/data/rdk7542/9084/b7977ho/wesnoth-9084/MacOSX/Wesnoth Scenario Editor/WNScenarioDesignDelegate.h (ext=.h, size=199)
2026-02-02 12:27:12,443 - Knowledge - INFO - Worker kw4 processing /home/kathan/Kathan/Kavia AI/graphnode-backend-api/data/rdk7542/9084/b7977ho/wesnoth-9084/MacOSX/Wesnoth Scenario Editor/WNMainTabViewDelegate.h
2026-02-02 12:27:12,443 - Knowledge - INFO - Fast-tracked /home/kathan/Kathan/Kavia AI/graphnode-backend-api/data/rdk7542/9084/b7977ho/wesnoth-9084/MacOSX/Wesnoth Scenario Editor/WNMainTabViewDelegate.h (ext=.h, size=196)
2026-02-02 12:27:12,443 - Knowledge - INFO - Worker kw4 processing /home/kathan/Kathan/Kavia AI/graphnode-backend-api/data/rdk7542/9084/b7977ho/wesnoth-9084/MacOSX/Wesnoth Scenario Editor/WNMainTabViewDelegate.m
2026-02-02 12:27:12,443 - Knowledge - INFO - Fast-tracked /home/kathan/Kathan/Kavia AI/graphnode-backend-api/data/rdk7542/9084/b7977ho/wesnoth-9084/MacOSX/Wesnoth Scenario Editor/WNMainTabViewDelegate.m (ext=.m, size=513)
2026-02-02 12:27:12,489 - Knowledge - INFO - Async storage completed for 6 embeddings
2026-02-02 12:27:12,915 - Knowledge - INFO - [LLM_CALL] Completed: ftdriver.h:chunk1, Duration: 31235ms, PromptTokens: 4110, CompletionTokens: 294, Cost: $0.00053
2026-02-02 12:27:12,956 - Knowledge - INFO - done ingest for /home/kathan/Kathan/Kavia AI/graphnode-backend-api/data/rdk7542/9084/b7977ho/wesnoth-9084/MacOSX/freetype-headers/freetype/internal/ftdriver.h
2026-02-02 12:27:14,201 - Knowledge - INFO - [LLM_CALL] Completed: ftsizes.h:chunk1, Duration: 32580ms, PromptTokens: 3384, CompletionTokens: 324, Cost: $0.00047
2026-02-02 12:27:14,287 - Knowledge - INFO - done ingest for /home/kathan/Kathan/Kavia AI/graphnode-backend-api/data/rdk7542/9084/b7977ho/wesnoth-9084/MacOSX/freetype-headers/freetype/ftsizes.h
2026-02-02 12:27:15,089 - Knowledge - INFO - [LLM_CALL] Completed: printf-args.c:chunk1, Duration: 33497ms, PromptTokens: 2580, CompletionTokens: 207, Cost: $0.00034
2026-02-02 12:27:15,137 - Knowledge - INFO - done ingest for /home/kathan/Kathan/Kavia AI/graphnode-backend-api/data/rdk7542/9084/b7977ho/wesnoth-9084/MacOSX/intl/printf-args.c
2026-02-02 12:27:15,582 - Knowledge - INFO - Processing batch of 6 files
2026-02-02 12:27:15,587 - Knowledge - INFO - process ingested knowledge for /home/kathan/Kathan/Kavia AI/graphnode-backend-api/data/rdk7542/9084/b7977ho/wesnoth-9084/MacOSX/Wesnoth Scenario Editor/WNTerrainMapView.h
2026-02-02 12:27:15,653 - Knowledge - INFO - process ingested knowledge for /home/kathan/Kathan/Kavia AI/graphnode-backend-api/data/rdk7542/9084/b7977ho/wesnoth-9084/MacOSX/Wesnoth Scenario Editor/WNEventMapView.h
2026-02-02 12:27:15,654 - Knowledge - INFO - process ingested knowledge for /home/kathan/Kathan/Kavia AI/graphnode-backend-api/data/rdk7542/9084/b7977ho/wesnoth-9084/MacOSX/Wesnoth Scenario Editor/WNEventEditor.h
2026-02-02 12:27:15,654 - Knowledge - INFO - process ingested knowledge for /home/kathan/Kathan/Kavia AI/graphnode-backend-api/data/rdk7542/9084/b7977ho/wesnoth-9084/MacOSX/Wesnoth Scenario Editor/WNScenarioDesignDelegate.h
2026-02-02 12:27:15,654 - Knowledge - INFO - process ingested knowledge for /home/kathan/Kathan/Kavia AI/graphnode-backend-api/data/rdk7542/9084/b7977ho/wesnoth-9084/MacOSX/Wesnoth Scenario Editor/WNMainTabViewDelegate.h
2026-02-02 12:27:15,655 - Knowledge - INFO - process ingested knowledge for /home/kathan/Kathan/Kavia AI/graphnode-backend-api/data/rdk7542/9084/b7977ho/wesnoth-9084/MacOSX/Wesnoth Scenario Editor/WNMainTabViewDelegate.m
2026-02-02 12:27:16,015 - Knowledge - INFO - Processing batch of 6 files
2026-02-02 12:27:16,054 - Knowledge - INFO - [LLM_CALL] Completed: ftsynth.h:chunk1, Duration: 34323ms, PromptTokens: 1744, CompletionTokens: 279, Cost: $0.00029
2026-02-02 12:27:16,066 - Knowledge - INFO - process ingested knowledge for /home/kathan/Kathan/Kavia AI/graphnode-backend-api/data/rdk7542/9084/b7977ho/wesnoth-9084/MacOSX/intl/explodename.c
2026-02-02 12:27:16,080 - Knowledge - INFO - done ingest for /home/kathan/Kathan/Kavia AI/graphnode-backend-api/data/rdk7542/9084/b7977ho/wesnoth-9084/MacOSX/freetype-headers/freetype/ftsynth.h
2026-02-02 12:27:17,292 - Knowledge - INFO - process ingested knowledge for /home/kathan/Kathan/Kavia AI/graphnode-backend-api/data/rdk7542/9084/b7977ho/wesnoth-9084/MacOSX/intl/ngettext.c
2026-02-02 12:27:17,496 - Knowledge - INFO - process ingested knowledge for /home/kathan/Kathan/Kavia AI/graphnode-backend-api/data/rdk7542/9084/b7977ho/wesnoth-9084/MacOSX/intl/dcgettext.c
2026-02-02 12:27:17,496 - Knowledge - INFO - process ingested knowledge for /home/kathan/Kathan/Kavia AI/graphnode-backend-api/data/rdk7542/9084/b7977ho/wesnoth-9084/MacOSX/intl/dcigettext.c
2026-02-02 12:27:17,496 - Knowledge - INFO - process ingested knowledge for /home/kathan/Kathan/Kavia AI/graphnode-backend-api/data/rdk7542/9084/b7977ho/wesnoth-9084/MacOSX/intl/hash-string.h
2026-02-02 12:27:17,497 - Knowledge - INFO - process ingested knowledge for /home/kathan/Kathan/Kavia AI/graphnode-backend-api/data/rdk7542/9084/b7977ho/wesnoth-9084/MacOSX/intl/eval-plural.h
2026-02-02 12:27:17,513 - Knowledge - INFO - [LLM_CALL] Completed: t1types.h:chunk1, Duration: 35873ms, PromptTokens: 3320, CompletionTokens: 316, Cost: $0.00046
2026-02-02 12:27:17,513 - Knowledge - INFO - done ingest for /home/kathan/Kathan/Kavia AI/graphnode-backend-api/data/rdk7542/9084/b7977ho/wesnoth-9084/MacOSX/freetype-headers/freetype/internal/t1types.h
2026-02-02 12:27:17,803 - Knowledge - INFO - [LLM_CALL] Completed: svttcmap.h:chunk1, Duration: 35862ms, PromptTokens: 1838, CompletionTokens: 241, Cost: $0.00028
2026-02-02 12:27:17,803 - Knowledge - INFO - done ingest for /home/kathan/Kathan/Kavia AI/graphnode-backend-api/data/rdk7542/9084/b7977ho/wesnoth-9084/MacOSX/freetype-headers/freetype/internal/services/svttcmap.h
2026-02-02 12:27:17,896 - Knowledge - INFO - [LLM_CALL] Completed: finddomain.c:chunk1, Duration: 36160ms, PromptTokens: 3840, CompletionTokens: 271, Cost: $0.00049
2026-02-02 12:27:17,896 - Knowledge - INFO - done ingest for /home/kathan/Kathan/Kavia AI/graphnode-backend-api/data/rdk7542/9084/b7977ho/wesnoth-9084/MacOSX/intl/finddomain.c
2026-02-02 12:27:19,426 - Knowledge - INFO - [LLM_CALL] Completed: t1tables.h:chunk1, Duration: 37862ms, PromptTokens: 6462, CompletionTokens: 296, Cost: $0.00076
2026-02-02 12:27:19,477 - Knowledge - INFO - done ingest for /home/kathan/Kathan/Kavia AI/graphnode-backend-api/data/rdk7542/9084/b7977ho/wesnoth-9084/MacOSX/freetype-headers/freetype/t1tables.h
2026-02-02 12:27:19,621 - Knowledge - INFO - [LLM_CALL] Completed: printf-parse.c:chunk1, Duration: 37889ms, PromptTokens: 8162, CompletionTokens: 252, Cost: $0.00092
2026-02-02 12:27:19,746 - Knowledge - INFO - done ingest for /home/kathan/Kathan/Kavia AI/graphnode-backend-api/data/rdk7542/9084/b7977ho/wesnoth-9084/MacOSX/intl/printf-parse.c
2026-02-02 12:27:19,898 - Knowledge - INFO - [LLM_CALL] Completed: ftsnames.h:chunk1, Duration: 37909ms, PromptTokens: 3554, CompletionTokens: 318, Cost: $0.00048
2026-02-02 12:27:19,973 - Knowledge - INFO - done ingest for /home/kathan/Kathan/Kavia AI/graphnode-backend-api/data/rdk7542/9084/b7977ho/wesnoth-9084/MacOSX/freetype-headers/freetype/ftsnames.h
2026-02-02 12:27:19,993 - Knowledge - INFO - [LLM_CALL] Completed: ftimage.h:chunk1, Duration: 38308ms, PromptTokens: 10858, CompletionTokens: 363, Cost: $0.00123
2026-02-02 12:27:20,341 - Knowledge - INFO - [LLM_CALL] Completed: autohint.h:chunk1, Duration: 38320ms, PromptTokens: 4360, CompletionTokens: 397, Cost: $0.00059
2026-02-02 12:27:20,341 - Knowledge - INFO - done ingest for /home/kathan/Kathan/Kavia AI/graphnode-backend-api/data/rdk7542/9084/b7977ho/wesnoth-9084/MacOSX/freetype-headers/freetype/internal/autohint.h
2026-02-02 12:27:20,681 - Knowledge - INFO - [LLM_CALL] Completed: localealias.c:chunk1, Duration: 38670ms, PromptTokens: 6528, CompletionTokens: 413, Cost: $0.00082
2026-02-02 12:27:20,681 - Knowledge - INFO - done ingest for /home/kathan/Kathan/Kavia AI/graphnode-backend-api/data/rdk7542/9084/b7977ho/wesnoth-9084/MacOSX/intl/localealias.c
2026-02-02 12:27:21,617 - Knowledge - INFO - [LLM_CALL] Completed: svpscmap.h:chunk1, Duration: 39845ms, PromptTokens: 2266, CompletionTokens: 503, Cost: $0.00043
2026-02-02 12:27:21,650 - Knowledge - INFO - done ingest for /home/kathan/Kathan/Kavia AI/graphnode-backend-api/data/rdk7542/9084/b7977ho/wesnoth-9084/MacOSX/freetype-headers/freetype/internal/services/svpscmap.h
2026-02-02 12:27:21,751 - Knowledge - INFO - [LLM_CALL] Completed: localcharset.c:chunk1, Duration: 40153ms, PromptTokens: 7288, CompletionTokens: 281, Cost: $0.00084
2026-02-02 12:27:21,751 - Knowledge - INFO - done ingest for /home/kathan/Kathan/Kavia AI/graphnode-backend-api/data/rdk7542/9084/b7977ho/wesnoth-9084/MacOSX/intl/localcharset.c
2026-02-02 12:27:21,996 - Knowledge - INFO - [LLM_CALL] Completed: plural.c:chunk1, Duration: 40134ms, PromptTokens: 24978, CompletionTokens: 463, Cost: $0.00268
2026-02-02 12:27:21,996 - Knowledge - INFO - done ingest for /home/kathan/Kathan/Kavia AI/graphnode-backend-api/data/rdk7542/9084/b7977ho/wesnoth-9084/MacOSX/intl/plural.c
2026-02-02 12:27:24,436 - Knowledge - INFO - [LLM_CALL] Completed: vasnprintf.c:chunk1, Duration: 42962ms, PromptTokens: 13272, CompletionTokens: 326, Cost: $0.00146
2026-02-02 12:27:24,442 - Knowledge - INFO - done ingest for /home/kathan/Kathan/Kavia AI/graphnode-backend-api/data/rdk7542/9084/b7977ho/wesnoth-9084/MacOSX/intl/vasnprintf.c
2026-02-02 12:27:24,939 - Knowledge - INFO - [LLM_CALL] Completed: relocatable.c:chunk1, Duration: 43076ms, PromptTokens: 7678, CompletionTokens: 421, Cost: $0.00094
2026-02-02 12:27:24,960 - Knowledge - INFO - done ingest for /home/kathan/Kathan/Kavia AI/graphnode-backend-api/data/rdk7542/9084/b7977ho/wesnoth-9084/MacOSX/intl/relocatable.c
2026-02-02 12:27:25,837 - Knowledge - INFO - [LLM_CALL] Completed: intl-compat.c:chunk1, Duration: 44062ms, PromptTokens: 2564, CompletionTokens: 684, Cost: $0.00053
2026-02-02 12:27:25,837 - Knowledge - INFO - done ingest for /home/kathan/Kathan/Kavia AI/graphnode-backend-api/data/rdk7542/9084/b7977ho/wesnoth-9084/MacOSX/intl/intl-compat.c
2026-02-02 12:27:25,986 - Knowledge - INFO - [LLM_CALL] Completed: ftcalc.h:chunk1, Duration: 44311ms, PromptTokens: 2564, CompletionTokens: 344, Cost: $0.00039
2026-02-02 12:27:25,999 - Knowledge - INFO - done ingest for /home/kathan/Kathan/Kavia AI/graphnode-backend-api/data/rdk7542/9084/b7977ho/wesnoth-9084/MacOSX/freetype-headers/freetype/internal/ftcalc.h
2026-02-02 12:27:26,013 - Knowledge - INFO - [LLM_CALL] Completed: bindtextdom.c:chunk1, Duration: 44428ms, PromptTokens: 6078, CompletionTokens: 343, Cost: $0.00074
2026-02-02 12:27:26,040 - Knowledge - INFO - done ingest for /home/kathan/Kathan/Kavia AI/graphnode-backend-api/data/rdk7542/9084/b7977ho/wesnoth-9084/MacOSX/intl/bindtextdom.c
2026-02-02 12:27:27,058 - Knowledge - INFO - Processing batch of 6 files
2026-02-02 12:27:27,110 - Knowledge - INFO - process ingested knowledge for /home/kathan/Kathan/Kavia AI/graphnode-backend-api/data/rdk7542/9084/b7977ho/wesnoth-9084/MacOSX/intl/textdomain.c
2026-02-02 12:27:27,383 - Knowledge - INFO - [LLM_CALL] Completed: plural-exp.h:chunk1, Duration: 45544ms, PromptTokens: 2864, CompletionTokens: 429, Cost: $0.00046
2026-02-02 12:27:27,409 - Knowledge - INFO - done ingest for /home/kathan/Kathan/Kavia AI/graphnode-backend-api/data/rdk7542/9084/b7977ho/wesnoth-9084/MacOSX/intl/plural-exp.h
2026-02-02 12:27:28,097 - Knowledge - INFO - process ingested knowledge for /home/kathan/Kathan/Kavia AI/graphnode-backend-api/data/rdk7542/9084/b7977ho/wesnoth-9084/MacOSX/freetype-headers/freetype/ftwinfnt.h
2026-02-02 12:27:28,255 - Knowledge - INFO - [WEBSOCKET] Sent: Type=progress_update, Size: 289, Duration: 0ms
2026-02-02 12:27:28,304 - Knowledge - INFO - process ingested knowledge for /home/kathan/Kathan/Kavia AI/graphnode-backend-api/data/rdk7542/9084/b7977ho/wesnoth-9084/MacOSX/freetype-headers/freetype/ftsizes.h
2026-02-02 12:27:28,304 - Knowledge - INFO - process ingested knowledge for /home/kathan/Kathan/Kavia AI/graphnode-backend-api/data/rdk7542/9084/b7977ho/wesnoth-9084/MacOSX/freetype-headers/freetype/ftsynth.h
2026-02-02 12:27:28,305 - Knowledge - INFO - process ingested knowledge for /home/kathan/Kathan/Kavia AI/graphnode-backend-api/data/rdk7542/9084/b7977ho/wesnoth-9084/MacOSX/freetype-headers/freetype/freetype.h
2026-02-02 12:27:28,305 - Knowledge - INFO - process ingested knowledge for /home/kathan/Kathan/Kavia AI/graphnode-backend-api/data/rdk7542/9084/b7977ho/wesnoth-9084/MacOSX/freetype-headers/freetype/ftlzw.h
2026-02-02 12:27:28,322 - Knowledge - INFO - [WEBSOCKET] Sent: Type=unknown, Size: ?, Duration: 67ms
2026-02-02 12:27:28,486 - Knowledge - INFO - Progress: 10.8% | Files: 51/474 | Rate: 1.06 files/sec | Queue: 330
2026-02-02 12:27:28,920 - Knowledge - INFO - [LLM_CALL] Completed: ftsysio.h:chunk1, Duration: 47108ms, PromptTokens: 3234, CompletionTokens: 409, Cost: $0.00049
2026-02-02 12:27:28,921 - Knowledge - INFO - done ingest for /home/kathan/Kathan/Kavia AI/graphnode-backend-api/data/rdk7542/9084/b7977ho/wesnoth-9084/MacOSX/freetype-headers/freetype/ftsysio.h
2026-02-02 12:27:29,154 - Knowledge - INFO - [LLM_CALL] Completed: ftrfork.h:chunk1, Duration: 46961ms, PromptTokens: 3906, CompletionTokens: 361, Cost: $0.00053
2026-02-02 12:27:29,159 - Knowledge - INFO - done ingest for /home/kathan/Kathan/Kavia AI/graphnode-backend-api/data/rdk7542/9084/b7977ho/wesnoth-9084/MacOSX/freetype-headers/freetype/internal/ftrfork.h
2026-02-02 12:27:29,222 - Knowledge - INFO - [LLM_CALL] Completed: printf.c:chunk1, Duration: 47489ms, PromptTokens: 5250, CompletionTokens: 448, Cost: $0.00070
2026-02-02 12:27:29,223 - Knowledge - INFO - done ingest for /home/kathan/Kathan/Kavia AI/graphnode-backend-api/data/rdk7542/9084/b7977ho/wesnoth-9084/MacOSX/intl/printf.c
2026-02-02 12:27:29,374 - Knowledge - INFO - [kw4] Queue=330, InProgress=0, PendingWorkers=20/20, Completed=52/474 (11.0%)
2026-02-02 12:27:29,374 - Knowledge - INFO - Batch sizing: calculated=6, max_allowed=10, queue=330, active_workers=20/20
2026-02-02 12:27:29,448 - Knowledge - INFO - [LLM_CALL] Completed: libintl.h:chunk1, Duration: 47826ms, PromptTokens: 7382, CompletionTokens: 443, Cost: $0.00092
2026-02-02 12:27:29,449 - Knowledge - INFO - done ingest for /home/kathan/Kathan/Kavia AI/graphnode-backend-api/data/rdk7542/9084/b7977ho/wesnoth-9084/MacOSX/intl/libintl.h
2026-02-02 12:27:29,468 - Knowledge - INFO - [kw9] Queue=330, InProgress=0, PendingWorkers=20/20, Completed=53/474 (11.2%)
2026-02-02 12:27:29,468 - Knowledge - INFO - Batch sizing: calculated=6, max_allowed=10, queue=330, active_workers=20/20
2026-02-02 12:27:29,553 - Knowledge - INFO - Async storing batch of 6 embeddings
2026-02-02 12:27:29,618 - Knowledge - INFO - Worker kw4 processing /home/kathan/Kathan/Kavia AI/graphnode-backend-api/data/rdk7542/9084/b7977ho/wesnoth-9084/MacOSX/Wesnoth Scenario Editor/WNIconListView.h
2026-02-02 12:27:29,618 - Knowledge - INFO - Fast-tracked /home/kathan/Kathan/Kavia AI/graphnode-backend-api/data/rdk7542/9084/b7977ho/wesnoth-9084/MacOSX/Wesnoth Scenario Editor/WNIconListView.h (ext=.h, size=116)
2026-02-02 12:27:29,618 - Knowledge - INFO - Worker kw4 processing /home/kathan/Kathan/Kavia AI/graphnode-backend-api/data/rdk7542/9084/b7977ho/wesnoth-9084/MacOSX/Wesnoth Scenario Editor/WNFileLocations.m
2026-02-02 12:27:29,656 - Knowledge - INFO - Async storing batch of 6 embeddings
2026-02-02 12:27:29,656 - Knowledge - INFO - Worker kw9 processing /home/kathan/Kathan/Kavia AI/graphnode-backend-api/data/rdk7542/9084/b7977ho/wesnoth-9084/MacOSX/Wesnoth Scenario Editor/WNScenario.h
2026-02-02 12:27:29,755 - Knowledge - INFO - Fast-tracked /home/kathan/Kathan/Kavia AI/graphnode-backend-api/data/rdk7542/9084/b7977ho/wesnoth-9084/MacOSX/Wesnoth Scenario Editor/WNScenario.h (ext=.h, size=411)
2026-02-02 12:27:29,786 - Knowledge - INFO - Worker kw9 processing /home/kathan/Kathan/Kavia AI/graphnode-backend-api/data/rdk7542/9084/b7977ho/wesnoth-9084/MacOSX/Wesnoth Scenario Editor/WMLCampaign.h
2026-02-02 12:27:29,791 - Knowledge - INFO - Fast-tracked /home/kathan/Kathan/Kavia AI/graphnode-backend-api/data/rdk7542/9084/b7977ho/wesnoth-9084/MacOSX/Wesnoth Scenario Editor/WMLCampaign.h (ext=.h, size=1669)
2026-02-02 12:27:29,791 - Knowledge - INFO - Worker kw9 processing /home/kathan/Kathan/Kavia AI/graphnode-backend-api/data/rdk7542/9084/b7977ho/wesnoth-9084/MacOSX/Wesnoth Scenario Editor/WNCharacterEditor.m
2026-02-02 12:27:29,818 - Knowledge - INFO - [LLM_CALL] Completed: gettextP.h:chunk1, Duration: 48336ms, PromptTokens: 4194, CompletionTokens: 434, Cost: $0.00059
2026-02-02 12:27:29,818 - Knowledge - INFO - done ingest for /home/kathan/Kathan/Kavia AI/graphnode-backend-api/data/rdk7542/9084/b7977ho/wesnoth-9084/MacOSX/intl/gettextP.h
2026-02-02 12:27:29,897 - Knowledge - INFO - Worker kw4 processing /home/kathan/Kathan/Kavia AI/graphnode-backend-api/data/rdk7542/9084/b7977ho/wesnoth-9084/MacOSX/Wesnoth Scenario Editor/WMLSideDetail.h
2026-02-02 12:27:29,898 - Knowledge - INFO - Fast-tracked /home/kathan/Kathan/Kavia AI/graphnode-backend-api/data/rdk7542/9084/b7977ho/wesnoth-9084/MacOSX/Wesnoth Scenario Editor/WMLSideDetail.h (ext=.h, size=1583)
2026-02-02 12:27:29,898 - Knowledge - INFO - Worker kw4 processing /home/kathan/Kathan/Kavia AI/graphnode-backend-api/data/rdk7542/9084/b7977ho/wesnoth-9084/MacOSX/Wesnoth Scenario Editor/WNLeaderListView.h
2026-02-02 12:27:29,898 - Knowledge - INFO - Fast-tracked /home/kathan/Kathan/Kavia AI/graphnode-backend-api/data/rdk7542/9084/b7977ho/wesnoth-9084/MacOSX/Wesnoth Scenario Editor/WNLeaderListView.h (ext=.h, size=131)
2026-02-02 12:27:29,898 - Knowledge - INFO - Worker kw4 processing /home/kathan/Kathan/Kavia AI/graphnode-backend-api/data/rdk7542/9084/b7977ho/wesnoth-9084/MacOSX/Wesnoth Scenario Editor/WMLMapPoint.m
2026-02-02 12:27:30,080 - Knowledge - INFO - [LLM_CALL] Completed: l10nflist.c:chunk1, Duration: 48556ms, PromptTokens: 8238, CompletionTokens: 330, Cost: $0.00096
2026-02-02 12:27:30,080 - Knowledge - INFO - done ingest for /home/kathan/Kathan/Kavia AI/graphnode-backend-api/data/rdk7542/9084/b7977ho/wesnoth-9084/MacOSX/intl/l10nflist.c
2026-02-02 12:27:30,374 - Knowledge - INFO - [LLM_CALL] Completed: ftgloadr.h:chunk1, Duration: 48534ms, PromptTokens: 2990, CompletionTokens: 664, Cost: $0.00056
2026-02-02 12:27:30,374 - Knowledge - INFO - done ingest for /home/kathan/Kathan/Kavia AI/graphnode-backend-api/data/rdk7542/9084/b7977ho/wesnoth-9084/MacOSX/freetype-headers/freetype/internal/ftgloadr.h
2026-02-02 12:27:30,474 - Knowledge - INFO - Worker kw9 processing /home/kathan/Kathan/Kavia AI/graphnode-backend-api/data/rdk7542/9084/b7977ho/wesnoth-9084/MacOSX/Wesnoth Scenario Editor/WMLMap.m
2026-02-02 12:27:30,763 - Knowledge - INFO - [LLM_CALL] Completed: fterrors.h:chunk1, Duration: 48737ms, PromptTokens: 3820, CompletionTokens: 307, Cost: $0.00050
2026-02-02 12:27:30,829 - Knowledge - INFO - done ingest for /home/kathan/Kathan/Kavia AI/graphnode-backend-api/data/rdk7542/9084/b7977ho/wesnoth-9084/MacOSX/freetype-headers/freetype/fterrors.h
2026-02-02 12:27:30,885 - Knowledge - INFO - [LLM_CALL] Completed: tttypes.h:chunk1, Duration: 48900ms, PromptTokens: 9740, CompletionTokens: 329, Cost: $0.00111
2026-02-02 12:27:31,037 - Knowledge - INFO - Processing batch of 6 files
2026-02-02 12:27:31,042 - Knowledge - INFO - process ingested knowledge for /home/kathan/Kathan/Kavia AI/graphnode-backend-api/data/rdk7542/9084/b7977ho/wesnoth-9084/MacOSX/freetype-headers/freetype/internal/t1types.h
2026-02-02 12:27:31,048 - Knowledge - INFO - process ingested knowledge for /home/kathan/Kathan/Kavia AI/graphnode-backend-api/data/rdk7542/9084/b7977ho/wesnoth-9084/MacOSX/freetype-headers/freetype/internal/services/svpfr.h
2026-02-02 12:27:31,048 - Knowledge - INFO - process ingested knowledge for /home/kathan/Kathan/Kavia AI/graphnode-backend-api/data/rdk7542/9084/b7977ho/wesnoth-9084/MacOSX/freetype-headers/freetype/internal/services/svmm.h
2026-02-02 12:27:31,109 - Knowledge - INFO - process ingested knowledge for /home/kathan/Kathan/Kavia AI/graphnode-backend-api/data/rdk7542/9084/b7977ho/wesnoth-9084/MacOSX/freetype-headers/freetype/internal/services/svpostnm.h
2026-02-02 12:27:31,109 - Knowledge - INFO - process ingested knowledge for /home/kathan/Kathan/Kavia AI/graphnode-backend-api/data/rdk7542/9084/b7977ho/wesnoth-9084/MacOSX/freetype-headers/freetype/internal/services/svpscmap.h
2026-02-02 12:27:31,109 - Knowledge - INFO - process ingested knowledge for /home/kathan/Kathan/Kavia AI/graphnode-backend-api/data/rdk7542/9084/b7977ho/wesnoth-9084/MacOSX/freetype-headers/freetype/internal/services/svttcmap.h
2026-02-02 12:27:31,693 - Knowledge - INFO - Worker kw9 processing /home/kathan/Kathan/Kavia AI/graphnode-backend-api/data/rdk7542/9084/b7977ho/wesnoth-9084/MacOSX/Wesnoth Scenario Editor/WNIconListView.m
2026-02-02 12:27:31,727 - Knowledge - INFO - Worker kw4 processing /home/kathan/Kathan/Kavia AI/graphnode-backend-api/data/rdk7542/9084/b7977ho/wesnoth-9084/MacOSX/Wesnoth Scenario Editor/WNUnits.m
2026-02-02 12:27:31,728 - Knowledge - INFO - Fast-tracked /home/kathan/Kathan/Kavia AI/graphnode-backend-api/data/rdk7542/9084/b7977ho/wesnoth-9084/MacOSX/Wesnoth Scenario Editor/WNIconListView.m (ext=.m, size=442)
2026-02-02 12:27:31,728 - Knowledge - INFO - Worker kw9 processing /home/kathan/Kathan/Kavia AI/graphnode-backend-api/data/rdk7542/9084/b7977ho/wesnoth-9084/MacOSX/Wesnoth Scenario Editor/SelectionUtils.h
2026-02-02 12:27:31,728 - Knowledge - INFO - Fast-tracked /home/kathan/Kathan/Kavia AI/graphnode-backend-api/data/rdk7542/9084/b7977ho/wesnoth-9084/MacOSX/Wesnoth Scenario Editor/SelectionUtils.h (ext=.h, size=564)
2026-02-02 12:27:31,940 - Knowledge - INFO - Async storage completed for 6 embeddings
2026-02-02 12:27:32,193 - Knowledge - INFO - Async storage completed for 6 embeddings
2026-02-02 12:27:32,228 - Knowledge - INFO - [LLM_CALL] Completed: ftrender.h:chunk1, Duration: 50639ms, PromptTokens: 4174, CompletionTokens: 451, Cost: $0.00060
2026-02-02 12:27:32,642 - Knowledge - INFO - done ingest for /home/kathan/Kathan/Kavia AI/graphnode-backend-api/data/rdk7542/9084/b7977ho/wesnoth-9084/MacOSX/freetype-headers/freetype/ftrender.h
2026-02-02 12:27:32,647 - Knowledge - INFO - [LLM_CALL] Completed: ftmodapi.h:chunk1, Duration: 50634ms, PromptTokens: 5668, CompletionTokens: 532, Cost: $0.00078
2026-02-02 12:27:32,647 - Knowledge - INFO - done ingest for /home/kathan/Kathan/Kavia AI/graphnode-backend-api/data/rdk7542/9084/b7977ho/wesnoth-9084/MacOSX/freetype-headers/freetype/ftmodapi.h
2026-02-02 12:27:33,199 - Knowledge - INFO - [LLM_CALL] Completed: loadinfo.h:chunk1, Duration: 51676ms, PromptTokens: 3784, CompletionTokens: 466, Cost: $0.00056
2026-02-02 12:27:33,201 - Knowledge - INFO - done ingest for /home/kathan/Kathan/Kavia AI/graphnode-backend-api/data/rdk7542/9084/b7977ho/wesnoth-9084/MacOSX/intl/loadinfo.h
2026-02-02 12:27:33,581 - Knowledge - INFO - [LLM_CALL] Completed: ftincrem.h:chunk1, Duration: 51738ms, PromptTokens: 5264, CompletionTokens: 363, Cost: $0.00067
2026-02-02 12:27:33,587 - Knowledge - INFO - done ingest for /home/kathan/Kathan/Kavia AI/graphnode-backend-api/data/rdk7542/9084/b7977ho/wesnoth-9084/MacOSX/freetype-headers/freetype/ftincrem.h
2026-02-02 12:27:33,893 - Knowledge - INFO - [LLM_CALL] Completed: ftserv.h:chunk1, Duration: 51779ms, PromptTokens: 5014, CompletionTokens: 428, Cost: $0.00067
2026-02-02 12:27:33,932 - Knowledge - INFO - done ingest for /home/kathan/Kathan/Kavia AI/graphnode-backend-api/data/rdk7542/9084/b7977ho/wesnoth-9084/MacOSX/freetype-headers/freetype/internal/ftserv.h
2026-02-02 12:27:34,021 - Knowledge - INFO - [LLM_CALL] Completed: ftdebug.h:chunk1, Duration: 52141ms, PromptTokens: 4008, CompletionTokens: 279, Cost: $0.00051
2026-02-02 12:27:34,021 - Knowledge - INFO - done ingest for /home/kathan/Kathan/Kavia AI/graphnode-backend-api/data/rdk7542/9084/b7977ho/wesnoth-9084/MacOSX/freetype-headers/freetype/internal/ftdebug.h
2026-02-02 12:27:34,184 - Knowledge - INFO - [LLM_CALL] Completed: ftmoderr.h:chunk1, Duration: 52199ms, PromptTokens: 3508, CompletionTokens: 275, Cost: $0.00046
2026-02-02 12:27:34,253 - Knowledge - INFO - done ingest for /home/kathan/Kathan/Kavia AI/graphnode-backend-api/data/rdk7542/9084/b7977ho/wesnoth-9084/MacOSX/freetype-headers/freetype/ftmoderr.h
2026-02-02 12:27:34,451 - Knowledge - INFO - Processing batch of 6 files
2026-02-02 12:27:34,540 - Knowledge - INFO - process ingested knowledge for /home/kathan/Kathan/Kavia AI/graphnode-backend-api/data/rdk7542/9084/b7977ho/wesnoth-9084/MacOSX/intl/printf-args.h
2026-02-02 12:27:34,610 - Knowledge - INFO - [LLM_CALL] Completed: ftsysmem.h:chunk1, Duration: 52767ms, PromptTokens: 3582, CompletionTokens: 335, Cost: $0.00049
2026-02-02 12:27:34,729 - Knowledge - INFO - done ingest for /home/kathan/Kathan/Kavia AI/graphnode-backend-api/data/rdk7542/9084/b7977ho/wesnoth-9084/MacOSX/freetype-headers/freetype/ftsysmem.h
2026-02-02 12:27:35,382 - Knowledge - INFO - [LLM_CALL] Completed: loadmsgcat.c:chunk1, Duration: 53837ms, PromptTokens: 23932, CompletionTokens: 601, Cost: $0.00263
2026-02-02 12:27:35,382 - Knowledge - INFO - done ingest for /home/kathan/Kathan/Kavia AI/graphnode-backend-api/data/rdk7542/9084/b7977ho/wesnoth-9084/MacOSX/intl/loadmsgcat.c
2026-02-02 12:27:35,514 - Knowledge - INFO - Processing batch of 6 files
2026-02-02 12:27:35,531 - Knowledge - INFO - process ingested knowledge for /home/kathan/Kathan/Kavia AI/graphnode-backend-api/data/rdk7542/9084/b7977ho/wesnoth-9084/MacOSX/intl/plural-exp.c
2026-02-02 12:27:35,554 - Knowledge - INFO - [LLM_CALL] Completed: ftmemory.h:chunk1, Duration: 53447ms, PromptTokens: 6910, CompletionTokens: 439, Cost: $0.00087
2026-02-02 12:27:35,772 - Knowledge - INFO - done ingest for /home/kathan/Kathan/Kavia AI/graphnode-backend-api/data/rdk7542/9084/b7977ho/wesnoth-9084/MacOSX/freetype-headers/freetype/internal/ftmemory.h
2026-02-02 12:27:35,909 - Knowledge - INFO - [LLM_CALL] Completed: ftccmap.h:chunk1, Duration: 53953ms, PromptTokens: 4118, CompletionTokens: 303, Cost: $0.00053
2026-02-02 12:27:35,931 - Knowledge - INFO - done ingest for /home/kathan/Kathan/Kavia AI/graphnode-backend-api/data/rdk7542/9084/b7977ho/wesnoth-9084/MacOSX/freetype-headers/freetype/cache/ftccmap.h
2026-02-02 12:27:36,058 - Knowledge - INFO - process ingested knowledge for /home/kathan/Kathan/Kavia AI/graphnode-backend-api/data/rdk7542/9084/b7977ho/wesnoth-9084/MacOSX/intl/printf-args.c
2026-02-02 12:27:36,136 - Knowledge - INFO - [LLM_CALL] Completed: ftpfr.h:chunk1, Duration: 54454ms, PromptTokens: 3384, CompletionTokens: 360, Cost: $0.00048
2026-02-02 12:27:36,136 - Knowledge - INFO - done ingest for /home/kathan/Kathan/Kavia AI/graphnode-backend-api/data/rdk7542/9084/b7977ho/wesnoth-9084/MacOSX/freetype-headers/freetype/ftpfr.h
2026-02-02 12:27:36,376 - Knowledge - INFO - [LLM_CALL] Completed: ftxf86.h:chunk1, Duration: 54423ms, PromptTokens: 1722, CompletionTokens: 253, Cost: $0.00027
2026-02-02 12:27:36,376 - Knowledge - INFO - done ingest for /home/kathan/Kathan/Kavia AI/graphnode-backend-api/data/rdk7542/9084/b7977ho/wesnoth-9084/MacOSX/freetype-headers/freetype/ftxf86.h
2026-02-02 12:27:36,624 - Knowledge - INFO - [LLM_CALL] Completed: psaux.h:chunk1, Duration: 54738ms, PromptTokens: 11436, CompletionTokens: 516, Cost: $0.00135
2026-02-02 12:27:36,688 - Knowledge - INFO - done ingest for /home/kathan/Kathan/Kavia AI/graphnode-backend-api/data/rdk7542/9084/b7977ho/wesnoth-9084/MacOSX/freetype-headers/freetype/internal/psaux.h
2026-02-02 12:27:36,729 - Knowledge - INFO - [LLM_CALL] Completed: ftmac.h:chunk1, Duration: 55155ms, PromptTokens: 3336, CompletionTokens: 374, Cost: $0.00048
2026-02-02 12:27:36,820 - Knowledge - INFO - done ingest for /home/kathan/Kathan/Kavia AI/graphnode-backend-api/data/rdk7542/9084/b7977ho/wesnoth-9084/MacOSX/freetype-headers/freetype/ftmac.h
2026-02-02 12:27:37,091 - Knowledge - INFO - process ingested knowledge for /home/kathan/Kathan/Kavia AI/graphnode-backend-api/data/rdk7542/9084/b7977ho/wesnoth-9084/MacOSX/intl/libgnuintl.h
2026-02-02 12:27:37,118 - Knowledge - INFO - process ingested knowledge for /home/kathan/Kathan/Kavia AI/graphnode-backend-api/data/rdk7542/9084/b7977ho/wesnoth-9084/MacOSX/intl/finddomain.c
2026-02-02 12:27:37,402 - Knowledge - INFO - [LLM_CALL] Completed: fterrdef.h:chunk1, Duration: 55713ms, PromptTokens: 5492, CompletionTokens: 668, Cost: $0.00082
2026-02-02 12:27:37,402 - Knowledge - INFO - done ingest for /home/kathan/Kathan/Kavia AI/graphnode-backend-api/data/rdk7542/9084/b7977ho/wesnoth-9084/MacOSX/freetype-headers/freetype/fterrdef.h
2026-02-02 12:27:38,449 - Knowledge - INFO - process ingested knowledge for /home/kathan/Kathan/Kavia AI/graphnode-backend-api/data/rdk7542/9084/b7977ho/wesnoth-9084/MacOSX/intl/log.c
2026-02-02 12:27:38,589 - Knowledge - INFO - [LLM_CALL] Completed: ftoutln.h:chunk1, Duration: 56797ms, PromptTokens: 8558, CompletionTokens: 806, Cost: $0.00118
2026-02-02 12:27:38,630 - Knowledge - INFO - process ingested knowledge for /home/kathan/Kathan/Kavia AI/graphnode-backend-api/data/rdk7542/9084/b7977ho/wesnoth-9084/MacOSX/intl/relocatable.c
2026-02-02 12:27:38,648 - Knowledge - INFO - done ingest for /home/kathan/Kathan/Kavia AI/graphnode-backend-api/data/rdk7542/9084/b7977ho/wesnoth-9084/MacOSX/freetype-headers/freetype/ftoutln.h
2026-02-02 12:27:39,179 - Knowledge - INFO - [LLM_CALL] Completed: ftcmanag.h:chunk1, Duration: 57230ms, PromptTokens: 3522, CompletionTokens: 437, Cost: $0.00053
2026-02-02 12:27:39,243 - Knowledge - INFO - done ingest for /home/kathan/Kathan/Kavia AI/graphnode-backend-api/data/rdk7542/9084/b7977ho/wesnoth-9084/MacOSX/freetype-headers/freetype/cache/ftcmanag.h
2026-02-02 12:27:39,847 - Knowledge - INFO - [LLM_CALL] Completed: ftcimage.h:chunk1, Duration: 58060ms, PromptTokens: 2306, CompletionTokens: 414, Cost: $0.00040
2026-02-02 12:27:39,847 - Knowledge - INFO - done ingest for /home/kathan/Kathan/Kavia AI/graphnode-backend-api/data/rdk7542/9084/b7977ho/wesnoth-9084/MacOSX/freetype-headers/freetype/cache/ftcimage.h
2026-02-02 12:27:39,901 - Knowledge - INFO - process ingested knowledge for /home/kathan/Kathan/Kavia AI/graphnode-backend-api/data/rdk7542/9084/b7977ho/wesnoth-9084/MacOSX/intl/intl-compat.c
2026-02-02 12:27:40,103 - Knowledge - INFO - [LLM_CALL] Completed: sfnt.h:chunk1, Duration: 58414ms, PromptTokens: 9968, CompletionTokens: 356, Cost: $0.00114
2026-02-02 12:27:40,103 - Knowledge - INFO - done ingest for /home/kathan/Kathan/Kavia AI/graphnode-backend-api/data/rdk7542/9084/b7977ho/wesnoth-9084/MacOSX/freetype-headers/freetype/internal/sfnt.h
2026-02-02 12:27:40,339 - Knowledge - INFO - [LLM_CALL] Completed: WMLSideDetail.m:chunk1, Duration: 56872ms, PromptTokens: 3478, CompletionTokens: 906, Cost: $0.00071
2026-02-02 12:27:40,339 - Knowledge - INFO - done ingest for /home/kathan/Kathan/Kavia AI/graphnode-backend-api/data/rdk7542/9084/b7977ho/wesnoth-9084/MacOSX/Wesnoth Scenario Editor/WMLSideDetail.m
2026-02-02 12:27:40,730 - Knowledge - INFO - process ingested knowledge for /home/kathan/Kathan/Kavia AI/graphnode-backend-api/data/rdk7542/9084/b7977ho/wesnoth-9084/MacOSX/intl/localealias.c
2026-02-02 12:27:40,829 - Knowledge - INFO - Processing batch of 6 files
2026-02-02 12:27:40,884 - Knowledge - INFO - process ingested knowledge for /home/kathan/Kathan/Kavia AI/graphnode-backend-api/data/rdk7542/9084/b7977ho/wesnoth-9084/MacOSX/intl/gettextP.h
2026-02-02 12:27:40,915 - Knowledge - INFO - [LLM_CALL] Completed: tttags.h:chunk1, Duration: 58824ms, PromptTokens: 3258, CompletionTokens: 416, Cost: $0.00049
2026-02-02 12:27:40,958 - Knowledge - INFO - done ingest for /home/kathan/Kathan/Kavia AI/graphnode-backend-api/data/rdk7542/9084/b7977ho/wesnoth-9084/MacOSX/freetype-headers/freetype/tttags.h
2026-02-02 12:27:41,203 - Knowledge - INFO - process ingested knowledge for /home/kathan/Kathan/Kavia AI/graphnode-backend-api/data/rdk7542/9084/b7977ho/wesnoth-9084/MacOSX/intl/plural.c
2026-02-02 12:27:41,398 - Knowledge - INFO - [WEBSOCKET] Sent: Type=progress_update, Size: 289, Duration: 0ms
2026-02-02 12:27:41,454 - Knowledge - INFO - [WEBSOCKET] Sent: Type=unknown, Size: ?, Duration: 56ms
2026-02-02 12:27:41,454 - Knowledge - INFO - Progress: 17.5% | Files: 83/474 | Rate: 1.35 files/sec | Queue: 318
2026-02-02 12:27:41,628 - Knowledge - INFO - Processing batch of 6 files
2026-02-02 12:27:41,628 - Knowledge - INFO - process ingested knowledge for /home/kathan/Kathan/Kavia AI/graphnode-backend-api/data/rdk7542/9084/b7977ho/wesnoth-9084/MacOSX/intl/vasnprintf.c
2026-02-02 12:27:41,851 - Knowledge - INFO - process ingested knowledge for /home/kathan/Kathan/Kavia AI/graphnode-backend-api/data/rdk7542/9084/b7977ho/wesnoth-9084/MacOSX/intl/wprintf-parse.h
2026-02-02 12:27:41,854 - Knowledge - INFO - process ingested knowledge for /home/kathan/Kathan/Kavia AI/graphnode-backend-api/data/rdk7542/9084/b7977ho/wesnoth-9084/MacOSX/intl/printf-parse.h
2026-02-02 12:27:41,870 - Knowledge - INFO - [LLM_CALL] Completed: ftcmru.h:chunk1, Duration: 59781ms, PromptTokens: 4476, CompletionTokens: 743, Cost: $0.00074
2026-02-02 12:27:41,870 - Knowledge - INFO - done ingest for /home/kathan/Kathan/Kavia AI/graphnode-backend-api/data/rdk7542/9084/b7977ho/wesnoth-9084/MacOSX/freetype-headers/freetype/cache/ftcmru.h
2026-02-02 12:27:42,205 - Knowledge - INFO - [kw11] Queue=318, InProgress=0, PendingWorkers=20/20, Completed=85/474 (17.9%)
2026-02-02 12:27:42,236 - Knowledge - INFO - Batch sizing: calculated=6, max_allowed=10, queue=318, active_workers=20/20
2026-02-02 12:27:42,322 - Knowledge - INFO - process ingested knowledge for /home/kathan/Kathan/Kavia AI/graphnode-backend-api/data/rdk7542/9084/b7977ho/wesnoth-9084/MacOSX/intl/dngettext.c
2026-02-02 12:27:42,327 - Knowledge - INFO - process ingested knowledge for /home/kathan/Kathan/Kavia AI/graphnode-backend-api/data/rdk7542/9084/b7977ho/wesnoth-9084/MacOSX/intl/relocatable.h
2026-02-02 12:27:42,486 - Knowledge - INFO - Async storing batch of 6 embeddings
2026-02-02 12:27:42,487 - Knowledge - INFO - Worker kw11 processing /home/kathan/Kathan/Kavia AI/graphnode-backend-api/data/rdk7542/9084/b7977ho/wesnoth-9084/MacOSX/Wesnoth Scenario Editor/WNLoadSave.m
2026-02-02 12:27:42,498 - Knowledge - INFO - [kw17] Queue=312, InProgress=0, PendingWorkers=20/20, Completed=89/474 (18.8%)
2026-02-02 12:27:42,498 - Knowledge - INFO - Batch sizing: calculated=6, max_allowed=10, queue=312, active_workers=20/20
2026-02-02 12:27:42,533 - Knowledge - INFO - process ingested knowledge for /home/kathan/Kathan/Kavia AI/graphnode-backend-api/data/rdk7542/9084/b7977ho/wesnoth-9084/MacOSX/intl/bindtextdom.c
2026-02-02 12:27:42,540 - Knowledge - INFO - Processing batch of 6 files
2026-02-02 12:27:42,540 - Knowledge - INFO - process ingested knowledge for /home/kathan/Kathan/Kavia AI/graphnode-backend-api/data/rdk7542/9084/b7977ho/wesnoth-9084/MacOSX/intl/l10nflist.c
2026-02-02 12:27:42,544 - Knowledge - INFO - process ingested knowledge for /home/kathan/Kathan/Kavia AI/graphnode-backend-api/data/rdk7542/9084/b7977ho/wesnoth-9084/MacOSX/freetype-headers/freetype/internal/internal.h
2026-02-02 12:27:42,555 - Knowledge - INFO - Worker kw11 processing /home/kathan/Kathan/Kavia AI/graphnode-backend-api/data/rdk7542/9084/b7977ho/wesnoth-9084/MacOSX/Wesnoth Scenario Editor/WNEventMapView.m
2026-02-02 12:27:42,639 - Knowledge - INFO - Async storing batch of 6 embeddings
2026-02-02 12:27:42,703 - Knowledge - INFO - process ingested knowledge for /home/kathan/Kathan/Kavia AI/graphnode-backend-api/data/rdk7542/9084/b7977ho/wesnoth-9084/MacOSX/intl/localename.c
2026-02-02 12:27:42,812 - Knowledge - INFO - [LLM_CALL] Completed: ftcache.h:chunk1, Duration: 60890ms, PromptTokens: 14062, CompletionTokens: 763, Cost: $0.00171
2026-02-02 12:27:42,823 - Knowledge - INFO - Worker kw17 processing /home/kathan/Kathan/Kavia AI/graphnode-backend-api/data/rdk7542/9084/b7977ho/wesnoth-9084/MacOSX/Wesnoth Scenario Editor/WMLMap.h
2026-02-02 12:27:42,972 - Knowledge - INFO - Fast-tracked /home/kathan/Kathan/Kavia AI/graphnode-backend-api/data/rdk7542/9084/b7977ho/wesnoth-9084/MacOSX/Wesnoth Scenario Editor/WNEventMapView.m (small file (2655 bytes))
2026-02-02 12:27:43,008 - Knowledge - INFO - process ingested knowledge for /home/kathan/Kathan/Kavia AI/graphnode-backend-api/data/rdk7542/9084/b7977ho/wesnoth-9084/MacOSX/intl/os2compat.h
2026-02-02 12:27:43,014 - Knowledge - INFO - done ingest for /home/kathan/Kathan/Kavia AI/graphnode-backend-api/data/rdk7542/9084/b7977ho/wesnoth-9084/MacOSX/freetype-headers/freetype/ftcache.h
2026-02-02 12:27:43,015 - Knowledge - INFO - process ingested knowledge for /home/kathan/Kathan/Kavia AI/graphnode-backend-api/data/rdk7542/9084/b7977ho/wesnoth-9084/MacOSX/freetype-headers/freetype/internal/ftdriver.h
2026-02-02 12:27:43,038 - Knowledge - INFO - [LLM_CALL] Completed: tttables.h:chunk1, Duration: 60754ms, PromptTokens: 13238, CompletionTokens: 504, Cost: $0.00153
2026-02-02 12:27:43,044 - Knowledge - INFO - process ingested knowledge for /home/kathan/Kathan/Kavia AI/graphnode-backend-api/data/rdk7542/9084/b7977ho/wesnoth-9084/MacOSX/intl/plural-exp.h
2026-02-02 12:27:43,107 - Knowledge - INFO - Fast-tracked /home/kathan/Kathan/Kavia AI/graphnode-backend-api/data/rdk7542/9084/b7977ho/wesnoth-9084/MacOSX/Wesnoth Scenario Editor/WMLMap.h (ext=.h, size=1290)
2026-02-02 12:27:43,108 - Knowledge - INFO - Worker kw11 processing /home/kathan/Kathan/Kavia AI/graphnode-backend-api/data/rdk7542/9084/b7977ho/wesnoth-9084/MacOSX/Wesnoth Scenario Editor/WNUnitMapView.h
2026-02-02 12:27:43,219 - Knowledge - INFO - done ingest for /home/kathan/Kathan/Kavia AI/graphnode-backend-api/data/rdk7542/9084/b7977ho/wesnoth-9084/MacOSX/freetype-headers/freetype/tttables.h
2026-02-02 12:27:43,269 - Knowledge - INFO - Worker kw17 processing /home/kathan/Kathan/Kavia AI/graphnode-backend-api/data/rdk7542/9084/b7977ho/wesnoth-9084/MacOSX/Wesnoth Scenario Editor/WNCharacterListView.m
2026-02-02 12:27:43,296 - Knowledge - INFO - Fast-tracked /home/kathan/Kathan/Kavia AI/graphnode-backend-api/data/rdk7542/9084/b7977ho/wesnoth-9084/MacOSX/Wesnoth Scenario Editor/WNUnitMapView.h (ext=.h, size=125)
2026-02-02 12:27:43,339 - Knowledge - INFO - Fast-tracked /home/kathan/Kathan/Kavia AI/graphnode-backend-api/data/rdk7542/9084/b7977ho/wesnoth-9084/MacOSX/Wesnoth Scenario Editor/WNCharacterListView.m (ext=.m, size=118)
2026-02-02 12:27:43,361 - Knowledge - INFO - [LLM_CALL] Completed: ftoption.h:chunk1, Duration: 60617ms, PromptTokens: 11468, CompletionTokens: 533, Cost: $0.00136
2026-02-02 12:27:43,411 - Knowledge - INFO - Worker kw11 processing /home/kathan/Kathan/Kavia AI/graphnode-backend-api/data/rdk7542/9084/b7977ho/wesnoth-9084/MacOSX/Wesnoth Scenario Editor/WNUtils.m
2026-02-02 12:27:43,425 - Knowledge - INFO - Worker kw17 processing /home/kathan/Kathan/Kavia AI/graphnode-backend-api/data/rdk7542/9084/b7977ho/wesnoth-9084/MacOSX/Wesnoth Scenario Editor/WNUnits.h
2026-02-02 12:27:43,453 - Knowledge - INFO - done ingest for /home/kathan/Kathan/Kavia AI/graphnode-backend-api/data/rdk7542/9084/b7977ho/wesnoth-9084/MacOSX/freetype-headers/freetype/config/ftoption.h
2026-02-02 12:27:43,490 - Knowledge - INFO - [LLM_CALL] Completed: pshints.h:chunk1, Duration: 61700ms, PromptTokens: 12106, CompletionTokens: 414, Cost: $0.00138
2026-02-02 12:27:43,552 - Knowledge - INFO - Fast-tracked /home/kathan/Kathan/Kavia AI/graphnode-backend-api/data/rdk7542/9084/b7977ho/wesnoth-9084/MacOSX/Wesnoth Scenario Editor/WNUnits.h (ext=.h, size=703)
2026-02-02 12:27:43,552 - Knowledge - INFO - Fast-tracked /home/kathan/Kathan/Kavia AI/graphnode-backend-api/data/rdk7542/9084/b7977ho/wesnoth-9084/MacOSX/Wesnoth Scenario Editor/WNUtils.m (ext=.m, size=842)
2026-02-02 12:27:43,628 - Knowledge - INFO - done ingest for /home/kathan/Kathan/Kavia AI/graphnode-backend-api/data/rdk7542/9084/b7977ho/wesnoth-9084/MacOSX/freetype-headers/freetype/internal/pshints.h
2026-02-02 12:27:43,639 - Knowledge - INFO - Worker kw17 processing /home/kathan/Kathan/Kavia AI/graphnode-backend-api/data/rdk7542/9084/b7977ho/wesnoth-9084/MacOSX/Wesnoth Scenario Editor/SelectionUtils.m
2026-02-02 12:27:43,676 - Knowledge - INFO - Worker kw11 processing /home/kathan/Kathan/Kavia AI/graphnode-backend-api/data/rdk7542/9084/b7977ho/wesnoth-9084/MacOSX/Wesnoth Scenario Editor/WMLSide.h
2026-02-02 12:27:43,722 - Knowledge - INFO - Fast-tracked /home/kathan/Kathan/Kavia AI/graphnode-backend-api/data/rdk7542/9084/b7977ho/wesnoth-9084/MacOSX/Wesnoth Scenario Editor/SelectionUtils.m (ext=.m, size=993)
2026-02-02 12:27:43,764 - Knowledge - INFO - Fast-tracked /home/kathan/Kathan/Kavia AI/graphnode-backend-api/data/rdk7542/9084/b7977ho/wesnoth-9084/MacOSX/Wesnoth Scenario Editor/WMLSide.h (ext=.h, size=766)
2026-02-02 12:27:43,863 - Knowledge - INFO - Worker kw17 processing /home/kathan/Kathan/Kavia AI/graphnode-backend-api/data/rdk7542/9084/b7977ho/wesnoth-9084/MacOSX/Wesnoth Scenario Editor/WMLSide.m
2026-02-02 12:27:43,879 - Knowledge - INFO - Processing batch of 6 files
2026-02-02 12:27:43,879 - Knowledge - INFO - process ingested knowledge for /home/kathan/Kathan/Kavia AI/graphnode-backend-api/data/rdk7542/9084/b7977ho/wesnoth-9084/MacOSX/intl/localcharset.c
2026-02-02 12:27:43,937 - Knowledge - INFO - Worker kw11 processing /home/kathan/Kathan/Kavia AI/graphnode-backend-api/data/rdk7542/9084/b7977ho/wesnoth-9084/MacOSX/Wesnoth Scenario Editor/WMLEvent.h
2026-02-02 12:27:43,939 - Knowledge - INFO - process ingested knowledge for /home/kathan/Kathan/Kavia AI/graphnode-backend-api/data/rdk7542/9084/b7977ho/wesnoth-9084/MacOSX/intl/loadinfo.h
2026-02-02 12:27:44,001 - Knowledge - INFO - [LLM_CALL] Completed: ftstdlib.h:chunk1, Duration: 61210ms, PromptTokens: 2750, CompletionTokens: 465, Cost: $0.00046
2026-02-02 12:27:44,001 - Knowledge - INFO - Fast-tracked /home/kathan/Kathan/Kavia AI/graphnode-backend-api/data/rdk7542/9084/b7977ho/wesnoth-9084/MacOSX/Wesnoth Scenario Editor/WMLSide.m (small file (2818 bytes))
2026-02-02 12:27:44,010 - Knowledge - INFO - Fast-tracked /home/kathan/Kathan/Kavia AI/graphnode-backend-api/data/rdk7542/9084/b7977ho/wesnoth-9084/MacOSX/Wesnoth Scenario Editor/WMLEvent.h (ext=.h, size=1628)
2026-02-02 12:27:44,056 - Knowledge - INFO - done ingest for /home/kathan/Kathan/Kavia AI/graphnode-backend-api/data/rdk7542/9084/b7977ho/wesnoth-9084/MacOSX/freetype-headers/freetype/config/ftstdlib.h
2026-02-02 12:27:44,067 - Knowledge - INFO - [LLM_CALL] Completed: fttypes.h:chunk1, Duration: 62068ms, PromptTokens: 8416, CompletionTokens: 372, Cost: $0.00099
2026-02-02 12:27:44,080 - Knowledge - INFO - Worker kw17 processing /home/kathan/Kathan/Kavia AI/graphnode-backend-api/data/rdk7542/9084/b7977ho/wesnoth-9084/MacOSX/Wesnoth Scenario Editor/WNTerrainView.m
2026-02-02 12:27:44,091 - Knowledge - INFO - Async storage completed for 6 embeddings
2026-02-02 12:27:44,485 - Knowledge - INFO - done ingest for /home/kathan/Kathan/Kavia AI/graphnode-backend-api/data/rdk7542/9084/b7977ho/wesnoth-9084/MacOSX/freetype-headers/freetype/fttypes.h
2026-02-02 12:27:44,529 - Knowledge - INFO - Fast-tracked /home/kathan/Kathan/Kavia AI/graphnode-backend-api/data/rdk7542/9084/b7977ho/wesnoth-9084/MacOSX/Wesnoth Scenario Editor/WNTerrainView.m (ext=.m, size=383)
2026-02-02 12:27:44,535 - Knowledge - INFO - process ingested knowledge for /home/kathan/Kathan/Kavia AI/graphnode-backend-api/data/rdk7542/9084/b7977ho/wesnoth-9084/MacOSX/freetype-headers/freetype/internal/pcftypes.h
2026-02-02 12:27:44,635 - Knowledge - INFO - [LLM_CALL] Completed: ftccache.h:chunk1, Duration: 62978ms, PromptTokens: 4980, CompletionTokens: 455, Cost: $0.00068
2026-02-02 12:27:44,724 - Knowledge - INFO - done ingest for /home/kathan/Kathan/Kavia AI/graphnode-backend-api/data/rdk7542/9084/b7977ho/wesnoth-9084/MacOSX/freetype-headers/freetype/cache/ftccache.h
2026-02-02 12:27:44,724 - Knowledge - INFO - Async storage completed for 6 embeddings
2026-02-02 12:27:44,724 - Knowledge - INFO - Processing batch of 6 files
2026-02-02 12:27:44,724 - Knowledge - INFO - process ingested knowledge for /home/kathan/Kathan/Kavia AI/graphnode-backend-api/data/rdk7542/9084/b7977ho/wesnoth-9084/MacOSX/freetype-headers/freetype/ftrender.h
2026-02-02 12:27:44,852 - Knowledge - INFO - [LLM_CALL] Completed: ftbdf.h:chunk1, Duration: 62718ms, PromptTokens: 3360, CompletionTokens: 312, Cost: $0.00046
2026-02-02 12:27:44,863 - Knowledge - INFO - done ingest for /home/kathan/Kathan/Kavia AI/graphnode-backend-api/data/rdk7542/9084/b7977ho/wesnoth-9084/MacOSX/freetype-headers/freetype/ftbdf.h
2026-02-02 12:27:45,248 - Knowledge - INFO - [LLM_CALL] Completed: ftconfig.h:chunk1, Duration: 62646ms, PromptTokens: 5770, CompletionTokens: 329, Cost: $0.00071
2026-02-02 12:27:45,248 - Knowledge - INFO - done ingest for /home/kathan/Kathan/Kavia AI/graphnode-backend-api/data/rdk7542/9084/b7977ho/wesnoth-9084/MacOSX/freetype-headers/freetype/config/ftconfig.h
2026-02-02 12:27:45,376 - Knowledge - INFO - process ingested knowledge for /home/kathan/Kathan/Kavia AI/graphnode-backend-api/data/rdk7542/9084/b7977ho/wesnoth-9084/MacOSX/intl/loadmsgcat.c
2026-02-02 12:27:45,392 - Knowledge - INFO - process ingested knowledge for /home/kathan/Kathan/Kavia AI/graphnode-backend-api/data/rdk7542/9084/b7977ho/wesnoth-9084/MacOSX/intl/gettext.c
2026-02-02 12:27:45,694 - Knowledge - INFO - process ingested knowledge for /home/kathan/Kathan/Kavia AI/graphnode-backend-api/data/rdk7542/9084/b7977ho/wesnoth-9084/MacOSX/freetype-headers/freetype/fterrdef.h
2026-02-02 12:27:45,722 - Knowledge - INFO - process ingested knowledge for /home/kathan/Kathan/Kavia AI/graphnode-backend-api/data/rdk7542/9084/b7977ho/wesnoth-9084/MacOSX/intl/libintl.h
2026-02-02 12:27:45,769 - Knowledge - INFO - process ingested knowledge for /home/kathan/Kathan/Kavia AI/graphnode-backend-api/data/rdk7542/9084/b7977ho/wesnoth-9084/MacOSX/intl/printf.c
2026-02-02 12:27:45,811 - Knowledge - INFO - Processing batch of 6 files
2026-02-02 12:27:45,811 - Knowledge - INFO - process ingested knowledge for /home/kathan/Kathan/Kavia AI/graphnode-backend-api/data/rdk7542/9084/b7977ho/wesnoth-9084/MacOSX/freetype-headers/freetype/ftchapters.h
2026-02-02 12:27:46,216 - Knowledge - INFO - process ingested knowledge for /home/kathan/Kathan/Kavia AI/graphnode-backend-api/data/rdk7542/9084/b7977ho/wesnoth-9084/MacOSX/freetype-headers/freetype/ftsysmem.h
2026-02-02 12:27:46,222 - Knowledge - INFO - process ingested knowledge for /home/kathan/Kathan/Kavia AI/graphnode-backend-api/data/rdk7542/9084/b7977ho/wesnoth-9084/MacOSX/intl/printf-parse.c
2026-02-02 12:27:46,817 - Knowledge - INFO - [LLM_CALL] Completed: ftmm.h:chunk1, Duration: 64005ms, PromptTokens: 6764, CompletionTokens: 504, Cost: $0.00088
2026-02-02 12:27:46,829 - Knowledge - INFO - done ingest for /home/kathan/Kathan/Kavia AI/graphnode-backend-api/data/rdk7542/9084/b7977ho/wesnoth-9084/MacOSX/freetype-headers/freetype/ftmm.h
2026-02-02 12:27:47,090 - Knowledge - INFO - process ingested knowledge for /home/kathan/Kathan/Kavia AI/graphnode-backend-api/data/rdk7542/9084/b7977ho/wesnoth-9084/MacOSX/freetype-headers/freetype/internal/ftgloadr.h
2026-02-02 12:27:47,470 - Knowledge - INFO - [LLM_CALL] Completed: WNCampaign.h:chunk1, Duration: 64008ms, PromptTokens: 3416, CompletionTokens: 2370, Cost: $0.00129
2026-02-02 12:27:47,470 - Knowledge - INFO - done ingest for /home/kathan/Kathan/Kavia AI/graphnode-backend-api/data/rdk7542/9084/b7977ho/wesnoth-9084/MacOSX/Wesnoth Scenario Editor/WNCampaign.h
2026-02-02 12:27:48,485 - Knowledge - INFO - process ingested knowledge for /home/kathan/Kathan/Kavia AI/graphnode-backend-api/data/rdk7542/9084/b7977ho/wesnoth-9084/MacOSX/freetype-headers/freetype/ftsnames.h
2026-02-02 12:27:48,573 - Knowledge - INFO - process ingested knowledge for /home/kathan/Kathan/Kavia AI/graphnode-backend-api/data/rdk7542/9084/b7977ho/wesnoth-9084/MacOSX/intl/localcharset.h
2026-02-02 12:27:49,057 - Knowledge - INFO - [LLM_CALL] Completed: ftlist.h:chunk1, Duration: 66219ms, PromptTokens: 4750, CompletionTokens: 492, Cost: $0.00067
2026-02-02 12:27:49,111 - Knowledge - INFO - done ingest for /home/kathan/Kathan/Kavia AI/graphnode-backend-api/data/rdk7542/9084/b7977ho/wesnoth-9084/MacOSX/freetype-headers/freetype/ftlist.h
2026-02-02 12:27:49,251 - Knowledge - INFO - [LLM_CALL] Completed: fttrigon.h:chunk1, Duration: 67665ms, PromptTokens: 5236, CompletionTokens: 607, Cost: $0.00077
2026-02-02 12:27:49,350 - Knowledge - INFO - done ingest for /home/kathan/Kathan/Kavia AI/graphnode-backend-api/data/rdk7542/9084/b7977ho/wesnoth-9084/MacOSX/freetype-headers/freetype/fttrigon.h
2026-02-02 12:27:49,520 - Knowledge - INFO - process ingested knowledge for /home/kathan/Kathan/Kavia AI/graphnode-backend-api/data/rdk7542/9084/b7977ho/wesnoth-9084/MacOSX/freetype-headers/freetype/ftpfr.h
2026-02-02 12:27:51,180 - Knowledge - INFO - [LLM_CALL] Completed: ftcglyph.h:chunk1, Duration: 69605ms, PromptTokens: 5656, CompletionTokens: 857, Cost: $0.00091
2026-02-02 12:27:51,227 - Knowledge - INFO - done ingest for /home/kathan/Kathan/Kavia AI/graphnode-backend-api/data/rdk7542/9084/b7977ho/wesnoth-9084/MacOSX/freetype-headers/freetype/cache/ftcglyph.h
2026-02-02 12:27:51,548 - Knowledge - INFO - process ingested knowledge for /home/kathan/Kathan/Kavia AI/graphnode-backend-api/data/rdk7542/9084/b7977ho/wesnoth-9084/MacOSX/freetype-headers/freetype/internal/ftrfork.h
2026-02-02 12:27:51,884 - Knowledge - INFO - [LLM_CALL] Completed: ftheader.h:chunk1, Duration: 69193ms, PromptTokens: 9866, CompletionTokens: 929, Cost: $0.00136
2026-02-02 12:27:51,884 - Knowledge - INFO - done ingest for /home/kathan/Kathan/Kavia AI/graphnode-backend-api/data/rdk7542/9084/b7977ho/wesnoth-9084/MacOSX/freetype-headers/freetype/config/ftheader.h
2026-02-02 12:27:52,045 - Knowledge - INFO - [LLM_CALL] Completed: ftimage.h:chunk2, Duration: 31748ms, PromptTokens: 11094, CompletionTokens: 557, Cost: $0.00133
2026-02-02 12:27:52,129 - Knowledge - INFO - [LLM_CALL] Completed: ftstream.h:chunk1, Duration: 70515ms, PromptTokens: 12056, CompletionTokens: 1148, Cost: $0.00166
2026-02-02 12:27:52,130 - Knowledge - INFO - done ingest for /home/kathan/Kathan/Kavia AI/graphnode-backend-api/data/rdk7542/9084/b7977ho/wesnoth-9084/MacOSX/freetype-headers/freetype/internal/ftstream.h
2026-02-02 12:27:52,199 - Knowledge - INFO - process ingested knowledge for /home/kathan/Kathan/Kavia AI/graphnode-backend-api/data/rdk7542/9084/b7977ho/wesnoth-9084/MacOSX/freetype-headers/freetype/internal/autohint.h
2026-02-02 12:27:52,284 - Knowledge - INFO - process ingested knowledge for /home/kathan/Kathan/Kavia AI/graphnode-backend-api/data/rdk7542/9084/b7977ho/wesnoth-9084/MacOSX/freetype-headers/freetype/ftoutln.h
2026-02-02 12:27:52,334 - Knowledge - INFO - [WEBSOCKET] Sent: Type=progress_update, Size: 291, Duration: 0ms
2026-02-02 12:27:52,362 - Knowledge - INFO - [WEBSOCKET] Sent: Type=unknown, Size: ?, Duration: 29ms
2026-02-02 12:27:52,420 - Knowledge - INFO - Progress: 22.6% | Files: 108/474 | Rate: 1.52 files/sec | Queue: 306
2026-02-02 12:27:52,478 - Knowledge - INFO - process ingested knowledge for /home/kathan/Kathan/Kavia AI/graphnode-backend-api/data/rdk7542/9084/b7977ho/wesnoth-9084/MacOSX/intl/dcngettext.c
2026-02-02 12:27:52,483 - Knowledge - INFO - process ingested knowledge for /home/kathan/Kathan/Kavia AI/graphnode-backend-api/data/rdk7542/9084/b7977ho/wesnoth-9084/MacOSX/freetype-headers/freetype/internal/fttrace.h
2026-02-02 12:27:52,983 - Knowledge - INFO - process ingested knowledge for /home/kathan/Kathan/Kavia AI/graphnode-backend-api/data/rdk7542/9084/b7977ho/wesnoth-9084/MacOSX/freetype-headers/freetype/internal/ftserv.h
2026-02-02 12:27:53,428 - Knowledge - INFO - [LLM_CALL] Completed: WNFileLocations.m:chunk1, Duration: 23535ms, PromptTokens: 2528, CompletionTokens: 770, Cost: $0.00056
2026-02-02 12:27:53,428 - Knowledge - INFO - done ingest for /home/kathan/Kathan/Kavia AI/graphnode-backend-api/data/rdk7542/9084/b7977ho/wesnoth-9084/MacOSX/Wesnoth Scenario Editor/WNFileLocations.m
2026-02-02 12:27:53,982 - Knowledge - INFO - [kw7] Queue=306, InProgress=0, PendingWorkers=20/20, Completed=112/474 (23.6%)
2026-02-02 12:27:53,982 - Knowledge - INFO - Batch sizing: calculated=6, max_allowed=10, queue=306, active_workers=20/20
2026-02-02 12:27:54,317 - Knowledge - INFO - process ingested knowledge for /home/kathan/Kathan/Kavia AI/graphnode-backend-api/data/rdk7542/9084/b7977ho/wesnoth-9084/MacOSX/freetype-headers/freetype/ftxf86.h
2026-02-02 12:27:54,347 - Knowledge - INFO - [kw10] Queue=306, InProgress=0, PendingWorkers=20/20, Completed=116/474 (24.5%)
2026-02-02 12:27:54,347 - Knowledge - INFO - Batch sizing: calculated=6, max_allowed=10, queue=306, active_workers=20/20
2026-02-02 12:27:54,465 - Knowledge - INFO - Async storing batch of 6 embeddings
2026-02-02 12:27:54,465 - Knowledge - INFO - Worker kw7 processing /home/kathan/Kathan/Kavia AI/graphnode-backend-api/data/rdk7542/9084/b7977ho/wesnoth-9084/MacOSX/Wesnoth Scenario Editor/main.m
2026-02-02 12:27:54,465 - Knowledge - INFO - Fast-tracked /home/kathan/Kathan/Kavia AI/graphnode-backend-api/data/rdk7542/9084/b7977ho/wesnoth-9084/MacOSX/Wesnoth Scenario Editor/main.m (ext=.m, size=343)
2026-02-02 12:27:54,466 - Knowledge - INFO - Worker kw7 processing /home/kathan/Kathan/Kavia AI/graphnode-backend-api/data/rdk7542/9084/b7977ho/wesnoth-9084/MacOSX/Wesnoth Scenario Editor/WNMapTabViewDelegate.m
2026-02-02 12:27:54,497 - Knowledge - INFO - Fast-tracked /home/kathan/Kathan/Kavia AI/graphnode-backend-api/data/rdk7542/9084/b7977ho/wesnoth-9084/MacOSX/Wesnoth Scenario Editor/WNMapTabViewDelegate.m (ext=.m, size=501)
2026-02-02 12:27:54,497 - Knowledge - INFO - Worker kw7 processing /home/kathan/Kathan/Kavia AI/graphnode-backend-api/data/rdk7542/9084/b7977ho/wesnoth-9084/MacOSX/Wesnoth Scenario Editor/WNLoadSave.h
2026-02-02 12:27:54,497 - Knowledge - INFO - Processing batch of 6 files
2026-02-02 12:27:54,497 - Knowledge - INFO - process ingested knowledge for /home/kathan/Kathan/Kavia AI/graphnode-backend-api/data/rdk7542/9084/b7977ho/wesnoth-9084/MacOSX/freetype-headers/freetype/t1tables.h
2026-02-02 12:27:54,510 - Knowledge - INFO - Fast-tracked /home/kathan/Kathan/Kavia AI/graphnode-backend-api/data/rdk7542/9084/b7977ho/wesnoth-9084/MacOSX/Wesnoth Scenario Editor/WNLoadSave.h (ext=.h, size=424)
2026-02-02 12:27:54,510 - Knowledge - INFO - Worker kw7 processing /home/kathan/Kathan/Kavia AI/graphnode-backend-api/data/rdk7542/9084/b7977ho/wesnoth-9084/MacOSX/Wesnoth Scenario Editor/WNUtils.h
2026-02-02 12:27:54,526 - Knowledge - INFO - Processing batch of 6 files
2026-02-02 12:27:54,531 - Knowledge - INFO - process ingested knowledge for /home/kathan/Kathan/Kavia AI/graphnode-backend-api/data/rdk7542/9084/b7977ho/wesnoth-9084/MacOSX/Wesnoth Scenario Editor/WMLMap.h
2026-02-02 12:27:54,552 - Knowledge - INFO - Fast-tracked /home/kathan/Kathan/Kavia AI/graphnode-backend-api/data/rdk7542/9084/b7977ho/wesnoth-9084/MacOSX/Wesnoth Scenario Editor/WNUtils.h (ext=.h, size=352)
2026-02-02 12:27:54,552 - Knowledge - INFO - Worker kw7 processing /home/kathan/Kathan/Kavia AI/graphnode-backend-api/data/rdk7542/9084/b7977ho/wesnoth-9084/MacOSX/Wesnoth Scenario Editor/WMLScenario.m
2026-02-02 12:27:55,026 - Knowledge - INFO - Worker kw7 processing /home/kathan/Kathan/Kavia AI/graphnode-backend-api/data/rdk7542/9084/b7977ho/wesnoth-9084/MacOSX/Wesnoth Scenario Editor/changelog.txt
2026-02-02 12:27:55,027 - Knowledge - INFO - Fast-tracked /home/kathan/Kathan/Kavia AI/graphnode-backend-api/data/rdk7542/9084/b7977ho/wesnoth-9084/MacOSX/Wesnoth Scenario Editor/changelog.txt (ext=.txt, size=1193)
2026-02-02 12:27:55,104 - Knowledge - INFO - Async storage completed for 6 embeddings
2026-02-02 12:27:55,889 - Knowledge - INFO - Async storing batch of 6 embeddings
2026-02-02 12:27:55,889 - Knowledge - INFO - Worker kw10 processing /home/kathan/Kathan/Kavia AI/graphnode-backend-api/data/rdk7542/9084/b7977ho/wesnoth-9084/MacOSX/Wesnoth Scenario Editor/WNTerrainList.m
2026-02-02 12:27:55,889 - Knowledge - INFO - Fast-tracked /home/kathan/Kathan/Kavia AI/graphnode-backend-api/data/rdk7542/9084/b7977ho/wesnoth-9084/MacOSX/Wesnoth Scenario Editor/WNTerrainList.m (ext=.m, size=996)
2026-02-02 12:27:55,890 - Knowledge - INFO - Worker kw10 processing /home/kathan/Kathan/Kavia AI/graphnode-backend-api/data/rdk7542/9084/b7977ho/wesnoth-9084/MacOSX/Wesnoth Scenario Editor/WMLTag.m
2026-02-02 12:27:55,969 - Knowledge - INFO - process ingested knowledge for /home/kathan/Kathan/Kavia AI/graphnode-backend-api/data/rdk7542/9084/b7977ho/wesnoth-9084/MacOSX/Wesnoth Scenario Editor/WNCharacterListView.m
2026-02-02 12:27:56,030 - Knowledge - INFO - process ingested knowledge for /home/kathan/Kathan/Kavia AI/graphnode-backend-api/data/rdk7542/9084/b7977ho/wesnoth-9084/MacOSX/freetype-headers/freetype/fterrors.h
2026-02-02 12:27:56,181 - Knowledge - INFO - [LLM_CALL] Completed: ftobjs.h:chunk1, Duration: 73898ms, PromptTokens: 14060, CompletionTokens: 1117, Cost: $0.00185
2026-02-02 12:27:56,182 - Knowledge - INFO - done ingest for /home/kathan/Kathan/Kavia AI/graphnode-backend-api/data/rdk7542/9084/b7977ho/wesnoth-9084/MacOSX/freetype-headers/freetype/internal/ftobjs.h
2026-02-02 12:27:56,337 - Knowledge - INFO - Worker kw10 processing /home/kathan/Kathan/Kavia AI/graphnode-backend-api/data/rdk7542/9084/b7977ho/wesnoth-9084/MacOSX/Wesnoth Scenario Editor/WNEventLookup.m
2026-02-02 12:27:56,391 - Knowledge - INFO - Fast-tracked /home/kathan/Kathan/Kavia AI/graphnode-backend-api/data/rdk7542/9084/b7977ho/wesnoth-9084/MacOSX/Wesnoth Scenario Editor/WNEventLookup.m (ext=.m, size=1616)
2026-02-02 12:27:56,397 - Knowledge - INFO - Worker kw10 processing /home/kathan/Kathan/Kavia AI/graphnode-backend-api/data/rdk7542/9084/b7977ho/wesnoth-9084/MacOSX/Wesnoth Scenario Editor/WNCharacters.h
2026-02-02 12:27:56,630 - Knowledge - INFO - Fast-tracked /home/kathan/Kathan/Kavia AI/graphnode-backend-api/data/rdk7542/9084/b7977ho/wesnoth-9084/MacOSX/Wesnoth Scenario Editor/WNCharacters.h (small file (2204 bytes))
2026-02-02 12:27:56,630 - Knowledge - INFO - Worker kw10 processing /home/kathan/Kathan/Kavia AI/graphnode-backend-api/data/rdk7542/9084/b7977ho/wesnoth-9084/MacOSX/Wesnoth Scenario Editor/WNScenarioList.m
2026-02-02 12:27:56,656 - Knowledge - INFO - Fast-tracked /home/kathan/Kathan/Kavia AI/graphnode-backend-api/data/rdk7542/9084/b7977ho/wesnoth-9084/MacOSX/Wesnoth Scenario Editor/WNScenarioList.m (ext=.m, size=1832)
2026-02-02 12:27:56,683 - Knowledge - INFO - Worker kw10 processing /home/kathan/Kathan/Kavia AI/graphnode-backend-api/data/rdk7542/9084/b7977ho/wesnoth-9084/MacOSX/Wesnoth Scenario Editor/WMLMapPoint.h
2026-02-02 12:27:56,715 - Knowledge - INFO - Fast-tracked /home/kathan/Kathan/Kavia AI/graphnode-backend-api/data/rdk7542/9084/b7977ho/wesnoth-9084/MacOSX/Wesnoth Scenario Editor/WMLMapPoint.h (ext=.h, size=1585)
2026-02-02 12:27:56,794 - Knowledge - INFO - Async storage completed for 6 embeddings
2026-02-02 12:27:57,397 - Knowledge - INFO - process ingested knowledge for /home/kathan/Kathan/Kavia AI/graphnode-backend-api/data/rdk7542/9084/b7977ho/wesnoth-9084/MacOSX/freetype-headers/freetype/ftgzip.h
2026-02-02 12:27:57,654 - Knowledge - INFO - [LLM_CALL] Completed: WMLMapPoint.m:chunk1, Duration: 27057ms, PromptTokens: 4372, CompletionTokens: 988, Cost: $0.00083
2026-02-02 12:27:57,654 - Knowledge - INFO - done ingest for /home/kathan/Kathan/Kavia AI/graphnode-backend-api/data/rdk7542/9084/b7977ho/wesnoth-9084/MacOSX/Wesnoth Scenario Editor/WMLMapPoint.m
2026-02-02 12:27:57,943 - Knowledge - INFO - process ingested knowledge for /home/kathan/Kathan/Kavia AI/graphnode-backend-api/data/rdk7542/9084/b7977ho/wesnoth-9084/MacOSX/Wesnoth Scenario Editor/WNUnits.h
2026-02-02 12:27:58,055 - Knowledge - INFO - [WEBSOCKET] Sent: Type=progress_update, Size: 292, Duration: 0ms
2026-02-02 12:27:58,067 - Knowledge - INFO - [WEBSOCKET] Sent: Type=unknown, Size: ?, Duration: 11ms
2026-02-02 12:27:58,067 - Knowledge - INFO - Progress: 26.8% | Files: 127/474 | Rate: 1.65 files/sec | Queue: 294
2026-02-02 12:27:58,140 - Knowledge - INFO - Processing batch of 6 files
2026-02-02 12:27:58,145 - Knowledge - INFO - process ingested knowledge for /home/kathan/Kathan/Kavia AI/graphnode-backend-api/data/rdk7542/9084/b7977ho/wesnoth-9084/MacOSX/freetype-headers/freetype/internal/ftcalc.h
2026-02-02 12:27:58,416 - Knowledge - INFO - Processing batch of 6 files
2026-02-02 12:27:58,416 - Knowledge - INFO - process ingested knowledge for /home/kathan/Kathan/Kavia AI/graphnode-backend-api/data/rdk7542/9084/b7977ho/wesnoth-9084/MacOSX/Wesnoth Scenario Editor/WMLHelp.txt
2026-02-02 12:27:58,840 - Knowledge - INFO - process ingested knowledge for /home/kathan/Kathan/Kavia AI/graphnode-backend-api/data/rdk7542/9084/b7977ho/wesnoth-9084/MacOSX/freetype-headers/freetype/ftsysio.h
2026-02-02 12:27:59,068 - Knowledge - INFO - process ingested knowledge for /home/kathan/Kathan/Kavia AI/graphnode-backend-api/data/rdk7542/9084/b7977ho/wesnoth-9084/MacOSX/Wesnoth Scenario Editor/SelectionUtils.m
2026-02-02 12:27:59,743 - Knowledge - INFO - process ingested knowledge for /home/kathan/Kathan/Kavia AI/graphnode-backend-api/data/rdk7542/9084/b7977ho/wesnoth-9084/MacOSX/freetype-headers/freetype/internal/pshints.h
2026-02-02 12:28:00,460 - Knowledge - INFO - process ingested knowledge for /home/kathan/Kathan/Kavia AI/graphnode-backend-api/data/rdk7542/9084/b7977ho/wesnoth-9084/MacOSX/freetype-headers/freetype/ttunpat.h
2026-02-02 12:28:01,048 - Knowledge - INFO - [LLM_CALL] Completed: ftimage.h:chunk3, Duration: 8917ms, PromptTokens: 5850, CompletionTokens: 557, Cost: $0.00081
2026-02-02 12:28:01,048 - Knowledge - INFO - done ingest for /home/kathan/Kathan/Kavia AI/graphnode-backend-api/data/rdk7542/9084/b7977ho/wesnoth-9084/MacOSX/freetype-headers/freetype/ftimage.h
2026-02-02 12:28:01,331 - Knowledge - INFO - [kw3] Queue=294, InProgress=0, PendingWorkers=20/20, Completed=130/474 (27.4%)
2026-02-02 12:28:01,331 - Knowledge - INFO - Batch sizing: calculated=6, max_allowed=10, queue=294, active_workers=20/20
2026-02-02 12:28:01,559 - Knowledge - INFO - [LLM_CALL] Completed: ttnameid.h:chunk1, Duration: 79272ms, PromptTokens: 29122, CompletionTokens: 1845, Cost: $0.00365
2026-02-02 12:28:01,571 - Knowledge - INFO - done ingest for /home/kathan/Kathan/Kavia AI/graphnode-backend-api/data/rdk7542/9084/b7977ho/wesnoth-9084/MacOSX/freetype-headers/freetype/ttnameid.h
2026-02-02 12:28:01,828 - Knowledge - INFO - process ingested knowledge for /home/kathan/Kathan/Kavia AI/graphnode-backend-api/data/rdk7542/9084/b7977ho/wesnoth-9084/MacOSX/Wesnoth Scenario Editor/WNCampaign.h
2026-02-02 12:28:01,889 - Knowledge - INFO - [LLM_CALL] Completed: ftglyph.h:chunk1, Duration: 79258ms, PromptTokens: 10760, CompletionTokens: 663, Cost: $0.00134
2026-02-02 12:28:01,889 - Knowledge - INFO - done ingest for /home/kathan/Kathan/Kavia AI/graphnode-backend-api/data/rdk7542/9084/b7977ho/wesnoth-9084/MacOSX/freetype-headers/freetype/ftglyph.h
2026-02-02 12:28:01,975 - Knowledge - INFO - Processing batch of 6 files
2026-02-02 12:28:01,975 - Knowledge - INFO - process ingested knowledge for /home/kathan/Kathan/Kavia AI/graphnode-backend-api/data/rdk7542/9084/b7977ho/wesnoth-9084/MacOSX/freetype-headers/freetype/cache/ftcglyph.h
2026-02-02 12:28:02,026 - Knowledge - INFO - [LLM_CALL] Completed: tttypes.h:chunk2, Duration: 30833ms, PromptTokens: 10434, CompletionTokens: 332, Cost: $0.00118
2026-02-02 12:28:02,093 - Knowledge - INFO - process ingested knowledge for /home/kathan/Kathan/Kavia AI/graphnode-backend-api/data/rdk7542/9084/b7977ho/wesnoth-9084/MacOSX/freetype-headers/freetype/ftstroke.h
2026-02-02 12:28:02,624 - Knowledge - INFO - process ingested knowledge for /home/kathan/Kathan/Kavia AI/graphnode-backend-api/data/rdk7542/9084/b7977ho/wesnoth-9084/MacOSX/Wesnoth Scenario Editor/WMLSide.m
2026-02-02 12:28:02,635 - Knowledge - INFO - [kw2] Queue=294, InProgress=0, PendingWorkers=20/20, Completed=131/474 (27.6%)
2026-02-02 12:28:02,635 - Knowledge - INFO - Batch sizing: calculated=6, max_allowed=10, queue=294, active_workers=20/20
2026-02-02 12:28:02,818 - Knowledge - INFO - process ingested knowledge for /home/kathan/Kathan/Kavia AI/graphnode-backend-api/data/rdk7542/9084/b7977ho/wesnoth-9084/MacOSX/freetype-headers/freetype/cache/ftccache.h
2026-02-02 12:28:02,869 - Knowledge - INFO - process ingested knowledge for /home/kathan/Kathan/Kavia AI/graphnode-backend-api/data/rdk7542/9084/b7977ho/wesnoth-9084/MacOSX/freetype-headers/freetype/ftcache.h
2026-02-02 12:28:03,179 - Knowledge - INFO - Processing batch of 6 files
2026-02-02 12:28:03,185 - Knowledge - INFO - process ingested knowledge for /home/kathan/Kathan/Kavia AI/graphnode-backend-api/data/rdk7542/9084/b7977ho/wesnoth-9084/MacOSX/freetype-headers/freetype/config/ftmodule.h
2026-02-02 12:28:03,627 - Knowledge - INFO - [LLM_CALL] Completed: WNCharacterEditor.m:chunk1, Duration: 33368ms, PromptTokens: 2788, CompletionTokens: 1196, Cost: $0.00076
2026-02-02 12:28:03,633 - Knowledge - INFO - done ingest for /home/kathan/Kathan/Kavia AI/graphnode-backend-api/data/rdk7542/9084/b7977ho/wesnoth-9084/MacOSX/Wesnoth Scenario Editor/WNCharacterEditor.m
2026-02-02 12:28:04,031 - Knowledge - INFO - Async storing batch of 6 embeddings
2026-02-02 12:28:04,036 - Knowledge - INFO - Worker kw3 processing /home/kathan/Kathan/Kavia AI/graphnode-backend-api/data/rdk7542/9084/b7977ho/wesnoth-9084/MacOSX/Wesnoth Scenario Editor/WNTerrainList.h
2026-02-02 12:28:04,052 - Knowledge - INFO - process ingested knowledge for /home/kathan/Kathan/Kavia AI/graphnode-backend-api/data/rdk7542/9084/b7977ho/wesnoth-9084/MacOSX/Wesnoth Scenario Editor/WNTerrainView.m
2026-02-02 12:28:04,063 - Knowledge - INFO - Fast-tracked /home/kathan/Kathan/Kavia AI/graphnode-backend-api/data/rdk7542/9084/b7977ho/wesnoth-9084/MacOSX/Wesnoth Scenario Editor/WNTerrainList.h (ext=.h, size=280)
2026-02-02 12:28:04,078 - Knowledge - INFO - process ingested knowledge for /home/kathan/Kathan/Kavia AI/graphnode-backend-api/data/rdk7542/9084/b7977ho/wesnoth-9084/MacOSX/freetype-headers/freetype/internal/psaux.h
2026-02-02 12:28:04,097 - Knowledge - INFO - Async storing batch of 6 embeddings
2026-02-02 12:28:04,118 - Knowledge - INFO - Worker kw3 processing /home/kathan/Kathan/Kavia AI/graphnode-backend-api/data/rdk7542/9084/b7977ho/wesnoth-9084/MacOSX/Wesnoth Scenario Editor/WNUnitList.m
2026-02-02 12:28:04,124 - Knowledge - INFO - process ingested knowledge for /home/kathan/Kathan/Kavia AI/graphnode-backend-api/data/rdk7542/9084/b7977ho/wesnoth-9084/MacOSX/freetype-headers/freetype/cache/ftcimage.h
2026-02-02 12:28:04,211 - Knowledge - INFO - Worker kw2 processing /home/kathan/Kathan/Kavia AI/graphnode-backend-api/data/rdk7542/9084/b7977ho/wesnoth-9084/MacOSX/Wesnoth Scenario Editor/WNCustomDialogView.m
2026-02-02 12:28:04,275 - Knowledge - INFO - Fast-tracked /home/kathan/Kathan/Kavia AI/graphnode-backend-api/data/rdk7542/9084/b7977ho/wesnoth-9084/MacOSX/Wesnoth Scenario Editor/WNUnitList.m (ext=.m, size=892)
2026-02-02 12:28:04,280 - Knowledge - INFO - Worker kw3 processing /home/kathan/Kathan/Kavia AI/graphnode-backend-api/data/rdk7542/9084/b7977ho/wesnoth-9084/MacOSX/Wesnoth Scenario Editor/WNFileLocations.h
2026-02-02 12:28:04,286 - Knowledge - INFO - Fast-tracked /home/kathan/Kathan/Kavia AI/graphnode-backend-api/data/rdk7542/9084/b7977ho/wesnoth-9084/MacOSX/Wesnoth Scenario Editor/WNFileLocations.h (ext=.h, size=830)
2026-02-02 12:28:04,286 - Knowledge - INFO - Worker kw3 processing /home/kathan/Kathan/Kavia AI/graphnode-backend-api/data/rdk7542/9084/b7977ho/wesnoth-9084/MacOSX/Wesnoth Scenario Editor/WNCharacterList.m
2026-02-02 12:28:04,289 - Knowledge - INFO - Fast-tracked /home/kathan/Kathan/Kavia AI/graphnode-backend-api/data/rdk7542/9084/b7977ho/wesnoth-9084/MacOSX/Wesnoth Scenario Editor/WNCustomDialogView.m (ext=.m, size=1788)
2026-02-02 12:28:04,289 - Knowledge - INFO - Worker kw2 processing /home/kathan/Kathan/Kavia AI/graphnode-backend-api/data/rdk7542/9084/b7977ho/wesnoth-9084/MacOSX/Wesnoth Scenario Editor/WNCharacters.m
2026-02-02 12:28:04,290 - Knowledge - INFO - Fast-tracked /home/kathan/Kathan/Kavia AI/graphnode-backend-api/data/rdk7542/9084/b7977ho/wesnoth-9084/MacOSX/Wesnoth Scenario Editor/WNCharacterList.m (ext=.m, size=1015)
2026-02-02 12:28:04,290 - Knowledge - INFO - Worker kw3 processing /home/kathan/Kathan/Kavia AI/graphnode-backend-api/data/rdk7542/9084/b7977ho/wesnoth-9084/MacOSX/Wesnoth Scenario Editor/WNTeamList.h
2026-02-02 12:28:04,290 - Knowledge - INFO - Fast-tracked /home/kathan/Kathan/Kavia AI/graphnode-backend-api/data/rdk7542/9084/b7977ho/wesnoth-9084/MacOSX/Wesnoth Scenario Editor/WNTeamList.h (ext=.h, size=261)
2026-02-02 12:28:04,290 - Knowledge - INFO - Worker kw3 processing /home/kathan/Kathan/Kavia AI/graphnode-backend-api/data/rdk7542/9084/b7977ho/wesnoth-9084/MacOSX/Wesnoth Scenario Editor/WMLTerrain.h
2026-02-02 12:28:04,290 - Knowledge - INFO - Fast-tracked /home/kathan/Kathan/Kavia AI/graphnode-backend-api/data/rdk7542/9084/b7977ho/wesnoth-9084/MacOSX/Wesnoth Scenario Editor/WMLTerrain.h (ext=.h, size=666)
2026-02-02 12:28:04,303 - Knowledge - INFO - Async storage completed for 6 embeddings
2026-02-02 12:28:04,375 - Knowledge - INFO - Worker kw2 processing /home/kathan/Kathan/Kavia AI/graphnode-backend-api/data/rdk7542/9084/b7977ho/wesnoth-9084/MacOSX/Wesnoth Scenario Editor/WNVictoryList.h
2026-02-02 12:28:04,423 - Knowledge - INFO - Fast-tracked /home/kathan/Kathan/Kavia AI/graphnode-backend-api/data/rdk7542/9084/b7977ho/wesnoth-9084/MacOSX/Wesnoth Scenario Editor/WNVictoryList.h (ext=.h, size=395)
2026-02-02 12:28:04,423 - Knowledge - INFO - Worker kw2 processing /home/kathan/Kathan/Kavia AI/graphnode-backend-api/data/rdk7542/9084/b7977ho/wesnoth-9084/MacOSX/Wesnoth Scenario Editor/WMLTag.h
2026-02-02 12:28:04,424 - Knowledge - INFO - Fast-tracked /home/kathan/Kathan/Kavia AI/graphnode-backend-api/data/rdk7542/9084/b7977ho/wesnoth-9084/MacOSX/Wesnoth Scenario Editor/WMLTag.h (ext=.h, size=749)
2026-02-02 12:28:04,424 - Knowledge - INFO - Worker kw2 processing /home/kathan/Kathan/Kavia AI/graphnode-backend-api/data/rdk7542/9084/b7977ho/wesnoth-9084/MacOSX/Wesnoth Scenario Editor/WNEventEditor.m
2026-02-02 12:28:04,467 - Knowledge - INFO - process ingested knowledge for /home/kathan/Kathan/Kavia AI/graphnode-backend-api/data/rdk7542/9084/b7977ho/wesnoth-9084/MacOSX/freetype-headers/freetype/config/ftheader.h
2026-02-02 12:28:04,560 - Knowledge - INFO - Worker kw2 processing /home/kathan/Kathan/Kavia AI/graphnode-backend-api/data/rdk7542/9084/b7977ho/wesnoth-9084/MacOSX/Wesnoth Scenario Editor/WNSideList.h
2026-02-02 12:28:04,656 - Knowledge - INFO - Fast-tracked /home/kathan/Kathan/Kavia AI/graphnode-backend-api/data/rdk7542/9084/b7977ho/wesnoth-9084/MacOSX/Wesnoth Scenario Editor/WNSideList.h (ext=.h, size=399)
2026-02-02 12:28:04,657 - Knowledge - INFO - Async storage completed for 6 embeddings
2026-02-02 12:28:05,118 - Knowledge - INFO - [LLM_CALL] Completed: WMLMap.m:chunk1, Duration: 33849ms, PromptTokens: 7468, CompletionTokens: 1252, Cost: $0.00125
2026-02-02 12:28:05,118 - Knowledge - INFO - done ingest for /home/kathan/Kathan/Kavia AI/graphnode-backend-api/data/rdk7542/9084/b7977ho/wesnoth-9084/MacOSX/Wesnoth Scenario Editor/WMLMap.m
2026-02-02 12:28:05,202 - Knowledge - INFO - [LLM_CALL] Completed: WMLTag.m:chunk1, Duration: 8971ms, PromptTokens: 3298, CompletionTokens: 699, Cost: $0.00061
2026-02-02 12:28:05,202 - Knowledge - INFO - done ingest for /home/kathan/Kathan/Kavia AI/graphnode-backend-api/data/rdk7542/9084/b7977ho/wesnoth-9084/MacOSX/Wesnoth Scenario Editor/WMLTag.m
2026-02-02 12:28:05,249 - Knowledge - INFO - process ingested knowledge for /home/kathan/Kathan/Kavia AI/graphnode-backend-api/data/rdk7542/9084/b7977ho/wesnoth-9084/MacOSX/freetype-headers/freetype/ftmodapi.h
2026-02-02 12:28:05,250 - Knowledge - INFO - process ingested knowledge for /home/kathan/Kathan/Kavia AI/graphnode-backend-api/data/rdk7542/9084/b7977ho/wesnoth-9084/MacOSX/freetype-headers/freetype/fttypes.h
2026-02-02 12:28:05,278 - Knowledge - INFO - process ingested knowledge for /home/kathan/Kathan/Kavia AI/graphnode-backend-api/data/rdk7542/9084/b7977ho/wesnoth-9084/MacOSX/Wesnoth Scenario Editor/WMLSideDetail.m
2026-02-02 12:28:05,279 - Knowledge - INFO - process ingested knowledge for /home/kathan/Kathan/Kavia AI/graphnode-backend-api/data/rdk7542/9084/b7977ho/wesnoth-9084/MacOSX/freetype-headers/freetype/config/ftoption.h
2026-02-02 12:28:05,528 - Knowledge - INFO - process ingested knowledge for /home/kathan/Kathan/Kavia AI/graphnode-backend-api/data/rdk7542/9084/b7977ho/wesnoth-9084/MacOSX/freetype-headers/freetype/cache/ftccmap.h
2026-02-02 12:28:05,764 - Knowledge - INFO - process ingested knowledge for /home/kathan/Kathan/Kavia AI/graphnode-backend-api/data/rdk7542/9084/b7977ho/wesnoth-9084/MacOSX/Wesnoth Scenario Editor/WNCustomDialogView.h
2026-02-02 12:28:06,372 - Knowledge - INFO - [LLM_CALL] Completed: WNUnits.m:chunk1, Duration: 34509ms, PromptTokens: 3432, CompletionTokens: 781, Cost: $0.00066
2026-02-02 12:28:06,400 - Knowledge - INFO - process ingested knowledge for /home/kathan/Kathan/Kavia AI/graphnode-backend-api/data/rdk7542/9084/b7977ho/wesnoth-9084/MacOSX/freetype-headers/freetype/tttags.h
2026-02-02 12:28:06,412 - Knowledge - INFO - done ingest for /home/kathan/Kathan/Kavia AI/graphnode-backend-api/data/rdk7542/9084/b7977ho/wesnoth-9084/MacOSX/Wesnoth Scenario Editor/WNUnits.m
2026-02-02 12:28:06,441 - Knowledge - INFO - [WEBSOCKET] Sent: Type=progress_update, Size: 292, Duration: 0ms
2026-02-02 12:28:06,457 - Knowledge - INFO - process ingested knowledge for /home/kathan/Kathan/Kavia AI/graphnode-backend-api/data/rdk7542/9084/b7977ho/wesnoth-9084/MacOSX/freetype-headers/freetype/ftbdf.h
2026-02-02 12:28:06,506 - Knowledge - INFO - process ingested knowledge for /home/kathan/Kathan/Kavia AI/graphnode-backend-api/data/rdk7542/9084/b7977ho/wesnoth-9084/MacOSX/freetype-headers/freetype/config/ftstdlib.h
2026-02-02 12:28:06,619 - Knowledge - INFO - [LLM_CALL] Completed: tttypes.h:chunk3, Duration: 4594ms, PromptTokens: 7346, CompletionTokens: 329, Cost: $0.00087
2026-02-02 12:28:06,685 - Knowledge - INFO - done ingest for /home/kathan/Kathan/Kavia AI/graphnode-backend-api/data/rdk7542/9084/b7977ho/wesnoth-9084/MacOSX/freetype-headers/freetype/internal/tttypes.h
2026-02-02 12:28:06,692 - Knowledge - INFO - [WEBSOCKET] Sent: Type=unknown, Size: ?, Duration: 250ms
2026-02-02 12:28:06,753 - Knowledge - INFO - Progress: 30.4% | Files: 145/474 | Rate: 1.69 files/sec | Queue: 282
2026-02-02 12:28:07,694 - Knowledge - INFO - process ingested knowledge for /home/kathan/Kathan/Kavia AI/graphnode-backend-api/data/rdk7542/9084/b7977ho/wesnoth-9084/MacOSX/Wesnoth Scenario Editor/WNCampaignIconView.h
2026-02-02 12:28:07,715 - Knowledge - INFO - process ingested knowledge for /home/kathan/Kathan/Kavia AI/graphnode-backend-api/data/rdk7542/9084/b7977ho/wesnoth-9084/MacOSX/freetype-headers/freetype/tttables.h
2026-02-02 12:28:07,715 - Knowledge - INFO - process ingested knowledge for /home/kathan/Kathan/Kavia AI/graphnode-backend-api/data/rdk7542/9084/b7977ho/wesnoth-9084/MacOSX/freetype-headers/freetype/config/ftconfig.h
2026-02-02 12:28:07,767 - Knowledge - INFO - Processing batch of 6 files
2026-02-02 12:28:07,768 - Knowledge - INFO - process ingested knowledge for /home/kathan/Kathan/Kavia AI/graphnode-backend-api/data/rdk7542/9084/b7977ho/wesnoth-9084/MacOSX/Wesnoth Scenario Editor/WNTerrainList.m
2026-02-02 12:28:08,146 - Knowledge - INFO - [LLM_CALL] Completed: WNLoadSave.m:chunk1, Duration: 25605ms, PromptTokens: 2768, CompletionTokens: 2198, Cost: $0.00116
2026-02-02 12:28:08,146 - Knowledge - INFO - done ingest for /home/kathan/Kathan/Kavia AI/graphnode-backend-api/data/rdk7542/9084/b7977ho/wesnoth-9084/MacOSX/Wesnoth Scenario Editor/WNLoadSave.m
2026-02-02 12:28:08,164 - Knowledge - INFO - [kw19] Queue=282, InProgress=0, PendingWorkers=20/20, Completed=155/474 (32.7%)
2026-02-02 12:28:08,187 - Knowledge - INFO - Batch sizing: calculated=6, max_allowed=10, queue=282, active_workers=20/20
2026-02-02 12:28:08,613 - Knowledge - INFO - [kw5] Queue=282, InProgress=0, PendingWorkers=20/20, Completed=155/474 (32.7%)
2026-02-02 12:28:08,614 - Knowledge - INFO - Batch sizing: calculated=6, max_allowed=10, queue=282, active_workers=20/20
2026-02-02 12:28:08,631 - Knowledge - INFO - process ingested knowledge for /home/kathan/Kathan/Kavia AI/graphnode-backend-api/data/rdk7542/9084/b7977ho/wesnoth-9084/MacOSX/freetype-headers/freetype/ftmm.h
2026-02-02 12:28:08,642 - Knowledge - INFO - process ingested knowledge for /home/kathan/Kathan/Kavia AI/graphnode-backend-api/data/rdk7542/9084/b7977ho/wesnoth-9084/MacOSX/Wesnoth Scenario Editor/WNTerrains.h
2026-02-02 12:28:08,648 - Knowledge - INFO - process ingested knowledge for /home/kathan/Kathan/Kavia AI/graphnode-backend-api/data/rdk7542/9084/b7977ho/wesnoth-9084/MacOSX/Wesnoth Scenario Editor/WMLTag.m
2026-02-02 12:28:08,662 - Knowledge - INFO - [LLM_CALL] Completed: WMLScenario.m:chunk1, Duration: 13670ms, PromptTokens: 7458, CompletionTokens: 1361, Cost: $0.00129
2026-02-02 12:28:08,663 - Knowledge - INFO - done ingest for /home/kathan/Kathan/Kavia AI/graphnode-backend-api/data/rdk7542/9084/b7977ho/wesnoth-9084/MacOSX/Wesnoth Scenario Editor/WMLScenario.m
2026-02-02 12:28:08,838 - Knowledge - INFO - Async storing batch of 6 embeddings
2026-02-02 12:28:08,839 - Knowledge - INFO - Worker kw19 processing /home/kathan/Kathan/Kavia AI/graphnode-backend-api/data/rdk7542/9084/b7977ho/wesnoth-9084/MacOSX/Wesnoth Scenario Editor/WNCharacterEditor.h
2026-02-02 12:28:08,840 - Knowledge - INFO - Fast-tracked /home/kathan/Kathan/Kavia AI/graphnode-backend-api/data/rdk7542/9084/b7977ho/wesnoth-9084/MacOSX/Wesnoth Scenario Editor/WNCharacterEditor.h (ext=.h, size=1335)
2026-02-02 12:28:08,840 - Knowledge - INFO - Worker kw19 processing /home/kathan/Kathan/Kavia AI/graphnode-backend-api/data/rdk7542/9084/b7977ho/wesnoth-9084/MacOSX/Wesnoth Scenario Editor/WNVictoryList.m
2026-02-02 12:28:08,840 - Knowledge - INFO - Fast-tracked /home/kathan/Kathan/Kavia AI/graphnode-backend-api/data/rdk7542/9084/b7977ho/wesnoth-9084/MacOSX/Wesnoth Scenario Editor/WNVictoryList.m (ext=.m, size=785)
2026-02-02 12:28:08,840 - Knowledge - INFO - Worker kw19 processing /home/kathan/Kathan/Kavia AI/graphnode-backend-api/data/rdk7542/9084/b7977ho/wesnoth-9084/MacOSX/Wesnoth Scenario Editor/WNTerrains.m
2026-02-02 12:28:08,841 - Knowledge - INFO - [kw15] Queue=270, InProgress=0, PendingWorkers=20/20, Completed=161/474 (34.0%)
2026-02-02 12:28:08,841 - Knowledge - INFO - Batch sizing: calculated=6, max_allowed=10, queue=270, active_workers=20/20
2026-02-02 12:28:08,841 - Knowledge - INFO - Async storing batch of 6 embeddings
2026-02-02 12:28:08,843 - Knowledge - INFO - Worker kw5 processing /home/kathan/Kathan/Kavia AI/graphnode-backend-api/data/rdk7542/9084/b7977ho/wesnoth-9084/MacOSX/Wesnoth Scenario Editor/WNMapTabViewDelegate.h
2026-02-02 12:28:08,843 - Knowledge - INFO - Fast-tracked /home/kathan/Kathan/Kavia AI/graphnode-backend-api/data/rdk7542/9084/b7977ho/wesnoth-9084/MacOSX/Wesnoth Scenario Editor/WNMapTabViewDelegate.h (ext=.h, size=243)
2026-02-02 12:28:08,844 - Knowledge - INFO - Processing batch of 6 files
2026-02-02 12:28:08,844 - Knowledge - INFO - Worker kw5 processing /home/kathan/Kathan/Kavia AI/graphnode-backend-api/data/rdk7542/9084/b7977ho/wesnoth-9084/MacOSX/Wesnoth Scenario Editor/HexUtils.h
2026-02-02 12:28:08,845 - Knowledge - INFO - process ingested knowledge for /home/kathan/Kathan/Kavia AI/graphnode-backend-api/data/rdk7542/9084/b7977ho/wesnoth-9084/MacOSX/freetype-headers/freetype/fttrigon.h
2026-02-02 12:28:08,847 - Knowledge - INFO - Worker kw19 processing /home/kathan/Kathan/Kavia AI/graphnode-backend-api/data/rdk7542/9084/b7977ho/wesnoth-9084/MacOSX/Wesnoth Scenario Editor/WNDefeatList.h
2026-02-02 12:28:08,853 - Knowledge - INFO - Fast-tracked /home/kathan/Kathan/Kavia AI/graphnode-backend-api/data/rdk7542/9084/b7977ho/wesnoth-9084/MacOSX/Wesnoth Scenario Editor/HexUtils.h (ext=.h, size=472)
2026-02-02 12:28:08,853 - Knowledge - INFO - Worker kw5 processing /home/kathan/Kathan/Kavia AI/graphnode-backend-api/data/rdk7542/9084/b7977ho/wesnoth-9084/MacOSX/Wesnoth Scenario Editor/WMLScenarioDetails.m
2026-02-02 12:28:08,854 - Knowledge - INFO - Fast-tracked /home/kathan/Kathan/Kavia AI/graphnode-backend-api/data/rdk7542/9084/b7977ho/wesnoth-9084/MacOSX/Wesnoth Scenario Editor/WMLScenarioDetails.m (ext=.m, size=1415)
2026-02-02 12:28:08,859 - Knowledge - INFO - Worker kw5 processing /home/kathan/Kathan/Kavia AI/graphnode-backend-api/data/rdk7542/9084/b7977ho/wesnoth-9084/MacOSX/Wesnoth Scenario Editor/WNTerrainMapView.m
2026-02-02 12:28:08,865 - Knowledge - INFO - Fast-tracked /home/kathan/Kathan/Kavia AI/graphnode-backend-api/data/rdk7542/9084/b7977ho/wesnoth-9084/MacOSX/Wesnoth Scenario Editor/WNDefeatList.h (ext=.h, size=393)
2026-02-02 12:28:08,871 - Knowledge - INFO - Worker kw19 processing /home/kathan/Kathan/Kavia AI/graphnode-backend-api/data/rdk7542/9084/b7977ho/wesnoth-9084/MacOSX/Wesnoth Scenario Editor/WNEventLookup.h
2026-02-02 12:28:08,871 - Knowledge - INFO - Processing batch of 6 files
2026-02-02 12:28:08,871 - Knowledge - INFO - Fast-tracked /home/kathan/Kathan/Kavia AI/graphnode-backend-api/data/rdk7542/9084/b7977ho/wesnoth-9084/MacOSX/Wesnoth Scenario Editor/WNTerrainMapView.m (ext=.m, size=112)
2026-02-02 12:28:08,905 - Knowledge - INFO - process ingested knowledge for /home/kathan/Kathan/Kavia AI/graphnode-backend-api/data/rdk7542/9084/b7977ho/wesnoth-9084/MacOSX/freetype-headers/freetype/ftmac.h
2026-02-02 12:28:08,905 - Knowledge - INFO - Fast-tracked /home/kathan/Kathan/Kavia AI/graphnode-backend-api/data/rdk7542/9084/b7977ho/wesnoth-9084/MacOSX/Wesnoth Scenario Editor/WNEventLookup.h (ext=.h, size=478)
2026-02-02 12:28:08,905 - Knowledge - INFO - Worker kw5 processing /home/kathan/Kathan/Kavia AI/graphnode-backend-api/data/rdk7542/9084/b7977ho/wesnoth-9084/MacOSX/Wesnoth Scenario Editor/WNSideList.m
2026-02-02 12:28:08,906 - Knowledge - INFO - Worker kw19 processing /home/kathan/Kathan/Kavia AI/graphnode-backend-api/data/rdk7542/9084/b7977ho/wesnoth-9084/MacOSX/Wesnoth Scenario Editor/WNEventDataSource.m
2026-02-02 12:28:08,907 - Knowledge - INFO - Fast-tracked /home/kathan/Kathan/Kavia AI/graphnode-backend-api/data/rdk7542/9084/b7977ho/wesnoth-9084/MacOSX/Wesnoth Scenario Editor/WNSideList.m (small file (2179 bytes))
2026-02-02 12:28:08,907 - Knowledge - INFO - Worker kw5 processing /home/kathan/Kathan/Kavia AI/graphnode-backend-api/data/rdk7542/9084/b7977ho/wesnoth-9084/MacOSX/Wesnoth Scenario Editor/WNTerrainView.h
2026-02-02 12:28:08,907 - Knowledge - INFO - Fast-tracked /home/kathan/Kathan/Kavia AI/graphnode-backend-api/data/rdk7542/9084/b7977ho/wesnoth-9084/MacOSX/Wesnoth Scenario Editor/WNTerrainView.h (ext=.h, size=115)
2026-02-02 12:28:08,908 - Knowledge - INFO - Async storage completed for 6 embeddings
2026-02-02 12:28:08,908 - Knowledge - INFO - Fast-tracked /home/kathan/Kathan/Kavia AI/graphnode-backend-api/data/rdk7542/9084/b7977ho/wesnoth-9084/MacOSX/Wesnoth Scenario Editor/WNEventDataSource.m (small file (2012 bytes))
2026-02-02 12:28:08,909 - Knowledge - INFO - Async storage completed for 6 embeddings
2026-02-02 12:28:08,934 - Knowledge - INFO - process ingested knowledge for /home/kathan/Kathan/Kavia AI/graphnode-backend-api/data/rdk7542/9084/b7977ho/wesnoth-9084/MacOSX/Wesnoth Scenario Editor/WNEventLookup.m
2026-02-02 12:28:08,935 - Knowledge - INFO - process ingested knowledge for /home/kathan/Kathan/Kavia AI/graphnode-backend-api/data/rdk7542/9084/b7977ho/wesnoth-9084/MacOSX/freetype-headers/freetype/ftlist.h
2026-02-02 12:28:08,935 - Knowledge - INFO - Async storing batch of 6 embeddings
2026-02-02 12:28:08,937 - Knowledge - INFO - Worker kw15 processing /home/kathan/Kathan/Kavia AI/graphnode-backend-api/data/rdk7542/9084/b7977ho/wesnoth-9084/MacOSX/Wesnoth Scenario Editor/WNCharacterListView.h
2026-02-02 12:28:08,937 - Knowledge - INFO - Fast-tracked /home/kathan/Kathan/Kavia AI/graphnode-backend-api/data/rdk7542/9084/b7977ho/wesnoth-9084/MacOSX/Wesnoth Scenario Editor/WNCharacterListView.h (ext=.h, size=136)
2026-02-02 12:28:08,937 - Knowledge - INFO - Worker kw15 processing /home/kathan/Kathan/Kavia AI/graphnode-backend-api/data/rdk7542/9084/b7977ho/wesnoth-9084/MacOSX/Wesnoth Scenario Editor/WMLCampaign.m
2026-02-02 12:28:08,938 - Knowledge - INFO - Processing batch of 6 files
2026-02-02 12:28:08,938 - Knowledge - INFO - process ingested knowledge for /home/kathan/Kathan/Kavia AI/graphnode-backend-api/data/rdk7542/9084/b7977ho/wesnoth-9084/MacOSX/Wesnoth Scenario Editor/WNScenario.h
2026-02-02 12:28:08,941 - Knowledge - INFO - Worker kw15 processing /home/kathan/Kathan/Kavia AI/graphnode-backend-api/data/rdk7542/9084/b7977ho/wesnoth-9084/MacOSX/Wesnoth Scenario Editor/WNScenarioDesignDelegate.m
2026-02-02 12:28:08,941 - Knowledge - INFO - Fast-tracked /home/kathan/Kathan/Kavia AI/graphnode-backend-api/data/rdk7542/9084/b7977ho/wesnoth-9084/MacOSX/Wesnoth Scenario Editor/WNScenarioDesignDelegate.m (ext=.m, size=343)
2026-02-02 12:28:08,941 - Knowledge - INFO - Worker kw15 processing /home/kathan/Kathan/Kavia AI/graphnode-backend-api/data/rdk7542/9084/b7977ho/wesnoth-9084/MacOSX/Wesnoth Scenario Editor/WNMapView.h
2026-02-02 12:28:08,941 - Knowledge - INFO - Fast-tracked /home/kathan/Kathan/Kavia AI/graphnode-backend-api/data/rdk7542/9084/b7977ho/wesnoth-9084/MacOSX/Wesnoth Scenario Editor/WNMapView.h (ext=.h, size=1123)
2026-02-02 12:28:08,941 - Knowledge - INFO - Worker kw15 processing /home/kathan/Kathan/Kavia AI/graphnode-backend-api/data/rdk7542/9084/b7977ho/wesnoth-9084/MacOSX/Wesnoth Scenario Editor/WNRecruitListView.h
2026-02-02 12:28:08,941 - Knowledge - INFO - Fast-tracked /home/kathan/Kathan/Kavia AI/graphnode-backend-api/data/rdk7542/9084/b7977ho/wesnoth-9084/MacOSX/Wesnoth Scenario Editor/WNRecruitListView.h (ext=.h, size=133)
2026-02-02 12:28:08,941 - Knowledge - INFO - Worker kw15 processing /home/kathan/Kathan/Kavia AI/graphnode-backend-api/data/rdk7542/9084/b7977ho/wesnoth-9084/MacOSX/Wesnoth Scenario Editor/WNUnitMapView.m
2026-02-02 12:28:08,942 - Knowledge - INFO - Fast-tracked /home/kathan/Kathan/Kavia AI/graphnode-backend-api/data/rdk7542/9084/b7977ho/wesnoth-9084/MacOSX/Wesnoth Scenario Editor/WNUnitMapView.m (ext=.m, size=106)
2026-02-02 12:28:08,949 - Knowledge - INFO - Async storage completed for 6 embeddings
2026-02-02 12:28:09,007 - Knowledge - INFO - process ingested knowledge for /home/kathan/Kathan/Kavia AI/graphnode-backend-api/data/rdk7542/9084/b7977ho/wesnoth-9084/MacOSX/freetype-headers/freetype/ftimage.h
2026-02-02 12:28:09,076 - Knowledge - INFO - process ingested knowledge for /home/kathan/Kathan/Kavia AI/graphnode-backend-api/data/rdk7542/9084/b7977ho/wesnoth-9084/MacOSX/Wesnoth Scenario Editor/WNCharacters.h
2026-02-02 12:28:09,153 - Knowledge - INFO - process ingested knowledge for /home/kathan/Kathan/Kavia AI/graphnode-backend-api/data/rdk7542/9084/b7977ho/wesnoth-9084/MacOSX/freetype-headers/freetype/ftincrem.h
2026-02-02 12:28:09,153 - Knowledge - INFO - process ingested knowledge for /home/kathan/Kathan/Kavia AI/graphnode-backend-api/data/rdk7542/9084/b7977ho/wesnoth-9084/MacOSX/freetype-headers/freetype/ftsystem.h
2026-02-02 12:28:09,195 - Knowledge - INFO - process ingested knowledge for /home/kathan/Kathan/Kavia AI/graphnode-backend-api/data/rdk7542/9084/b7977ho/wesnoth-9084/MacOSX/Wesnoth Scenario Editor/WNScenarioList.m
2026-02-02 12:28:09,272 - Knowledge - INFO - process ingested knowledge for /home/kathan/Kathan/Kavia AI/graphnode-backend-api/data/rdk7542/9084/b7977ho/wesnoth-9084/MacOSX/Wesnoth Scenario Editor/WMLCampaign.h
2026-02-02 12:28:09,354 - Knowledge - INFO - process ingested knowledge for /home/kathan/Kathan/Kavia AI/graphnode-backend-api/data/rdk7542/9084/b7977ho/wesnoth-9084/MacOSX/freetype-headers/freetype/ftmoderr.h
2026-02-02 12:28:09,354 - Knowledge - INFO - process ingested knowledge for /home/kathan/Kathan/Kavia AI/graphnode-backend-api/data/rdk7542/9084/b7977ho/wesnoth-9084/MacOSX/freetype-headers/freetype/cache/ftcsbits.h
2026-02-02 12:28:09,355 - Knowledge - INFO - Processing batch of 6 files
2026-02-02 12:28:09,356 - Knowledge - INFO - process ingested knowledge for /home/kathan/Kathan/Kavia AI/graphnode-backend-api/data/rdk7542/9084/b7977ho/wesnoth-9084/MacOSX/Wesnoth Scenario Editor/WNIconListView.h
2026-02-02 12:28:09,356 - Knowledge - INFO - [WEBSOCKET] Sent: Type=progress_update, Size: 292, Duration: 0ms
2026-02-02 12:28:09,357 - Knowledge - INFO - [WEBSOCKET] Sent: Type=unknown, Size: ?, Duration: 1ms
2026-02-02 12:28:09,357 - Knowledge - INFO - Progress: 38.4% | Files: 182/474 | Rate: 2.03 files/sec | Queue: 264
2026-02-02 12:28:09,399 - Knowledge - INFO - process ingested knowledge for /home/kathan/Kathan/Kavia AI/graphnode-backend-api/data/rdk7542/9084/b7977ho/wesnoth-9084/MacOSX/Wesnoth Scenario Editor/WNCharacterEditor.m
2026-02-02 12:28:09,467 - Knowledge - INFO - process ingested knowledge for /home/kathan/Kathan/Kavia AI/graphnode-backend-api/data/rdk7542/9084/b7977ho/wesnoth-9084/MacOSX/freetype-headers/freetype/ftbbox.h
2026-02-02 12:28:09,469 - Knowledge - INFO - Processing batch of 6 files
2026-02-02 12:28:09,469 - Knowledge - INFO - process ingested knowledge for /home/kathan/Kathan/Kavia AI/graphnode-backend-api/data/rdk7542/9084/b7977ho/wesnoth-9084/MacOSX/Wesnoth Scenario Editor/WNTerrainList.h
2026-02-02 12:28:09,529 - Knowledge - INFO - process ingested knowledge for /home/kathan/Kathan/Kavia AI/graphnode-backend-api/data/rdk7542/9084/b7977ho/wesnoth-9084/MacOSX/freetype-headers/freetype/cache/ftcmanag.h
2026-02-02 12:28:09,530 - Knowledge - INFO - process ingested knowledge for /home/kathan/Kathan/Kavia AI/graphnode-backend-api/data/rdk7542/9084/b7977ho/wesnoth-9084/MacOSX/Wesnoth Scenario Editor/WNFileLocations.m
2026-02-02 12:28:09,531 - Knowledge - INFO - [kw6] Queue=264, InProgress=0, PendingWorkers=20/20, Completed=185/474 (39.0%)
2026-02-02 12:28:09,531 - Knowledge - INFO - Batch sizing: calculated=6, max_allowed=10, queue=264, active_workers=20/20
2026-02-02 12:28:09,532 - Knowledge - INFO - process ingested knowledge for /home/kathan/Kathan/Kavia AI/graphnode-backend-api/data/rdk7542/9084/b7977ho/wesnoth-9084/MacOSX/Wesnoth Scenario Editor/WMLMap.m
2026-02-02 12:28:09,540 - Knowledge - INFO - Processing batch of 6 files
2026-02-02 12:28:09,540 - Knowledge - INFO - process ingested knowledge for /home/kathan/Kathan/Kavia AI/graphnode-backend-api/data/rdk7542/9084/b7977ho/wesnoth-9084/MacOSX/Wesnoth Scenario Editor/WNLoadSave.m
2026-02-02 12:28:09,570 - Knowledge - INFO - process ingested knowledge for /home/kathan/Kathan/Kavia AI/graphnode-backend-api/data/rdk7542/9084/b7977ho/wesnoth-9084/MacOSX/Wesnoth Scenario Editor/WMLMapPoint.h
2026-02-02 12:28:09,570 - Knowledge - INFO - process ingested knowledge for /home/kathan/Kathan/Kavia AI/graphnode-backend-api/data/rdk7542/9084/b7977ho/wesnoth-9084/MacOSX/freetype-headers/freetype/ttnameid.h
2026-02-02 12:28:09,620 - Knowledge - INFO - [kw8] Queue=264, InProgress=0, PendingWorkers=20/20, Completed=185/474 (39.0%)
2026-02-02 12:28:09,621 - Knowledge - INFO - process ingested knowledge for /home/kathan/Kathan/Kavia AI/graphnode-backend-api/data/rdk7542/9084/b7977ho/wesnoth-9084/MacOSX/freetype-headers/freetype/cache/ftcmru.h
2026-02-02 12:28:09,621 - Knowledge - INFO - Batch sizing: calculated=6, max_allowed=10, queue=264, active_workers=20/20
2026-02-02 12:28:09,622 - Knowledge - INFO - process ingested knowledge for /home/kathan/Kathan/Kavia AI/graphnode-backend-api/data/rdk7542/9084/b7977ho/wesnoth-9084/MacOSX/Wesnoth Scenario Editor/WMLSideDetail.h
2026-02-02 12:28:09,623 - Knowledge - INFO - Async storing batch of 6 embeddings
2026-02-02 12:28:09,628 - Knowledge - INFO - process ingested knowledge for /home/kathan/Kathan/Kavia AI/graphnode-backend-api/data/rdk7542/9084/b7977ho/wesnoth-9084/MacOSX/Wesnoth Scenario Editor/WNIconListView.m
2026-02-02 12:28:09,629 - Knowledge - INFO - process ingested knowledge for /home/kathan/Kathan/Kavia AI/graphnode-backend-api/data/rdk7542/9084/b7977ho/wesnoth-9084/MacOSX/Wesnoth Scenario Editor/WNEventMapView.m
2026-02-02 12:28:09,629 - Knowledge - INFO - process ingested knowledge for /home/kathan/Kathan/Kavia AI/graphnode-backend-api/data/rdk7542/9084/b7977ho/wesnoth-9084/MacOSX/Wesnoth Scenario Editor/WNUnitList.m
2026-02-02 12:28:09,634 - Knowledge - INFO - Worker kw6 processing /home/kathan/Kathan/Kavia AI/graphnode-backend-api/data/rdk7542/9084/b7977ho/wesnoth-9084/MacOSX/Wesnoth Scenario Editor/WMLEvent.m
2026-02-02 12:28:09,643 - Knowledge - INFO - process ingested knowledge for /home/kathan/Kathan/Kavia AI/graphnode-backend-api/data/rdk7542/9084/b7977ho/wesnoth-9084/MacOSX/freetype-headers/freetype/ftglyph.h
2026-02-02 12:28:09,646 - Knowledge - INFO - Worker kw6 processing /home/kathan/Kathan/Kavia AI/graphnode-backend-api/data/rdk7542/9084/b7977ho/wesnoth-9084/MacOSX/Wesnoth Scenario Editor/WNEventDataSource.h
2026-02-02 12:28:09,648 - Knowledge - INFO - Fast-tracked /home/kathan/Kathan/Kavia AI/graphnode-backend-api/data/rdk7542/9084/b7977ho/wesnoth-9084/MacOSX/Wesnoth Scenario Editor/WNEventDataSource.h (ext=.h, size=787)
2026-02-02 12:28:09,653 - Knowledge - INFO - Worker kw6 processing /home/kathan/Kathan/Kavia AI/graphnode-backend-api/data/rdk7542/9084/b7977ho/wesnoth-9084/MacOSX/Wesnoth Scenario Editor/WNCampaign.m
2026-02-02 12:28:09,676 - Knowledge - INFO - Worker kw6 processing /home/kathan/Kathan/Kavia AI/graphnode-backend-api/data/rdk7542/9084/b7977ho/wesnoth-9084/MacOSX/Wesnoth Scenario Editor/WNLeaderListView.m
2026-02-02 12:28:09,676 - Knowledge - INFO - Fast-tracked /home/kathan/Kathan/Kavia AI/graphnode-backend-api/data/rdk7542/9084/b7977ho/wesnoth-9084/MacOSX/Wesnoth Scenario Editor/WNLeaderListView.m (ext=.m, size=111)
2026-02-02 12:28:09,676 - Knowledge - INFO - Worker kw6 processing /home/kathan/Kathan/Kavia AI/graphnode-backend-api/data/rdk7542/9084/b7977ho/wesnoth-9084/MacOSX/Wesnoth Scenario Editor/WNScenarioList.h
2026-02-02 12:28:09,676 - Knowledge - INFO - Fast-tracked /home/kathan/Kathan/Kavia AI/graphnode-backend-api/data/rdk7542/9084/b7977ho/wesnoth-9084/MacOSX/Wesnoth Scenario Editor/WNScenarioList.h (ext=.h, size=443)
2026-02-02 12:28:09,677 - Knowledge - INFO - Worker kw6 processing /home/kathan/Kathan/Kavia AI/graphnode-backend-api/data/rdk7542/9084/b7977ho/wesnoth-9084/MacOSX/Wesnoth Scenario Editor/WNRecruitListView.m
2026-02-02 12:28:09,677 - Knowledge - INFO - Fast-tracked /home/kathan/Kathan/Kavia AI/graphnode-backend-api/data/rdk7542/9084/b7977ho/wesnoth-9084/MacOSX/Wesnoth Scenario Editor/WNRecruitListView.m (ext=.m, size=114)
2026-02-02 12:28:09,679 - Knowledge - INFO - Async storage completed for 6 embeddings
2026-02-02 12:28:09,787 - Knowledge - INFO - process ingested knowledge for /home/kathan/Kathan/Kavia AI/graphnode-backend-api/data/rdk7542/9084/b7977ho/wesnoth-9084/MacOSX/Wesnoth Scenario Editor/WNLeaderListView.h
2026-02-02 12:28:09,818 - Knowledge - INFO - process ingested knowledge for /home/kathan/Kathan/Kavia AI/graphnode-backend-api/data/rdk7542/9084/b7977ho/wesnoth-9084/MacOSX/Wesnoth Scenario Editor/SelectionUtils.h
2026-02-02 12:28:09,819 - Knowledge - INFO - process ingested knowledge for /home/kathan/Kathan/Kavia AI/graphnode-backend-api/data/rdk7542/9084/b7977ho/wesnoth-9084/MacOSX/Wesnoth Scenario Editor/WNUnitMapView.h
2026-02-02 12:28:09,881 - Knowledge - INFO - [kw17] Queue=258, InProgress=0, PendingWorkers=20/20, Completed=189/474 (39.9%)
2026-02-02 12:28:09,881 - Knowledge - INFO - process ingested knowledge for /home/kathan/Kathan/Kavia AI/graphnode-backend-api/data/rdk7542/9084/b7977ho/wesnoth-9084/MacOSX/Wesnoth Scenario Editor/WMLMapPoint.m
2026-02-02 12:28:09,881 - Knowledge - INFO - Batch sizing: calculated=6, max_allowed=10, queue=258, active_workers=20/20
2026-02-02 12:28:09,883 - Knowledge - INFO - Processing batch of 6 files
2026-02-02 12:28:09,883 - Knowledge - INFO - process ingested knowledge for /home/kathan/Kathan/Kavia AI/graphnode-backend-api/data/rdk7542/9084/b7977ho/wesnoth-9084/MacOSX/freetype-headers/freetype/internal/ftstream.h
2026-02-02 12:28:09,996 - Knowledge - INFO - Processing batch of 6 files
2026-02-02 12:28:09,996 - Knowledge - INFO - process ingested knowledge for /home/kathan/Kathan/Kavia AI/graphnode-backend-api/data/rdk7542/9084/b7977ho/wesnoth-9084/MacOSX/Wesnoth Scenario Editor/main.m
2026-02-02 12:28:10,082 - Knowledge - INFO - Async storing batch of 6 embeddings
2026-02-02 12:28:10,083 - Knowledge - INFO - Worker kw8 processing /home/kathan/Kathan/Kavia AI/graphnode-backend-api/data/rdk7542/9084/b7977ho/wesnoth-9084/MacOSX/Wesnoth Scenario Editor/Wesnoth_Scenario_Editor_Prefix.h
2026-02-02 12:28:10,083 - Knowledge - INFO - Fast-tracked /home/kathan/Kathan/Kavia AI/graphnode-backend-api/data/rdk7542/9084/b7977ho/wesnoth-9084/MacOSX/Wesnoth Scenario Editor/Wesnoth_Scenario_Editor_Prefix.h (ext=.h, size=505)
2026-02-02 12:28:10,083 - Knowledge - INFO - Worker kw8 processing /home/kathan/Kathan/Kavia AI/graphnode-backend-api/data/rdk7542/9084/b7977ho/wesnoth-9084/MacOSX/Wesnoth Scenario Editor/WMLScenarioDetails.h
2026-02-02 12:28:10,084 - Knowledge - INFO - Fast-tracked /home/kathan/Kathan/Kavia AI/graphnode-backend-api/data/rdk7542/9084/b7977ho/wesnoth-9084/MacOSX/Wesnoth Scenario Editor/WMLScenarioDetails.h (ext=.h, size=685)
2026-02-02 12:28:10,084 - Knowledge - INFO - Worker kw8 processing /home/kathan/Kathan/Kavia AI/graphnode-backend-api/data/rdk7542/9084/b7977ho/wesnoth-9084/MacOSX/Wesnoth Scenario Editor/WNScenario.m
2026-02-02 12:28:10,084 - Knowledge - INFO - Fast-tracked /home/kathan/Kathan/Kavia AI/graphnode-backend-api/data/rdk7542/9084/b7977ho/wesnoth-9084/MacOSX/Wesnoth Scenario Editor/WNScenario.m (ext=.m, size=588)
2026-02-02 12:28:10,084 - Knowledge - INFO - Worker kw8 processing /home/kathan/Kathan/Kavia AI/graphnode-backend-api/data/rdk7542/9084/b7977ho/wesnoth-9084/MacOSX/Wesnoth Scenario Editor/WNUnitList.h
2026-02-02 12:28:10,085 - Knowledge - INFO - Fast-tracked /home/kathan/Kathan/Kavia AI/graphnode-backend-api/data/rdk7542/9084/b7977ho/wesnoth-9084/MacOSX/Wesnoth Scenario Editor/WNUnitList.h (ext=.h, size=274)
2026-02-02 12:28:10,085 - Knowledge - INFO - Worker kw8 processing /home/kathan/Kathan/Kavia AI/graphnode-backend-api/data/rdk7542/9084/b7977ho/wesnoth-9084/MacOSX/Wesnoth Scenario Editor/WNCharacterList.h
2026-02-02 12:28:10,085 - Knowledge - INFO - Fast-tracked /home/kathan/Kathan/Kavia AI/graphnode-backend-api/data/rdk7542/9084/b7977ho/wesnoth-9084/MacOSX/Wesnoth Scenario Editor/WNCharacterList.h (ext=.h, size=408)
2026-02-02 12:28:10,085 - Knowledge - INFO - Worker kw8 processing /home/kathan/Kathan/Kavia AI/graphnode-backend-api/data/rdk7542/9084/b7977ho/wesnoth-9084/MacOSX/Wesnoth Scenario Editor/WNMapView.m
2026-02-02 12:28:10,094 - Knowledge - INFO - Async storage completed for 6 embeddings
2026-02-02 12:28:10,144 - Knowledge - INFO - process ingested knowledge for /home/kathan/Kathan/Kavia AI/graphnode-backend-api/data/rdk7542/9084/b7977ho/wesnoth-9084/MacOSX/Wesnoth Scenario Editor/WNFileLocations.h
2026-02-02 12:28:10,149 - Knowledge - INFO - Async storing batch of 6 embeddings
2026-02-02 12:28:10,149 - Knowledge - INFO - Worker kw17 processing /home/kathan/Kathan/Kavia AI/graphnode-backend-api/data/rdk7542/9084/b7977ho/wesnoth-9084/MacOSX/Wesnoth Scenario Editor/WMLScenario.h
2026-02-02 12:28:10,150 - Knowledge - INFO - process ingested knowledge for /home/kathan/Kathan/Kavia AI/graphnode-backend-api/data/rdk7542/9084/b7977ho/wesnoth-9084/MacOSX/freetype-headers/freetype/internal/sfnt.h
2026-02-02 12:28:10,151 - Knowledge - INFO - Fast-tracked /home/kathan/Kathan/Kavia AI/graphnode-backend-api/data/rdk7542/9084/b7977ho/wesnoth-9084/MacOSX/Wesnoth Scenario Editor/WMLScenario.h (ext=.h, size=1912)
2026-02-02 12:28:10,151 - Knowledge - INFO - Worker kw17 processing /home/kathan/Kathan/Kavia AI/graphnode-backend-api/data/rdk7542/9084/b7977ho/wesnoth-9084/MacOSX/Wesnoth Scenario Editor/WNPreferences.m
2026-02-02 12:28:10,153 - Knowledge - INFO - Worker kw17 processing /home/kathan/Kathan/Kavia AI/graphnode-backend-api/data/rdk7542/9084/b7977ho/wesnoth-9084/MacOSX/Wesnoth Scenario Editor/WNDefeatList.m
2026-02-02 12:28:10,153 - Knowledge - INFO - Fast-tracked /home/kathan/Kathan/Kavia AI/graphnode-backend-api/data/rdk7542/9084/b7977ho/wesnoth-9084/MacOSX/Wesnoth Scenario Editor/WNDefeatList.m (ext=.m, size=778)
2026-02-02 12:28:10,153 - Knowledge - INFO - Worker kw17 processing /home/kathan/Kathan/Kavia AI/graphnode-backend-api/data/rdk7542/9084/b7977ho/wesnoth-9084/MacOSX/extra_mac_headers.h
2026-02-02 12:28:10,154 - Knowledge - INFO - Fast-tracked /home/kathan/Kathan/Kavia AI/graphnode-backend-api/data/rdk7542/9084/b7977ho/wesnoth-9084/MacOSX/extra_mac_headers.h (ext=.h, size=212)
2026-02-02 12:28:10,154 - Knowledge - INFO - Worker kw17 processing /home/kathan/Kathan/Kavia AI/graphnode-backend-api/data/rdk7542/9084/b7977ho/wesnoth-9084/doc/doxygen/header.html
2026-02-02 12:28:10,154 - Knowledge - INFO - Fast-tracked /home/kathan/Kathan/Kavia AI/graphnode-backend-api/data/rdk7542/9084/b7977ho/wesnoth-9084/doc/doxygen/header.html (ext=.html, size=866)
2026-02-02 12:28:10,154 - Knowledge - INFO - Worker kw17 processing /home/kathan/Kathan/Kavia AI/graphnode-backend-api/data/rdk7542/9084/b7977ho/wesnoth-9084/doc/doxygen/footer.html
2026-02-02 12:28:10,157 - Knowledge - INFO - Fast-tracked /home/kathan/Kathan/Kavia AI/graphnode-backend-api/data/rdk7542/9084/b7977ho/wesnoth-9084/doc/doxygen/footer.html (ext=.html, size=417)
2026-02-02 12:28:10,157 - Knowledge - INFO - Async storage completed for 6 embeddings
2026-02-02 12:28:10,209 - Knowledge - INFO - process ingested knowledge for /home/kathan/Kathan/Kavia AI/graphnode-backend-api/data/rdk7542/9084/b7977ho/wesnoth-9084/MacOSX/Wesnoth Scenario Editor/WNUtils.m
2026-02-02 12:28:10,254 - Knowledge - INFO - process ingested knowledge for /home/kathan/Kathan/Kavia AI/graphnode-backend-api/data/rdk7542/9084/b7977ho/wesnoth-9084/MacOSX/Wesnoth Scenario Editor/WNMapTabViewDelegate.m
2026-02-02 12:28:10,328 - Knowledge - INFO - Processing batch of 6 files
2026-02-02 12:28:10,328 - Knowledge - INFO - process ingested knowledge for /home/kathan/Kathan/Kavia AI/graphnode-backend-api/data/rdk7542/9084/b7977ho/wesnoth-9084/MacOSX/Wesnoth Scenario Editor/WNMapTabViewDelegate.h
2026-02-02 12:28:10,368 - Knowledge - INFO - process ingested knowledge for /home/kathan/Kathan/Kavia AI/graphnode-backend-api/data/rdk7542/9084/b7977ho/wesnoth-9084/MacOSX/Wesnoth Scenario Editor/WNUnits.m
2026-02-02 12:28:10,369 - Knowledge - INFO - process ingested knowledge for /home/kathan/Kathan/Kavia AI/graphnode-backend-api/data/rdk7542/9084/b7977ho/wesnoth-9084/MacOSX/Wesnoth Scenario Editor/WNCharacterList.m
2026-02-02 12:28:10,370 - Knowledge - INFO - process ingested knowledge for /home/kathan/Kathan/Kavia AI/graphnode-backend-api/data/rdk7542/9084/b7977ho/wesnoth-9084/MacOSX/freetype-headers/freetype/internal/ftdebug.h
2026-02-02 12:28:10,483 - Knowledge - INFO - process ingested knowledge for /home/kathan/Kathan/Kavia AI/graphnode-backend-api/data/rdk7542/9084/b7977ho/wesnoth-9084/MacOSX/Wesnoth Scenario Editor/WNLoadSave.h
2026-02-02 12:28:10,484 - Knowledge - INFO - process ingested knowledge for /home/kathan/Kathan/Kavia AI/graphnode-backend-api/data/rdk7542/9084/b7977ho/wesnoth-9084/MacOSX/Wesnoth Scenario Editor/HexUtils.h
2026-02-02 12:28:10,487 - Knowledge - INFO - [kw18] Queue=246, InProgress=0, PendingWorkers=20/20, Completed=192/474 (40.5%)
2026-02-02 12:28:10,488 - Knowledge - INFO - Batch sizing: calculated=6, max_allowed=10, queue=246, active_workers=20/20
2026-02-02 12:28:10,520 - Knowledge - INFO - process ingested knowledge for /home/kathan/Kathan/Kavia AI/graphnode-backend-api/data/rdk7542/9084/b7977ho/wesnoth-9084/MacOSX/Wesnoth Scenario Editor/WNTeamList.h
2026-02-02 12:28:10,520 - Knowledge - INFO - process ingested knowledge for /home/kathan/Kathan/Kavia AI/graphnode-backend-api/data/rdk7542/9084/b7977ho/wesnoth-9084/MacOSX/Wesnoth Scenario Editor/WMLSide.h
2026-02-02 12:28:10,551 - Knowledge - INFO - [kw1] Queue=246, InProgress=0, PendingWorkers=20/20, Completed=192/474 (40.5%)
2026-02-02 12:28:10,551 - Knowledge - INFO - Batch sizing: calculated=6, max_allowed=10, queue=246, active_workers=20/20
2026-02-02 12:28:10,603 - Knowledge - INFO - process ingested knowledge for /home/kathan/Kathan/Kavia AI/graphnode-backend-api/data/rdk7542/9084/b7977ho/wesnoth-9084/MacOSX/Wesnoth Scenario Editor/WNUtils.h
2026-02-02 12:28:10,604 - Knowledge - INFO - process ingested knowledge for /home/kathan/Kathan/Kavia AI/graphnode-backend-api/data/rdk7542/9084/b7977ho/wesnoth-9084/MacOSX/freetype-headers/freetype/internal/tttypes.h
2026-02-02 12:28:10,604 - Knowledge - INFO - Async storing batch of 6 embeddings
2026-02-02 12:28:10,605 - Knowledge - INFO - process ingested knowledge for /home/kathan/Kathan/Kavia AI/graphnode-backend-api/data/rdk7542/9084/b7977ho/wesnoth-9084/MacOSX/Wesnoth Scenario Editor/WMLTerrain.h
2026-02-02 12:28:10,606 - Knowledge - INFO - Worker kw18 processing /home/kathan/Kathan/Kavia AI/graphnode-backend-api/data/rdk7542/9084/b7977ho/wesnoth-9084/doc/doxygen/stylesheet.css
2026-02-02 12:28:10,607 - Knowledge - INFO - Fast-tracked /home/kathan/Kathan/Kavia AI/graphnode-backend-api/data/rdk7542/9084/b7977ho/wesnoth-9084/doc/doxygen/stylesheet.css (ext=.css, size=4847)
2026-02-02 12:28:10,607 - Knowledge - INFO - Worker kw18 processing /home/kathan/Kathan/Kavia AI/graphnode-backend-api/data/rdk7542/9084/b7977ho/wesnoth-9084/doc/doxygen/doxygen.cpp
2026-02-02 12:28:10,617 - Knowledge - INFO - Worker kw18 processing /home/kathan/Kathan/Kavia AI/graphnode-backend-api/data/rdk7542/9084/b7977ho/wesnoth-9084/utils/wmltrans.pm
2026-02-02 12:28:10,617 - Knowledge - INFO - Fast-tracked /home/kathan/Kathan/Kavia AI/graphnode-backend-api/data/rdk7542/9084/b7977ho/wesnoth-9084/utils/wmltrans.pm (ext=.pm, size=1909)
2026-02-02 12:28:10,617 - Knowledge - INFO - Worker kw18 processing /home/kathan/Kathan/Kavia AI/graphnode-backend-api/data/rdk7542/9084/b7977ho/wesnoth-9084/utils/wml.pm
2026-02-02 12:28:10,631 - Knowledge - INFO - Worker kw18 processing /home/kathan/Kathan/Kavia AI/graphnode-backend-api/data/rdk7542/9084/b7977ho/wesnoth-9084/utils/campaigns_client.pl
2026-02-02 12:28:10,648 - Knowledge - INFO - Worker kw18 processing /home/kathan/Kathan/Kavia AI/graphnode-backend-api/data/rdk7542/9084/b7977ho/wesnoth-9084/utils/wml_net.pm
2026-02-02 12:28:10,648 - Knowledge - INFO - Fast-tracked /home/kathan/Kathan/Kavia AI/graphnode-backend-api/data/rdk7542/9084/b7977ho/wesnoth-9084/utils/wml_net.pm (ext=.pm, size=1503)
2026-02-02 12:28:10,655 - Knowledge - INFO - Async storage completed for 6 embeddings
2026-02-02 12:28:10,708 - Knowledge - INFO - Async storing batch of 6 embeddings
2026-02-02 12:28:10,708 - Knowledge - INFO - Worker kw1 processing /home/kathan/Kathan/Kavia AI/graphnode-backend-api/data/rdk7542/9084/b7977ho/wesnoth-9084/utils/random_map.pl
2026-02-02 12:28:10,711 - Knowledge - INFO - Worker kw1 processing /home/kathan/Kathan/Kavia AI/graphnode-backend-api/data/rdk7542/9084/b7977ho/wesnoth-9084/data/convert.pl
2026-02-02 12:28:10,711 - Knowledge - INFO - Fast-tracked /home/kathan/Kathan/Kavia AI/graphnode-backend-api/data/rdk7542/9084/b7977ho/wesnoth-9084/data/convert.pl (ext=.pl, size=498)
2026-02-02 12:28:10,711 - Knowledge - INFO - Worker kw1 processing /home/kathan/Kathan/Kavia AI/graphnode-backend-api/data/rdk7542/9084/b7977ho/wesnoth-9084/data/COPYING.txt
2026-02-02 12:28:10,717 - Knowledge - INFO - Fast-tracked /home/kathan/Kathan/Kavia AI/graphnode-backend-api/data/rdk7542/9084/b7977ho/wesnoth-9084/data/COPYING.txt (ext=.txt, size=18121)
2026-02-02 12:28:10,725 - Knowledge - INFO - Worker kw1 processing /home/kathan/Kathan/Kavia AI/graphnode-backend-api/data/rdk7542/9084/b7977ho/wesnoth-9084/src/thread.hpp
2026-02-02 12:28:10,736 - Knowledge - INFO - Worker kw1 processing /home/kathan/Kathan/Kavia AI/graphnode-backend-api/data/rdk7542/9084/b7977ho/wesnoth-9084/src/checksum.cpp
2026-02-02 12:28:10,740 - Knowledge - INFO - Fast-tracked /home/kathan/Kathan/Kavia AI/graphnode-backend-api/data/rdk7542/9084/b7977ho/wesnoth-9084/src/checksum.cpp (ext=.cpp, size=1446)
2026-02-02 12:28:10,741 - Knowledge - INFO - Worker kw1 processing /home/kathan/Kathan/Kavia AI/graphnode-backend-api/data/rdk7542/9084/b7977ho/wesnoth-9084/src/preferences.hpp
2026-02-02 12:28:10,754 - Knowledge - INFO - Async storage completed for 6 embeddings
2026-02-02 12:28:10,826 - Knowledge - INFO - process ingested knowledge for /home/kathan/Kathan/Kavia AI/graphnode-backend-api/data/rdk7542/9084/b7977ho/wesnoth-9084/MacOSX/Wesnoth Scenario Editor/WMLScenarioDetails.m
2026-02-02 12:28:10,839 - Knowledge - INFO - process ingested knowledge for /home/kathan/Kathan/Kavia AI/graphnode-backend-api/data/rdk7542/9084/b7977ho/wesnoth-9084/MacOSX/Wesnoth Scenario Editor/WMLScenario.m
2026-02-02 12:28:11,014 - Knowledge - INFO - process ingested knowledge for /home/kathan/Kathan/Kavia AI/graphnode-backend-api/data/rdk7542/9084/b7977ho/wesnoth-9084/MacOSX/Wesnoth Scenario Editor/WMLEvent.h
2026-02-02 12:28:11,627 - Knowledge - INFO - [kw12] Queue=234, InProgress=0, PendingWorkers=20/20, Completed=192/474 (40.5%)
2026-02-02 12:28:11,654 - Knowledge - INFO - Batch sizing: calculated=6, max_allowed=10, queue=234, active_workers=20/20
2026-02-02 12:28:12,013 - Knowledge - INFO - process ingested knowledge for /home/kathan/Kathan/Kavia AI/graphnode-backend-api/data/rdk7542/9084/b7977ho/wesnoth-9084/MacOSX/Wesnoth Scenario Editor/changelog.txt
2026-02-02 12:28:12,839 - Knowledge - INFO - [kw20] Queue=234, InProgress=0, PendingWorkers=20/20, Completed=192/474 (40.5%)
2026-02-02 12:28:12,845 - Knowledge - INFO - Batch sizing: calculated=6, max_allowed=10, queue=234, active_workers=20/20
2026-02-02 12:28:12,858 - Knowledge - INFO - process ingested knowledge for /home/kathan/Kathan/Kavia AI/graphnode-backend-api/data/rdk7542/9084/b7977ho/wesnoth-9084/MacOSX/Wesnoth Scenario Editor/WNTerrainMapView.m
2026-02-02 12:28:12,917 - Knowledge - INFO - process ingested knowledge for /home/kathan/Kathan/Kavia AI/graphnode-backend-api/data/rdk7542/9084/b7977ho/wesnoth-9084/MacOSX/freetype-headers/freetype/internal/ftmemory.h
2026-02-02 12:28:12,950 - Knowledge - INFO - Async storing batch of 6 embeddings
2026-02-02 12:28:12,951 - Knowledge - INFO - Worker kw12 processing /home/kathan/Kathan/Kavia AI/graphnode-backend-api/data/rdk7542/9084/b7977ho/wesnoth-9084/src/gamestatus.cpp
2026-02-02 12:28:13,060 - Knowledge - INFO - [LLM_CALL] Completed: doxygen.cpp:chunk1, Duration: 2450ms, PromptTokens: 6020, CompletionTokens: 59, Cost: $0.00063
2026-02-02 12:28:13,061 - Knowledge - INFO - done ingest for /home/kathan/Kathan/Kavia AI/graphnode-backend-api/data/rdk7542/9084/b7977ho/wesnoth-9084/doc/doxygen/doxygen.cpp
2026-02-02 12:28:13,274 - Knowledge - INFO - Worker kw12 processing /home/kathan/Kathan/Kavia AI/graphnode-backend-api/data/rdk7542/9084/b7977ho/wesnoth-9084/src/video.cpp
2026-02-02 12:28:13,715 - Knowledge - INFO - Worker kw12 processing /home/kathan/Kathan/Kavia AI/graphnode-backend-api/data/rdk7542/9084/b7977ho/wesnoth-9084/src/team.cpp
2026-02-02 12:28:13,901 - Knowledge - INFO - Worker kw12 processing /home/kathan/Kathan/Kavia AI/graphnode-backend-api/data/rdk7542/9084/b7977ho/wesnoth-9084/src/font.hpp
2026-02-02 12:28:13,963 - Knowledge - INFO - Worker kw12 processing /home/kathan/Kathan/Kavia AI/graphnode-backend-api/data/rdk7542/9084/b7977ho/wesnoth-9084/src/multiplayer_lobby.cpp
2026-02-02 12:28:14,034 - Knowledge - INFO - Async storing batch of 6 embeddings
2026-02-02 12:28:14,040 - Knowledge - INFO - Worker kw20 processing /home/kathan/Kathan/Kavia AI/graphnode-backend-api/data/rdk7542/9084/b7977ho/wesnoth-9084/src/reports.cpp
2026-02-02 12:28:14,274 - Knowledge - INFO - Worker kw12 processing /home/kathan/Kathan/Kavia AI/graphnode-backend-api/data/rdk7542/9084/b7977ho/wesnoth-9084/src/animated.hpp
2026-02-02 12:28:14,399 - Knowledge - INFO - Fast-tracked /home/kathan/Kathan/Kavia AI/graphnode-backend-api/data/rdk7542/9084/b7977ho/wesnoth-9084/src/animated.hpp (small file (2694 bytes))
2026-02-02 12:28:14,434 - Knowledge - INFO - process ingested knowledge for /home/kathan/Kathan/Kavia AI/graphnode-backend-api/data/rdk7542/9084/b7977ho/wesnoth-9084/MacOSX/Wesnoth Scenario Editor/WNSideList.m
2026-02-02 12:28:14,455 - Knowledge - INFO - Worker kw20 processing /home/kathan/Kathan/Kavia AI/graphnode-backend-api/data/rdk7542/9084/b7977ho/wesnoth-9084/src/multiplayer_connect.hpp
2026-02-02 12:28:14,468 - Knowledge - INFO - Async storage completed for 6 embeddings
2026-02-02 12:28:14,747 - Knowledge - INFO - Worker kw20 processing /home/kathan/Kathan/Kavia AI/graphnode-backend-api/data/rdk7542/9084/b7977ho/wesnoth-9084/src/wassert.hpp
2026-02-02 12:28:15,282 - Knowledge - INFO - Fast-tracked /home/kathan/Kathan/Kavia AI/graphnode-backend-api/data/rdk7542/9084/b7977ho/wesnoth-9084/src/wassert.hpp (ext=.hpp, size=514)
2026-02-02 12:28:15,311 - Knowledge - INFO - Worker kw20 processing /home/kathan/Kathan/Kavia AI/graphnode-backend-api/data/rdk7542/9084/b7977ho/wesnoth-9084/src/builder.cpp
2026-02-02 12:28:15,759 - Knowledge - INFO - Worker kw20 processing /home/kathan/Kathan/Kavia AI/graphnode-backend-api/data/rdk7542/9084/b7977ho/wesnoth-9084/src/multiplayer_create.hpp
2026-02-02 12:28:15,839 - Knowledge - INFO - Fast-tracked /home/kathan/Kathan/Kavia AI/graphnode-backend-api/data/rdk7542/9084/b7977ho/wesnoth-9084/src/multiplayer_create.hpp (small file (2672 bytes))
2026-02-02 12:28:15,840 - Knowledge - INFO - Worker kw20 processing /home/kathan/Kathan/Kavia AI/graphnode-backend-api/data/rdk7542/9084/b7977ho/wesnoth-9084/src/leader_list.cpp
2026-02-02 12:28:16,256 - Knowledge - INFO - Async storage completed for 6 embeddings
2026-02-02 12:28:17,442 - Knowledge - INFO - [WEBSOCKET] Sent: Type=progress_update, Size: 292, Duration: 0ms
2026-02-02 12:28:17,443 - Knowledge - INFO - [WEBSOCKET] Sent: Type=unknown, Size: ?, Duration: 1ms
2026-02-02 12:28:17,519 - Knowledge - INFO - [kw13] Queue=222, InProgress=0, PendingWorkers=20/20, Completed=192/474 (40.5%)
2026-02-02 12:28:17,519 - Knowledge - INFO - Progress: 40.5% | Files: 192/474 | Rate: 2.03 files/sec | Queue: 222
2026-02-02 12:28:17,519 - Knowledge - INFO - [kw14] Queue=222, InProgress=0, PendingWorkers=20/20, Completed=192/474 (40.5%)
2026-02-02 12:28:17,520 - Knowledge - INFO - Batch sizing: calculated=6, max_allowed=10, queue=222, active_workers=20/20
2026-02-02 12:28:17,520 - Knowledge - INFO - Async storing batch of 6 embeddings
2026-02-02 12:28:17,540 - Knowledge - INFO - Worker kw14 processing /home/kathan/Kathan/Kavia AI/graphnode-backend-api/data/rdk7542/9084/b7977ho/wesnoth-9084/src/unit_types.hpp
2026-02-02 12:28:17,561 - Knowledge - INFO - Batch sizing: calculated=6, max_allowed=10, queue=222, active_workers=20/20
2026-02-02 12:28:17,589 - Knowledge - INFO - process ingested knowledge for /home/kathan/Kathan/Kavia AI/graphnode-backend-api/data/rdk7542/9084/b7977ho/wesnoth-9084/MacOSX/Wesnoth Scenario Editor/WNTerrainView.h
2026-02-02 12:28:17,995 - Knowledge - INFO - Worker kw14 processing /home/kathan/Kathan/Kavia AI/graphnode-backend-api/data/rdk7542/9084/b7977ho/wesnoth-9084/src/map_label.hpp
2026-02-02 12:28:18,054 - Knowledge - INFO - Fast-tracked /home/kathan/Kathan/Kavia AI/graphnode-backend-api/data/rdk7542/9084/b7977ho/wesnoth-9084/src/map_label.hpp (ext=.hpp, size=1421)
2026-02-02 12:28:18,141 - Knowledge - INFO - Worker kw14 processing /home/kathan/Kathan/Kavia AI/graphnode-backend-api/data/rdk7542/9084/b7977ho/wesnoth-9084/src/hotkeys.cpp
2026-02-02 12:28:18,407 - Knowledge - INFO - Worker kw14 processing /home/kathan/Kathan/Kavia AI/graphnode-backend-api/data/rdk7542/9084/b7977ho/wesnoth-9084/src/map_label.cpp
2026-02-02 12:28:18,665 - Knowledge - INFO - Worker kw14 processing /home/kathan/Kathan/Kavia AI/graphnode-backend-api/data/rdk7542/9084/b7977ho/wesnoth-9084/src/checksum.hpp
2026-02-02 12:28:18,686 - Knowledge - INFO - Fast-tracked /home/kathan/Kathan/Kavia AI/graphnode-backend-api/data/rdk7542/9084/b7977ho/wesnoth-9084/src/checksum.hpp (ext=.hpp, size=1104)
2026-02-02 12:28:18,911 - Knowledge - INFO - Worker kw14 processing /home/kathan/Kathan/Kavia AI/graphnode-backend-api/data/rdk7542/9084/b7977ho/wesnoth-9084/src/intro.cpp
2026-02-02 12:28:19,168 - Knowledge - INFO - Async storage completed for 6 embeddings
2026-02-02 12:28:20,477 - Knowledge - INFO - process ingested knowledge for /home/kathan/Kathan/Kavia AI/graphnode-backend-api/data/rdk7542/9084/b7977ho/wesnoth-9084/MacOSX/freetype-headers/freetype/internal/ftobjs.h
2026-02-02 12:28:21,327 - Knowledge - INFO - Async storing batch of 6 embeddings
2026-02-02 12:28:21,327 - Knowledge - INFO - Worker kw13 processing /home/kathan/Kathan/Kavia AI/graphnode-backend-api/data/rdk7542/9084/b7977ho/wesnoth-9084/src/playturn.cpp
2026-02-02 12:28:21,353 - Knowledge - INFO - Split /home/kathan/Kathan/Kavia AI/graphnode-backend-api/data/rdk7542/9084/b7977ho/wesnoth-9084/src/playturn.cpp (90568 bytes) into 3 chunks of ~32KB
2026-02-02 12:28:21,355 - Knowledge - INFO - Worker kw13 processing /home/kathan/Kathan/Kavia AI/graphnode-backend-api/data/rdk7542/9084/b7977ho/wesnoth-9084/src/scoped_resource.hpp
2026-02-02 12:28:21,592 - Knowledge - INFO - Worker kw13 processing /home/kathan/Kathan/Kavia AI/graphnode-backend-api/data/rdk7542/9084/b7977ho/wesnoth-9084/src/multiplayer.cpp
2026-02-02 12:28:21,707 - Knowledge - INFO - [LLM_CALL] Completed: WNEventEditor.m:chunk1, Duration: 17167ms, PromptTokens: 2994, CompletionTokens: 896, Cost: $0.00066
2026-02-02 12:28:21,707 - Knowledge - INFO - done ingest for /home/kathan/Kathan/Kavia AI/graphnode-backend-api/data/rdk7542/9084/b7977ho/wesnoth-9084/MacOSX/Wesnoth Scenario Editor/WNEventEditor.m
2026-02-02 12:28:21,906 - Knowledge - INFO - Worker kw13 processing /home/kathan/Kathan/Kavia AI/graphnode-backend-api/data/rdk7542/9084/b7977ho/wesnoth-9084/src/events.hpp
2026-02-02 12:28:21,959 - Knowledge - INFO - [LLM_CALL] Completed: WNTerrains.m:chunk1, Duration: 13115ms, PromptTokens: 3450, CompletionTokens: 643, Cost: $0.00060
2026-02-02 12:28:22,031 - Knowledge - INFO - done ingest for /home/kathan/Kathan/Kavia AI/graphnode-backend-api/data/rdk7542/9084/b7977ho/wesnoth-9084/MacOSX/Wesnoth Scenario Editor/WNTerrains.m
2026-02-02 12:28:22,084 - Knowledge - INFO - Fast-tracked /home/kathan/Kathan/Kavia AI/graphnode-backend-api/data/rdk7542/9084/b7977ho/wesnoth-9084/src/events.hpp (small file (2534 bytes))
2026-02-02 12:28:22,112 - Knowledge - INFO - Worker kw13 processing /home/kathan/Kathan/Kavia AI/graphnode-backend-api/data/rdk7542/9084/b7977ho/wesnoth-9084/src/mouse.hpp
2026-02-02 12:28:22,123 - Knowledge - INFO - Fast-tracked /home/kathan/Kathan/Kavia AI/graphnode-backend-api/data/rdk7542/9084/b7977ho/wesnoth-9084/src/mouse.hpp (ext=.hpp, size=598)
2026-02-02 12:28:22,123 - Knowledge - INFO - Worker kw13 processing /home/kathan/Kathan/Kavia AI/graphnode-backend-api/data/rdk7542/9084/b7977ho/wesnoth-9084/src/unit.cpp
2026-02-02 12:28:22,202 - Knowledge - INFO - Async storage completed for 6 embeddings
2026-02-02 12:28:23,560 - Knowledge - INFO - [kw10] Queue=210, InProgress=0, PendingWorkers=20/20, Completed=192/474 (40.5%)
2026-02-02 12:28:23,581 - Knowledge - INFO - Batch sizing: calculated=6, max_allowed=10, queue=210, active_workers=20/20
2026-02-02 12:28:23,752 - Knowledge - INFO - [LLM_CALL] Completed: WNPreferences.m:chunk1, Duration: 13601ms, PromptTokens: 2642, CompletionTokens: 845, Cost: $0.00060
2026-02-02 12:28:23,769 - Knowledge - INFO - done ingest for /home/kathan/Kathan/Kavia AI/graphnode-backend-api/data/rdk7542/9084/b7977ho/wesnoth-9084/MacOSX/Wesnoth Scenario Editor/WNPreferences.m
2026-02-02 12:28:23,941 - Knowledge - INFO - [LLM_CALL] Completed: WNCharacters.m:chunk1, Duration: 19606ms, PromptTokens: 4922, CompletionTokens: 1052, Cost: $0.00091
2026-02-02 12:28:23,941 - Knowledge - INFO - done ingest for /home/kathan/Kathan/Kavia AI/graphnode-backend-api/data/rdk7542/9084/b7977ho/wesnoth-9084/MacOSX/Wesnoth Scenario Editor/WNCharacters.m
2026-02-02 12:28:24,714 - Knowledge - INFO - [LLM_CALL] Completed: campaigns_client.pl:chunk1, Duration: 14072ms, PromptTokens: 3284, CompletionTokens: 356, Cost: $0.00047
2026-02-02 12:28:24,714 - Knowledge - INFO - done ingest for /home/kathan/Kathan/Kavia AI/graphnode-backend-api/data/rdk7542/9084/b7977ho/wesnoth-9084/utils/campaigns_client.pl
2026-02-02 12:28:25,259 - Knowledge - INFO - Async storing batch of 6 embeddings
2026-02-02 12:28:25,260 - Knowledge - INFO - Worker kw10 processing /home/kathan/Kathan/Kavia AI/graphnode-backend-api/data/rdk7542/9084/b7977ho/wesnoth-9084/src/image.hpp
2026-02-02 12:28:25,564 - Knowledge - INFO - Worker kw10 processing /home/kathan/Kathan/Kavia AI/graphnode-backend-api/data/rdk7542/9084/b7977ho/wesnoth-9084/src/variable.cpp
2026-02-02 12:28:25,598 - Knowledge - INFO - Fast-tracked /home/kathan/Kathan/Kavia AI/graphnode-backend-api/data/rdk7542/9084/b7977ho/wesnoth-9084/src/variable.cpp (small file (2437 bytes))
2026-02-02 12:28:25,707 - Knowledge - INFO - Worker kw10 processing /home/kathan/Kathan/Kavia AI/graphnode-backend-api/data/rdk7542/9084/b7977ho/wesnoth-9084/src/halo.cpp
2026-02-02 12:28:25,832 - Knowledge - INFO - Worker kw10 processing /home/kathan/Kathan/Kavia AI/graphnode-backend-api/data/rdk7542/9084/b7977ho/wesnoth-9084/src/sound.cpp
2026-02-02 12:28:25,925 - Knowledge - INFO - Worker kw10 processing /home/kathan/Kathan/Kavia AI/graphnode-backend-api/data/rdk7542/9084/b7977ho/wesnoth-9084/src/multiplayer.hpp
2026-02-02 12:28:25,941 - Knowledge - INFO - Fast-tracked /home/kathan/Kathan/Kavia AI/graphnode-backend-api/data/rdk7542/9084/b7977ho/wesnoth-9084/src/multiplayer.hpp (ext=.hpp, size=1536)
2026-02-02 12:28:26,027 - Knowledge - INFO - Worker kw10 processing /home/kathan/Kathan/Kavia AI/graphnode-backend-api/data/rdk7542/9084/b7977ho/wesnoth-9084/src/mapgen.cpp
2026-02-02 12:28:26,350 - Knowledge - INFO - Async storage completed for 6 embeddings
2026-02-02 12:28:26,419 - Knowledge - INFO - [LLM_CALL] Completed: wml.pm:chunk1, Duration: 15776ms, PromptTokens: 5636, CompletionTokens: 692, Cost: $0.00084
2026-02-02 12:28:26,419 - Knowledge - INFO - done ingest for /home/kathan/Kathan/Kavia AI/graphnode-backend-api/data/rdk7542/9084/b7977ho/wesnoth-9084/utils/wml.pm
2026-02-02 12:28:28,025 - Knowledge - INFO - [kw9] Queue=204, InProgress=0, PendingWorkers=20/20, Completed=200/474 (42.2%)
2026-02-02 12:28:28,030 - Knowledge - INFO - Batch sizing: calculated=6, max_allowed=10, queue=204, active_workers=20/20
2026-02-02 12:28:28,394 - Knowledge - INFO - [WEBSOCKET] Sent: Type=progress_update, Size: 293, Duration: 0ms
2026-02-02 12:28:28,520 - Knowledge - INFO - [WEBSOCKET] Sent: Type=unknown, Size: ?, Duration: 127ms
2026-02-02 12:28:28,545 - Knowledge - INFO - Progress: 42.6% | Files: 202/474 | Rate: 1.88 files/sec | Queue: 204
2026-02-02 12:28:28,647 - Knowledge - INFO - [LLM_CALL] Completed: WMLCampaign.m:chunk1, Duration: 19708ms, PromptTokens: 7076, CompletionTokens: 1323, Cost: $0.00124
2026-02-02 12:28:28,647 - Knowledge - INFO - done ingest for /home/kathan/Kathan/Kavia AI/graphnode-backend-api/data/rdk7542/9084/b7977ho/wesnoth-9084/MacOSX/Wesnoth Scenario Editor/WMLCampaign.m
2026-02-02 12:28:29,268 - Knowledge - INFO - [LLM_CALL] Completed: WNMapView.m:chunk1, Duration: 19182ms, PromptTokens: 6436, CompletionTokens: 1345, Cost: $0.00118
2026-02-02 12:28:29,268 - Knowledge - INFO - done ingest for /home/kathan/Kathan/Kavia AI/graphnode-backend-api/data/rdk7542/9084/b7977ho/wesnoth-9084/MacOSX/Wesnoth Scenario Editor/WNMapView.m
2026-02-02 12:28:29,392 - Knowledge - INFO - Async storing batch of 6 embeddings
2026-02-02 12:28:29,403 - Knowledge - INFO - Worker kw9 processing /home/kathan/Kathan/Kavia AI/graphnode-backend-api/data/rdk7542/9084/b7977ho/wesnoth-9084/src/sdl_ttf/SDL_ttf.c
2026-02-02 12:28:29,519 - Knowledge - INFO - Worker kw9 processing /home/kathan/Kathan/Kavia AI/graphnode-backend-api/data/rdk7542/9084/b7977ho/wesnoth-9084/src/sdl_ttf/SDL_ttf.h
2026-02-02 12:28:29,575 - Knowledge - INFO - Worker kw9 processing /home/kathan/Kathan/Kavia AI/graphnode-backend-api/data/rdk7542/9084/b7977ho/wesnoth-9084/src/publish_campaign.cpp
2026-02-02 12:28:29,686 - Knowledge - INFO - Worker kw9 processing /home/kathan/Kathan/Kavia AI/graphnode-backend-api/data/rdk7542/9084/b7977ho/wesnoth-9084/src/ai2.hpp
2026-02-02 12:28:29,705 - Knowledge - INFO - Fast-tracked /home/kathan/Kathan/Kavia AI/graphnode-backend-api/data/rdk7542/9084/b7977ho/wesnoth-9084/src/ai2.hpp (ext=.hpp, size=657)
2026-02-02 12:28:29,716 - Knowledge - INFO - Worker kw9 processing /home/kathan/Kathan/Kavia AI/graphnode-backend-api/data/rdk7542/9084/b7977ho/wesnoth-9084/src/pathutils.hpp
2026-02-02 12:28:29,716 - Knowledge - INFO - Fast-tracked /home/kathan/Kathan/Kavia AI/graphnode-backend-api/data/rdk7542/9084/b7977ho/wesnoth-9084/src/pathutils.hpp (ext=.hpp, size=1319)
2026-02-02 12:28:29,716 - Knowledge - INFO - Worker kw9 processing /home/kathan/Kathan/Kavia AI/graphnode-backend-api/data/rdk7542/9084/b7977ho/wesnoth-9084/src/editor/editor_palettes.cpp
2026-02-02 12:28:29,795 - Knowledge - INFO - Async storage completed for 6 embeddings
2026-02-02 12:28:30,179 - Knowledge - INFO - [kw4] Queue=198, InProgress=0, PendingWorkers=20/20, Completed=205/474 (43.2%)
2026-02-02 12:28:30,184 - Knowledge - INFO - Batch sizing: calculated=5, max_allowed=10, queue=198, active_workers=20/20
2026-02-02 12:28:30,355 - Knowledge - INFO - [kw11] Queue=198, InProgress=0, PendingWorkers=20/20, Completed=207/474 (43.7%)
2026-02-02 12:28:30,371 - Knowledge - INFO - Batch sizing: calculated=5, max_allowed=10, queue=198, active_workers=20/20
2026-02-02 12:28:31,825 - Knowledge - INFO - Async storing batch of 6 embeddings
2026-02-02 12:28:31,825 - Knowledge - INFO - Worker kw4 processing /home/kathan/Kathan/Kavia AI/graphnode-backend-api/data/rdk7542/9084/b7977ho/wesnoth-9084/src/editor/scenario_editor.hpp
2026-02-02 12:28:31,857 - Knowledge - INFO - [kw3] Queue=193, InProgress=0, PendingWorkers=20/20, Completed=211/474 (44.5%)
2026-02-02 12:28:31,858 - Knowledge - INFO - Batch sizing: calculated=5, max_allowed=10, queue=193, active_workers=20/20
2026-02-02 12:28:31,874 - Knowledge - INFO - Async storing batch of 6 embeddings
2026-02-02 12:28:31,874 - Knowledge - INFO - Worker kw11 processing /home/kathan/Kathan/Kavia AI/graphnode-backend-api/data/rdk7542/9084/b7977ho/wesnoth-9084/src/editor/editor_palettes.hpp
2026-02-02 12:28:31,973 - Knowledge - INFO - Fast-tracked /home/kathan/Kathan/Kavia AI/graphnode-backend-api/data/rdk7542/9084/b7977ho/wesnoth-9084/src/editor/scenario_editor.hpp (ext=.hpp, size=1598)
2026-02-02 12:28:31,978 - Knowledge - INFO - Worker kw4 processing /home/kathan/Kathan/Kavia AI/graphnode-backend-api/data/rdk7542/9084/b7977ho/wesnoth-9084/src/editor/editor_undo.hpp
2026-02-02 12:28:32,406 - Knowledge - INFO - Worker kw11 processing /home/kathan/Kathan/Kavia AI/graphnode-backend-api/data/rdk7542/9084/b7977ho/wesnoth-9084/src/editor/editor_dialogs.hpp
2026-02-02 12:28:32,413 - Knowledge - INFO - Fast-tracked /home/kathan/Kathan/Kavia AI/graphnode-backend-api/data/rdk7542/9084/b7977ho/wesnoth-9084/src/editor/editor_dialogs.hpp (ext=.hpp, size=1769)
2026-02-02 12:28:32,413 - Knowledge - INFO - Worker kw11 processing /home/kathan/Kathan/Kavia AI/graphnode-backend-api/data/rdk7542/9084/b7977ho/wesnoth-9084/src/editor/editor_undo.cpp
2026-02-02 12:28:32,463 - Knowledge - INFO - Worker kw4 processing /home/kathan/Kathan/Kavia AI/graphnode-backend-api/data/rdk7542/9084/b7977ho/wesnoth-9084/src/editor/editor.hpp
2026-02-02 12:28:32,509 - Knowledge - INFO - Worker kw11 processing /home/kathan/Kathan/Kavia AI/graphnode-backend-api/data/rdk7542/9084/b7977ho/wesnoth-9084/src/editor/map_manip.hpp
2026-02-02 12:28:32,928 - Knowledge - INFO - Fast-tracked /home/kathan/Kathan/Kavia AI/graphnode-backend-api/data/rdk7542/9084/b7977ho/wesnoth-9084/src/editor/map_manip.hpp (small file (2255 bytes))
2026-02-02 12:28:32,928 - Knowledge - INFO - Worker kw11 processing /home/kathan/Kathan/Kavia AI/graphnode-backend-api/data/rdk7542/9084/b7977ho/wesnoth-9084/src/editor/editor_main.cpp
2026-02-02 12:28:32,936 - Knowledge - INFO - Worker kw4 processing /home/kathan/Kathan/Kavia AI/graphnode-backend-api/data/rdk7542/9084/b7977ho/wesnoth-9084/src/editor/editor.cpp
2026-02-02 12:28:33,014 - Knowledge - INFO - [WEBSOCKET] Sent: Type=progress_update, Size: 292, Duration: 0ms
2026-02-02 12:28:33,086 - Knowledge - INFO - [WEBSOCKET] Sent: Type=unknown, Size: ?, Duration: 72ms
2026-02-02 12:28:33,091 - Knowledge - INFO - Progress: 45.4% | Files: 215/474 | Rate: 1.93 files/sec | Queue: 188
2026-02-02 12:28:33,126 - Knowledge - INFO - Worker kw4 processing /home/kathan/Kathan/Kavia AI/graphnode-backend-api/data/rdk7542/9084/b7977ho/wesnoth-9084/src/editor/editor_layout.hpp
2026-02-02 12:28:33,126 - Knowledge - INFO - Fast-tracked /home/kathan/Kathan/Kavia AI/graphnode-backend-api/data/rdk7542/9084/b7977ho/wesnoth-9084/src/editor/editor_layout.hpp (ext=.hpp, size=1154)
2026-02-02 12:28:33,126 - Knowledge - INFO - Async storage completed for 6 embeddings
2026-02-02 12:28:33,163 - Knowledge - INFO - Processing batch of 6 files
2026-02-02 12:28:33,163 - Knowledge - INFO - process ingested knowledge for /home/kathan/Kathan/Kavia AI/graphnode-backend-api/data/rdk7542/9084/b7977ho/wesnoth-9084/MacOSX/Wesnoth Scenario Editor/WMLScenario.h
2026-02-02 12:28:33,182 - Knowledge - INFO - Async storing batch of 6 embeddings
2026-02-02 12:28:33,239 - Knowledge - INFO - Worker kw3 processing /home/kathan/Kathan/Kavia AI/graphnode-backend-api/data/rdk7542/9084/b7977ho/wesnoth-9084/src/editor/editor_layout.cpp
2026-02-02 12:28:33,305 - Knowledge - INFO - Fast-tracked /home/kathan/Kathan/Kavia AI/graphnode-backend-api/data/rdk7542/9084/b7977ho/wesnoth-9084/src/editor/editor_layout.cpp (ext=.cpp, size=1186)
2026-02-02 12:28:33,305 - Knowledge - INFO - Worker kw3 processing /home/kathan/Kathan/Kavia AI/graphnode-backend-api/data/rdk7542/9084/b7977ho/wesnoth-9084/src/editor/map_manip.cpp
2026-02-02 12:28:33,427 - Knowledge - INFO - Async storage completed for 6 embeddings
2026-02-02 12:28:33,519 - Knowledge - INFO - Processing batch of 6 files
2026-02-02 12:28:33,587 - Knowledge - INFO - process ingested knowledge for /home/kathan/Kathan/Kavia AI/graphnode-backend-api/data/rdk7542/9084/b7977ho/wesnoth-9084/MacOSX/Wesnoth Scenario Editor/WNCustomDialogView.m
2026-02-02 12:28:33,596 - Knowledge - INFO - Worker kw3 processing /home/kathan/Kathan/Kavia AI/graphnode-backend-api/data/rdk7542/9084/b7977ho/wesnoth-9084/src/editor/scenario_editor.cpp
2026-02-02 12:28:33,698 - Knowledge - INFO - Fast-tracked /home/kathan/Kathan/Kavia AI/graphnode-backend-api/data/rdk7542/9084/b7977ho/wesnoth-9084/src/editor/scenario_editor.cpp (ext=.cpp, size=1444)
2026-02-02 12:28:33,788 - Knowledge - INFO - Worker kw3 processing /home/kathan/Kathan/Kavia AI/graphnode-backend-api/data/rdk7542/9084/b7977ho/wesnoth-9084/src/editor/editor_dialogs.cpp
2026-02-02 12:28:34,036 - Knowledge - INFO - Worker kw3 processing /home/kathan/Kathan/Kavia AI/graphnode-backend-api/data/rdk7542/9084/b7977ho/wesnoth-9084/src/dialogs.cpp
2026-02-02 12:28:34,063 - Knowledge - INFO - Processing batch of 6 files
2026-02-02 12:28:34,064 - Knowledge - INFO - process ingested knowledge for /home/kathan/Kathan/Kavia AI/graphnode-backend-api/data/rdk7542/9084/b7977ho/wesnoth-9084/MacOSX/Wesnoth Scenario Editor/WNCharacterEditor.h
2026-02-02 12:28:34,369 - Knowledge - INFO - process ingested knowledge for /home/kathan/Kathan/Kavia AI/graphnode-backend-api/data/rdk7542/9084/b7977ho/wesnoth-9084/MacOSX/Wesnoth Scenario Editor/WNCharacters.m
2026-02-02 12:28:34,384 - Knowledge - INFO - process ingested knowledge for /home/kathan/Kathan/Kavia AI/graphnode-backend-api/data/rdk7542/9084/b7977ho/wesnoth-9084/MacOSX/Wesnoth Scenario Editor/WNVictoryList.m
2026-02-02 12:28:34,395 - Knowledge - INFO - Async storage completed for 6 embeddings
2026-02-02 12:28:34,426 - Knowledge - INFO - [kw5] Queue=183, InProgress=0, PendingWorkers=20/20, Completed=222/474 (46.8%)
2026-02-02 12:28:34,426 - Knowledge - INFO - Batch sizing: calculated=5, max_allowed=10, queue=183, active_workers=20/20
2026-02-02 12:28:34,439 - Knowledge - INFO - [kw7] Queue=183, InProgress=0, PendingWorkers=20/20, Completed=222/474 (46.8%)
2026-02-02 12:28:34,472 - Knowledge - INFO - [kw16] Queue=183, InProgress=0, PendingWorkers=20/20, Completed=222/474 (46.8%)
2026-02-02 12:28:34,472 - Knowledge - INFO - Batch sizing: calculated=5, max_allowed=10, queue=183, active_workers=20/20
2026-02-02 12:28:34,492 - Knowledge - INFO - Batch sizing: calculated=5, max_allowed=10, queue=183, active_workers=20/20
2026-02-02 12:28:34,507 - Knowledge - INFO - process ingested knowledge for /home/kathan/Kathan/Kavia AI/graphnode-backend-api/data/rdk7542/9084/b7977ho/wesnoth-9084/MacOSX/Wesnoth Scenario Editor/WNTerrains.m
2026-02-02 12:28:34,628 - Knowledge - INFO - Async storing batch of 6 embeddings
2026-02-02 12:28:34,629 - Knowledge - INFO - Worker kw5 processing /home/kathan/Kathan/Kavia AI/graphnode-backend-api/data/rdk7542/9084/b7977ho/wesnoth-9084/src/network.hpp
2026-02-02 12:28:34,638 - Knowledge - INFO - Processing batch of 6 files
2026-02-02 12:28:34,681 - Knowledge - INFO - process ingested knowledge for /home/kathan/Kathan/Kavia AI/graphnode-backend-api/data/rdk7542/9084/b7977ho/wesnoth-9084/MacOSX/Wesnoth Scenario Editor/WNVictoryList.h
2026-02-02 12:28:34,681 - Knowledge - INFO - process ingested knowledge for /home/kathan/Kathan/Kavia AI/graphnode-backend-api/data/rdk7542/9084/b7977ho/wesnoth-9084/doc/doxygen/stylesheet.css
2026-02-02 12:28:34,718 - Knowledge - INFO - process ingested knowledge for /home/kathan/Kathan/Kavia AI/graphnode-backend-api/data/rdk7542/9084/b7977ho/wesnoth-9084/MacOSX/Wesnoth Scenario Editor/WNPreferences.m
2026-02-02 12:28:34,805 - Knowledge - INFO - process ingested knowledge for /home/kathan/Kathan/Kavia AI/graphnode-backend-api/data/rdk7542/9084/b7977ho/wesnoth-9084/MacOSX/Wesnoth Scenario Editor/WNDefeatList.h
2026-02-02 12:28:34,823 - Knowledge - INFO - Async storing batch of 6 embeddings
2026-02-02 12:28:34,823 - Knowledge - INFO - Worker kw7 processing /home/kathan/Kathan/Kavia AI/graphnode-backend-api/data/rdk7542/9084/b7977ho/wesnoth-9084/src/actions.cpp
2026-02-02 12:28:34,865 - Knowledge - INFO - Worker kw5 processing /home/kathan/Kathan/Kavia AI/graphnode-backend-api/data/rdk7542/9084/b7977ho/wesnoth-9084/src/game_events.cpp
2026-02-02 12:28:34,927 - Knowledge - INFO - Split /home/kathan/Kathan/Kavia AI/graphnode-backend-api/data/rdk7542/9084/b7977ho/wesnoth-9084/src/actions.cpp (66413 bytes) into 3 chunks of ~32KB
2026-02-02 12:28:34,974 - Knowledge - INFO - process ingested knowledge for /home/kathan/Kathan/Kavia AI/graphnode-backend-api/data/rdk7542/9084/b7977ho/wesnoth-9084/MacOSX/Wesnoth Scenario Editor/WMLTag.h
2026-02-02 12:28:35,105 - Knowledge - INFO - Worker kw5 processing /home/kathan/Kathan/Kavia AI/graphnode-backend-api/data/rdk7542/9084/b7977ho/wesnoth-9084/src/preferences.cpp
2026-02-02 12:28:35,106 - Knowledge - INFO - process ingested knowledge for /home/kathan/Kathan/Kavia AI/graphnode-backend-api/data/rdk7542/9084/b7977ho/wesnoth-9084/MacOSX/Wesnoth Scenario Editor/WNDefeatList.m
2026-02-02 12:28:35,146 - Knowledge - INFO - Async storing batch of 6 embeddings
2026-02-02 12:28:35,148 - Knowledge - INFO - Worker kw7 processing /home/kathan/Kathan/Kavia AI/graphnode-backend-api/data/rdk7542/9084/b7977ho/wesnoth-9084/src/unit_types.cpp
2026-02-02 12:28:35,155 - Knowledge - INFO - Worker kw16 processing /home/kathan/Kathan/Kavia AI/graphnode-backend-api/data/rdk7542/9084/b7977ho/wesnoth-9084/src/ai_interface.hpp
2026-02-02 12:28:35,170 - Knowledge - INFO - process ingested knowledge for /home/kathan/Kathan/Kavia AI/graphnode-backend-api/data/rdk7542/9084/b7977ho/wesnoth-9084/doc/doxygen/doxygen.cpp
2026-02-02 12:28:35,217 - Knowledge - INFO - Processing batch of 6 files
2026-02-02 12:28:35,234 - Knowledge - INFO - process ingested knowledge for /home/kathan/Kathan/Kavia AI/graphnode-backend-api/data/rdk7542/9084/b7977ho/wesnoth-9084/MacOSX/Wesnoth Scenario Editor/Wesnoth_Scenario_Editor_Prefix.h
2026-02-02 12:28:35,245 - Knowledge - INFO - process ingested knowledge for /home/kathan/Kathan/Kavia AI/graphnode-backend-api/data/rdk7542/9084/b7977ho/wesnoth-9084/MacOSX/Wesnoth Scenario Editor/WNEventLookup.h
2026-02-02 12:28:35,261 - Knowledge - INFO - process ingested knowledge for /home/kathan/Kathan/Kavia AI/graphnode-backend-api/data/rdk7542/9084/b7977ho/wesnoth-9084/MacOSX/Wesnoth Scenario Editor/WNEventEditor.m
2026-02-02 12:28:35,313 - Knowledge - INFO - process ingested knowledge for /home/kathan/Kathan/Kavia AI/graphnode-backend-api/data/rdk7542/9084/b7977ho/wesnoth-9084/utils/wmltrans.pm
2026-02-02 12:28:35,350 - Knowledge - INFO - process ingested knowledge for /home/kathan/Kathan/Kavia AI/graphnode-backend-api/data/rdk7542/9084/b7977ho/wesnoth-9084/MacOSX/extra_mac_headers.h
2026-02-02 12:28:35,355 - Knowledge - INFO - process ingested knowledge for /home/kathan/Kathan/Kavia AI/graphnode-backend-api/data/rdk7542/9084/b7977ho/wesnoth-9084/MacOSX/Wesnoth Scenario Editor/WNEventDataSource.m
2026-02-02 12:28:35,366 - Knowledge - INFO - process ingested knowledge for /home/kathan/Kathan/Kavia AI/graphnode-backend-api/data/rdk7542/9084/b7977ho/wesnoth-9084/utils/wml.pm
2026-02-02 12:28:35,383 - Knowledge - INFO - process ingested knowledge for /home/kathan/Kathan/Kavia AI/graphnode-backend-api/data/rdk7542/9084/b7977ho/wesnoth-9084/doc/doxygen/header.html
2026-02-02 12:28:35,414 - Knowledge - INFO - process ingested knowledge for /home/kathan/Kathan/Kavia AI/graphnode-backend-api/data/rdk7542/9084/b7977ho/wesnoth-9084/MacOSX/Wesnoth Scenario Editor/WNSideList.h
2026-02-02 12:28:35,456 - Knowledge - INFO - Processing batch of 6 files
2026-02-02 12:28:35,457 - Knowledge - INFO - process ingested knowledge for /home/kathan/Kathan/Kavia AI/graphnode-backend-api/data/rdk7542/9084/b7977ho/wesnoth-9084/MacOSX/Wesnoth Scenario Editor/WMLScenarioDetails.h
2026-02-02 12:28:35,552 - Knowledge - INFO - process ingested knowledge for /home/kathan/Kathan/Kavia AI/graphnode-backend-api/data/rdk7542/9084/b7977ho/wesnoth-9084/utils/campaigns_client.pl
2026-02-02 12:28:35,584 - Knowledge - INFO - process ingested knowledge for /home/kathan/Kathan/Kavia AI/graphnode-backend-api/data/rdk7542/9084/b7977ho/wesnoth-9084/MacOSX/Wesnoth Scenario Editor/WNCharacterListView.h
2026-02-02 12:28:35,867 - Knowledge - INFO - Worker kw7 processing /home/kathan/Kathan/Kavia AI/graphnode-backend-api/data/rdk7542/9084/b7977ho/wesnoth-9084/src/intro.hpp
2026-02-02 12:28:35,928 - Knowledge - INFO - Worker kw16 processing /home/kathan/Kathan/Kavia AI/graphnode-backend-api/data/rdk7542/9084/b7977ho/wesnoth-9084/src/gettext.cpp
2026-02-02 12:28:35,928 - Knowledge - INFO - Fast-tracked /home/kathan/Kathan/Kavia AI/graphnode-backend-api/data/rdk7542/9084/b7977ho/wesnoth-9084/src/intro.hpp (ext=.hpp, size=1023)
2026-02-02 12:28:35,977 - Knowledge - INFO - Worker kw5 processing /home/kathan/Kathan/Kavia AI/graphnode-backend-api/data/rdk7542/9084/b7977ho/wesnoth-9084/src/wassert.cpp
2026-02-02 12:28:36,038 - Knowledge - INFO - Fast-tracked /home/kathan/Kathan/Kavia AI/graphnode-backend-api/data/rdk7542/9084/b7977ho/wesnoth-9084/src/gettext.cpp (ext=.cpp, size=1110)
2026-02-02 12:28:36,082 - Knowledge - INFO - Worker kw7 processing /home/kathan/Kathan/Kavia AI/graphnode-backend-api/data/rdk7542/9084/b7977ho/wesnoth-9084/src/zipios++/xcoll.cpp
2026-02-02 12:28:36,122 - Knowledge - INFO - process ingested knowledge for /home/kathan/Kathan/Kavia AI/graphnode-backend-api/data/rdk7542/9084/b7977ho/wesnoth-9084/doc/doxygen/footer.html
2026-02-02 12:28:36,133 - Knowledge - INFO - process ingested knowledge for /home/kathan/Kathan/Kavia AI/graphnode-backend-api/data/rdk7542/9084/b7977ho/wesnoth-9084/MacOSX/Wesnoth Scenario Editor/WNScenario.m
2026-02-02 12:28:36,152 - Knowledge - INFO - process ingested knowledge for /home/kathan/Kathan/Kavia AI/graphnode-backend-api/data/rdk7542/9084/b7977ho/wesnoth-9084/utils/wml_net.pm
2026-02-02 12:28:36,172 - Knowledge - INFO - Fast-tracked /home/kathan/Kathan/Kavia AI/graphnode-backend-api/data/rdk7542/9084/b7977ho/wesnoth-9084/src/wassert.cpp (ext=.cpp, size=676)
2026-02-02 12:28:36,628 - Knowledge - INFO - Worker kw16 processing /home/kathan/Kathan/Kavia AI/graphnode-backend-api/data/rdk7542/9084/b7977ho/wesnoth-9084/src/display.hpp
2026-02-02 12:28:36,954 - Knowledge - INFO - process ingested knowledge for /home/kathan/Kathan/Kavia AI/graphnode-backend-api/data/rdk7542/9084/b7977ho/wesnoth-9084/MacOSX/Wesnoth Scenario Editor/WMLCampaign.m
2026-02-02 12:28:36,981 - Knowledge - INFO - Fast-tracked /home/kathan/Kathan/Kavia AI/graphnode-backend-api/data/rdk7542/9084/b7977ho/wesnoth-9084/src/zipios++/xcoll.cpp (small file (2122 bytes))
2026-02-02 12:28:37,098 - Knowledge - INFO - Worker kw5 processing /home/kathan/Kathan/Kavia AI/graphnode-backend-api/data/rdk7542/9084/b7977ho/wesnoth-9084/src/pathutils.cpp
2026-02-02 12:28:37,315 - Knowledge - INFO - Worker kw7 processing /home/kathan/Kathan/Kavia AI/graphnode-backend-api/data/rdk7542/9084/b7977ho/wesnoth-9084/src/zipios++/xcoll.hpp
2026-02-02 12:28:37,365 - Knowledge - INFO - Fast-tracked /home/kathan/Kathan/Kavia AI/graphnode-backend-api/data/rdk7542/9084/b7977ho/wesnoth-9084/src/zipios++/xcoll.hpp (ext=.hpp, size=857)
2026-02-02 12:28:37,366 - Knowledge - INFO - Async storage completed for 6 embeddings
2026-02-02 12:28:37,371 - Knowledge - INFO - Worker kw16 processing /home/kathan/Kathan/Kavia AI/graphnode-backend-api/data/rdk7542/9084/b7977ho/wesnoth-9084/src/ai.hpp
2026-02-02 12:28:37,476 - Knowledge - INFO - Fast-tracked /home/kathan/Kathan/Kavia AI/graphnode-backend-api/data/rdk7542/9084/b7977ho/wesnoth-9084/src/pathutils.cpp (small file (2379 bytes))
2026-02-02 12:28:37,525 - Knowledge - INFO - Async storage completed for 6 embeddings
2026-02-02 12:28:37,582 - Knowledge - INFO - [LLM_CALL] Completed: reports.cpp:chunk1, Duration: 23182ms, PromptTokens: 7920, CompletionTokens: 659, Cost: $0.00106
2026-02-02 12:28:37,615 - Knowledge - INFO - done ingest for /home/kathan/Kathan/Kavia AI/graphnode-backend-api/data/rdk7542/9084/b7977ho/wesnoth-9084/src/reports.cpp
2026-02-02 12:28:37,631 - Knowledge - INFO - Worker kw16 processing /home/kathan/Kathan/Kavia AI/graphnode-backend-api/data/rdk7542/9084/b7977ho/wesnoth-9084/src/thread.cpp
2026-02-02 12:28:38,023 - Knowledge - INFO - Async storage completed for 6 embeddings
2026-02-02 12:28:38,431 - Knowledge - INFO - process ingested knowledge for /home/kathan/Kathan/Kavia AI/graphnode-backend-api/data/rdk7542/9084/b7977ho/wesnoth-9084/MacOSX/Wesnoth Scenario Editor/WNUnitList.h
2026-02-02 12:28:39,045 - Knowledge - INFO - process ingested knowledge for /home/kathan/Kathan/Kavia AI/graphnode-backend-api/data/rdk7542/9084/b7977ho/wesnoth-9084/MacOSX/Wesnoth Scenario Editor/WNScenarioDesignDelegate.m
2026-02-02 12:28:39,707 - Knowledge - INFO - process ingested knowledge for /home/kathan/Kathan/Kavia AI/graphnode-backend-api/data/rdk7542/9084/b7977ho/wesnoth-9084/MacOSX/Wesnoth Scenario Editor/WNCharacterList.h
2026-02-02 12:28:40,239 - Knowledge - INFO - process ingested knowledge for /home/kathan/Kathan/Kavia AI/graphnode-backend-api/data/rdk7542/9084/b7977ho/wesnoth-9084/MacOSX/Wesnoth Scenario Editor/WNMapView.h
2026-02-02 12:28:40,692 - Knowledge - INFO - process ingested knowledge for /home/kathan/Kathan/Kavia AI/graphnode-backend-api/data/rdk7542/9084/b7977ho/wesnoth-9084/MacOSX/Wesnoth Scenario Editor/WNMapView.m
2026-02-02 12:28:41,432 - Knowledge - INFO - [LLM_CALL] Completed: leader_list.cpp:chunk1, Duration: 25349ms, PromptTokens: 2464, CompletionTokens: 443, Cost: $0.00042
2026-02-02 12:28:41,444 - Knowledge - INFO - done ingest for /home/kathan/Kathan/Kavia AI/graphnode-backend-api/data/rdk7542/9084/b7977ho/wesnoth-9084/src/leader_list.cpp
2026-02-02 12:28:41,495 - Knowledge - INFO - [LLM_CALL] Completed: map_label.cpp:chunk1, Duration: 22885ms, PromptTokens: 3126, CompletionTokens: 719, Cost: $0.00060
2026-02-02 12:28:41,495 - Knowledge - INFO - done ingest for /home/kathan/Kathan/Kavia AI/graphnode-backend-api/data/rdk7542/9084/b7977ho/wesnoth-9084/src/map_label.cpp
2026-02-02 12:28:42,086 - Knowledge - INFO - process ingested knowledge for /home/kathan/Kathan/Kavia AI/graphnode-backend-api/data/rdk7542/9084/b7977ho/wesnoth-9084/MacOSX/Wesnoth Scenario Editor/WNRecruitListView.h
2026-02-02 12:28:43,080 - Knowledge - INFO - process ingested knowledge for /home/kathan/Kathan/Kavia AI/graphnode-backend-api/data/rdk7542/9084/b7977ho/wesnoth-9084/MacOSX/Wesnoth Scenario Editor/WNUnitMapView.m
2026-02-02 12:28:43,099 - Knowledge - INFO - [LLM_CALL] Completed: thread.hpp:chunk1, Duration: 32365ms, PromptTokens: 4166, CompletionTokens: 866, Cost: $0.00076
2026-02-02 12:28:43,099 - Knowledge - INFO - done ingest for /home/kathan/Kathan/Kavia AI/graphnode-backend-api/data/rdk7542/9084/b7977ho/wesnoth-9084/src/thread.hpp
2026-02-02 12:28:43,380 - Knowledge - INFO - [LLM_CALL] Completed: scoped_resource.hpp:chunk1, Duration: 21924ms, PromptTokens: 3210, CompletionTokens: 429, Cost: $0.00049
2026-02-02 12:28:43,392 - Knowledge - INFO - done ingest for /home/kathan/Kathan/Kavia AI/graphnode-backend-api/data/rdk7542/9084/b7977ho/wesnoth-9084/src/scoped_resource.hpp
2026-02-02 12:28:46,790 - Knowledge - INFO - [LLM_CALL] Completed: random_map.pl:chunk1, Duration: 36081ms, PromptTokens: 11172, CompletionTokens: 803, Cost: $0.00144
2026-02-02 12:28:46,805 - Knowledge - INFO - done ingest for /home/kathan/Kathan/Kavia AI/graphnode-backend-api/data/rdk7542/9084/b7977ho/wesnoth-9084/utils/random_map.pl
2026-02-02 12:28:47,882 - Knowledge - INFO - [LLM_CALL] Completed: multiplayer.cpp:chunk1, Duration: 26192ms, PromptTokens: 6312, CompletionTokens: 679, Cost: $0.00090
2026-02-02 12:28:47,882 - Knowledge - INFO - done ingest for /home/kathan/Kathan/Kavia AI/graphnode-backend-api/data/rdk7542/9084/b7977ho/wesnoth-9084/src/multiplayer.cpp
2026-02-02 12:28:48,911 - Knowledge - INFO - [LLM_CALL] Completed: preferences.hpp:chunk1, Duration: 38159ms, PromptTokens: 2754, CompletionTokens: 1122, Cost: $0.00072
2026-02-02 12:28:48,911 - Knowledge - INFO - done ingest for /home/kathan/Kathan/Kavia AI/graphnode-backend-api/data/rdk7542/9084/b7977ho/wesnoth-9084/src/preferences.hpp
2026-02-02 12:28:49,916 - Knowledge - INFO - [LLM_CALL] Completed: halo.cpp:chunk1, Duration: 24091ms, PromptTokens: 3834, CompletionTokens: 642, Cost: $0.00064
2026-02-02 12:28:49,932 - Knowledge - INFO - done ingest for /home/kathan/Kathan/Kavia AI/graphnode-backend-api/data/rdk7542/9084/b7977ho/wesnoth-9084/src/halo.cpp
2026-02-02 12:28:52,767 - Knowledge - INFO - [LLM_CALL] Completed: WMLEvent.m:chunk1, Duration: 43123ms, PromptTokens: 5028, CompletionTokens: 1215, Cost: $0.00099
2026-02-02 12:28:52,768 - Knowledge - INFO - done ingest for /home/kathan/Kathan/Kavia AI/graphnode-backend-api/data/rdk7542/9084/b7977ho/wesnoth-9084/MacOSX/Wesnoth Scenario Editor/WMLEvent.m
2026-02-02 12:28:53,492 - Knowledge - INFO - [WEBSOCKET] Sent: Type=progress_update, Size: 293, Duration: 0ms
2026-02-02 12:28:53,497 - Knowledge - INFO - [WEBSOCKET] Sent: Type=unknown, Size: ?, Duration: 6ms
2026-02-02 12:28:53,498 - Knowledge - INFO - Progress: 48.3% | Files: 229/474 | Rate: 1.76 files/sec | Queue: 168
2026-02-02 12:28:54,575 - Knowledge - INFO - [kw2] Queue=168, InProgress=0, PendingWorkers=20/20, Completed=232/474 (48.9%)
2026-02-02 12:28:54,592 - Knowledge - INFO - Batch sizing: calculated=5, max_allowed=10, queue=168, active_workers=20/20
2026-02-02 12:28:55,012 - Knowledge - INFO - [kw19] Queue=168, InProgress=0, PendingWorkers=20/20, Completed=232/474 (48.9%)
2026-02-02 12:28:55,012 - Knowledge - INFO - Batch sizing: calculated=5, max_allowed=10, queue=168, active_workers=20/20
2026-02-02 12:28:55,059 - Knowledge - INFO - [LLM_CALL] Completed: sound.cpp:chunk1, Duration: 29142ms, PromptTokens: 3710, CompletionTokens: 845, Cost: $0.00071
2026-02-02 12:28:55,059 - Knowledge - INFO - done ingest for /home/kathan/Kathan/Kavia AI/graphnode-backend-api/data/rdk7542/9084/b7977ho/wesnoth-9084/src/sound.cpp
2026-02-02 12:28:55,231 - Knowledge - INFO - Async storing batch of 6 embeddings
2026-02-02 12:28:55,295 - Knowledge - INFO - Worker kw2 processing /home/kathan/Kathan/Kavia AI/graphnode-backend-api/data/rdk7542/9084/b7977ho/wesnoth-9084/src/events.cpp
2026-02-02 12:28:55,295 - Knowledge - INFO - [kw17] Queue=163, InProgress=0, PendingWorkers=20/20, Completed=233/474 (49.2%)
2026-02-02 12:28:55,307 - Knowledge - INFO - Async storing batch of 6 embeddings
2026-02-02 12:28:55,373 - Knowledge - INFO - [kw18] Queue=158, InProgress=0, PendingWorkers=20/20, Completed=233/474 (49.2%)
2026-02-02 12:28:55,437 - Knowledge - INFO - Batch sizing: calculated=5, max_allowed=10, queue=163, active_workers=20/20
2026-02-02 12:28:55,455 - Knowledge - INFO - Worker kw19 processing /home/kathan/Kathan/Kavia AI/graphnode-backend-api/data/rdk7542/9084/b7977ho/wesnoth-9084/src/map.cpp
2026-02-02 12:28:55,478 - Knowledge - INFO - Batch sizing: calculated=5, max_allowed=10, queue=158, active_workers=20/20
2026-02-02 12:28:55,668 - Knowledge - INFO - Worker kw2 processing /home/kathan/Kathan/Kavia AI/graphnode-backend-api/data/rdk7542/9084/b7977ho/wesnoth-9084/src/network_worker.hpp
2026-02-02 12:28:55,668 - Knowledge - INFO - Fast-tracked /home/kathan/Kathan/Kavia AI/graphnode-backend-api/data/rdk7542/9084/b7977ho/wesnoth-9084/src/network_worker.hpp (ext=.hpp, size=1210)
2026-02-02 12:28:55,668 - Knowledge - INFO - Worker kw2 processing /home/kathan/Kathan/Kavia AI/graphnode-backend-api/data/rdk7542/9084/b7977ho/wesnoth-9084/src/multiplayer_lobby.hpp
2026-02-02 12:28:55,804 - Knowledge - INFO - Worker kw19 processing /home/kathan/Kathan/Kavia AI/graphnode-backend-api/data/rdk7542/9084/b7977ho/wesnoth-9084/src/about.cpp
2026-02-02 12:28:55,927 - Knowledge - INFO - Worker kw2 processing /home/kathan/Kathan/Kavia AI/graphnode-backend-api/data/rdk7542/9084/b7977ho/wesnoth-9084/src/mouse.cpp
2026-02-02 12:28:55,937 - Knowledge - INFO - Fast-tracked /home/kathan/Kathan/Kavia AI/graphnode-backend-api/data/rdk7542/9084/b7977ho/wesnoth-9084/src/mouse.cpp (ext=.cpp, size=912)
2026-02-02 12:28:56,017 - Knowledge - INFO - Worker kw19 processing /home/kathan/Kathan/Kavia AI/graphnode-backend-api/data/rdk7542/9084/b7977ho/wesnoth-9084/src/filesystem.hpp
2026-02-02 12:28:56,139 - Knowledge - INFO - Worker kw2 processing /home/kathan/Kathan/Kavia AI/graphnode-backend-api/data/rdk7542/9084/b7977ho/wesnoth-9084/src/ai_move.cpp
2026-02-02 12:28:56,315 - Knowledge - INFO - [LLM_CALL] Completed: intro.cpp:chunk1, Duration: 37363ms, PromptTokens: 5734, CompletionTokens: 566, Cost: $0.00080
2026-02-02 12:28:56,396 - Knowledge - INFO - done ingest for /home/kathan/Kathan/Kavia AI/graphnode-backend-api/data/rdk7542/9084/b7977ho/wesnoth-9084/src/intro.cpp
2026-02-02 12:28:56,428 - Knowledge - INFO - Async storing batch of 6 embeddings
2026-02-02 12:28:56,433 - Knowledge - INFO - Worker kw17 processing /home/kathan/Kathan/Kavia AI/graphnode-backend-api/data/rdk7542/9084/b7977ho/wesnoth-9084/src/unit_display.hpp
2026-02-02 12:28:56,433 - Knowledge - INFO - Fast-tracked /home/kathan/Kathan/Kavia AI/graphnode-backend-api/data/rdk7542/9084/b7977ho/wesnoth-9084/src/unit_display.hpp (ext=.hpp, size=1871)
2026-02-02 12:28:56,434 - Knowledge - INFO - Worker kw17 processing /home/kathan/Kathan/Kavia AI/graphnode-backend-api/data/rdk7542/9084/b7977ho/wesnoth-9084/src/sdl_utils.cpp
2026-02-02 12:28:56,452 - Knowledge - INFO - Async storing batch of 6 embeddings
2026-02-02 12:28:56,452 - Knowledge - INFO - Worker kw18 processing /home/kathan/Kathan/Kavia AI/graphnode-backend-api/data/rdk7542/9084/b7977ho/wesnoth-9084/src/pathfind.hpp
2026-02-02 12:28:56,577 - Knowledge - INFO - Async storage completed for 6 embeddings
2026-02-02 12:28:56,792 - Knowledge - INFO - Processing batch of 6 files
2026-02-02 12:28:56,827 - Knowledge - INFO - process ingested knowledge for /home/kathan/Kathan/Kavia AI/graphnode-backend-api/data/rdk7542/9084/b7977ho/wesnoth-9084/utils/random_map.pl
2026-02-02 12:28:56,986 - Knowledge - INFO - Worker kw17 processing /home/kathan/Kathan/Kavia AI/graphnode-backend-api/data/rdk7542/9084/b7977ho/wesnoth-9084/src/halo.hpp
2026-02-02 12:28:57,087 - Knowledge - INFO - Fast-tracked /home/kathan/Kathan/Kavia AI/graphnode-backend-api/data/rdk7542/9084/b7977ho/wesnoth-9084/src/halo.hpp (ext=.hpp, size=1417)
2026-02-02 12:28:57,088 - Knowledge - INFO - Worker kw17 processing /home/kathan/Kathan/Kavia AI/graphnode-backend-api/data/rdk7542/9084/b7977ho/wesnoth-9084/src/wesconfig.h
2026-02-02 12:28:57,088 - Knowledge - INFO - Fast-tracked /home/kathan/Kathan/Kavia AI/graphnode-backend-api/data/rdk7542/9084/b7977ho/wesnoth-9084/src/wesconfig.h (ext=.h, size=289)
2026-02-02 12:28:57,088 - Knowledge - INFO - Worker kw17 processing /home/kathan/Kathan/Kavia AI/graphnode-backend-api/data/rdk7542/9084/b7977ho/wesnoth-9084/src/global.hpp
2026-02-02 12:28:57,214 - Knowledge - INFO - Fast-tracked /home/kathan/Kathan/Kavia AI/graphnode-backend-api/data/rdk7542/9084/b7977ho/wesnoth-9084/src/global.hpp (ext=.hpp, size=1563)
2026-02-02 12:28:57,241 - Knowledge - INFO - Async storage completed for 6 embeddings
2026-02-02 12:28:57,242 - Knowledge - INFO - Worker kw18 processing /home/kathan/Kathan/Kavia AI/graphnode-backend-api/data/rdk7542/9084/b7977ho/wesnoth-9084/src/dialogs.hpp
2026-02-02 12:28:57,313 - Knowledge - INFO - Worker kw19 processing /home/kathan/Kathan/Kavia AI/graphnode-backend-api/data/rdk7542/9084/b7977ho/wesnoth-9084/src/astarnode.cpp
2026-02-02 12:28:57,613 - Knowledge - INFO - process ingested knowledge for /home/kathan/Kathan/Kavia AI/graphnode-backend-api/data/rdk7542/9084/b7977ho/wesnoth-9084/data/convert.pl
2026-02-02 12:28:57,674 - Knowledge - INFO - Worker kw19 processing /home/kathan/Kathan/Kavia AI/graphnode-backend-api/data/rdk7542/9084/b7977ho/wesnoth-9084/src/random.hpp
2026-02-02 12:28:57,675 - Knowledge - INFO - Fast-tracked /home/kathan/Kathan/Kavia AI/graphnode-backend-api/data/rdk7542/9084/b7977ho/wesnoth-9084/src/random.hpp (ext=.hpp, size=1268)
2026-02-02 12:28:57,682 - Knowledge - INFO - Worker kw18 processing /home/kathan/Kathan/Kavia AI/graphnode-backend-api/data/rdk7542/9084/b7977ho/wesnoth-9084/src/replay.hpp
2026-02-02 12:28:57,688 - Knowledge - INFO - Async storage completed for 6 embeddings
2026-02-02 12:28:58,206 - Knowledge - INFO - Worker kw18 processing /home/kathan/Kathan/Kavia AI/graphnode-backend-api/data/rdk7542/9084/b7977ho/wesnoth-9084/src/language.cpp
2026-02-02 12:28:58,558 - Knowledge - INFO - process ingested knowledge for /home/kathan/Kathan/Kavia AI/graphnode-backend-api/data/rdk7542/9084/b7977ho/wesnoth-9084/data/COPYING.txt
2026-02-02 12:28:58,730 - Knowledge - INFO - Worker kw18 processing /home/kathan/Kathan/Kavia AI/graphnode-backend-api/data/rdk7542/9084/b7977ho/wesnoth-9084/src/language.hpp
2026-02-02 12:28:58,730 - Knowledge - INFO - process ingested knowledge for /home/kathan/Kathan/Kavia AI/graphnode-backend-api/data/rdk7542/9084/b7977ho/wesnoth-9084/src/thread.hpp
2026-02-02 12:28:58,785 - Knowledge - INFO - Fast-tracked /home/kathan/Kathan/Kavia AI/graphnode-backend-api/data/rdk7542/9084/b7977ho/wesnoth-9084/src/language.hpp (small file (2149 bytes))
2026-02-02 12:28:58,814 - Knowledge - INFO - [kw8] Queue=148, InProgress=0, PendingWorkers=20/20, Completed=234/474 (49.4%)
2026-02-02 12:28:58,938 - Knowledge - INFO - process ingested knowledge for /home/kathan/Kathan/Kavia AI/graphnode-backend-api/data/rdk7542/9084/b7977ho/wesnoth-9084/src/checksum.cpp
2026-02-02 12:28:58,974 - Knowledge - INFO - Batch sizing: calculated=5, max_allowed=10, queue=148, active_workers=20/20
2026-02-02 12:28:58,986 - Knowledge - INFO - [kw15] Queue=148, InProgress=0, PendingWorkers=20/20, Completed=234/474 (49.4%)
2026-02-02 12:28:59,068 - Knowledge - INFO - process ingested knowledge for /home/kathan/Kathan/Kavia AI/graphnode-backend-api/data/rdk7542/9084/b7977ho/wesnoth-9084/src/preferences.hpp
2026-02-02 12:28:59,235 - Knowledge - INFO - Async storage completed for 6 embeddings
2026-02-02 12:28:59,258 - Knowledge - INFO - Async storing batch of 6 embeddings
2026-02-02 12:28:59,373 - Knowledge - INFO - Batch sizing: calculated=5, max_allowed=10, queue=148, active_workers=20/20
2026-02-02 12:28:59,691 - Knowledge - INFO - Worker kw8 processing /home/kathan/Kathan/Kavia AI/graphnode-backend-api/data/rdk7542/9084/b7977ho/wesnoth-9084/src/statistics.hpp
2026-02-02 12:28:59,968 - Knowledge - INFO - Fast-tracked /home/kathan/Kathan/Kavia AI/graphnode-backend-api/data/rdk7542/9084/b7977ho/wesnoth-9084/src/statistics.hpp (small file (2420 bytes))
2026-02-02 12:28:59,968 - Knowledge - INFO - Worker kw8 processing /home/kathan/Kathan/Kavia AI/graphnode-backend-api/data/rdk7542/9084/b7977ho/wesnoth-9084/src/game_errors.hpp
2026-02-02 12:28:59,969 - Knowledge - INFO - Fast-tracked /home/kathan/Kathan/Kavia AI/graphnode-backend-api/data/rdk7542/9084/b7977ho/wesnoth-9084/src/game_errors.hpp (ext=.hpp, size=1577)
2026-02-02 12:29:00,180 - Knowledge - INFO - [LLM_CALL] Completed: mapgen.cpp:chunk1, Duration: 33931ms, PromptTokens: 22696, CompletionTokens: 664, Cost: $0.00254
2026-02-02 12:29:00,217 - Knowledge - INFO - Worker kw8 processing /home/kathan/Kathan/Kavia AI/graphnode-backend-api/data/rdk7542/9084/b7977ho/wesnoth-9084/src/cursor.cpp
2026-02-02 12:29:00,347 - Knowledge - INFO - done ingest for /home/kathan/Kathan/Kavia AI/graphnode-backend-api/data/rdk7542/9084/b7977ho/wesnoth-9084/src/mapgen.cpp
2026-02-02 12:29:00,589 - Knowledge - INFO - Async storing batch of 6 embeddings
2026-02-02 12:29:00,589 - Knowledge - INFO - Worker kw15 processing /home/kathan/Kathan/Kavia AI/graphnode-backend-api/data/rdk7542/9084/b7977ho/wesnoth-9084/src/statistics.cpp
2026-02-02 12:29:00,766 - Knowledge - INFO - Worker kw15 processing /home/kathan/Kathan/Kavia AI/graphnode-backend-api/data/rdk7542/9084/b7977ho/wesnoth-9084/src/tooltips.cpp
2026-02-02 12:29:00,851 - Knowledge - INFO - Worker kw8 processing /home/kathan/Kathan/Kavia AI/graphnode-backend-api/data/rdk7542/9084/b7977ho/wesnoth-9084/src/network_worker.cpp
2026-02-02 12:29:01,282 - Knowledge - INFO - Worker kw15 processing /home/kathan/Kathan/Kavia AI/graphnode-backend-api/data/rdk7542/9084/b7977ho/wesnoth-9084/src/race.hpp
2026-02-02 12:29:01,304 - Knowledge - INFO - Fast-tracked /home/kathan/Kathan/Kavia AI/graphnode-backend-api/data/rdk7542/9084/b7977ho/wesnoth-9084/src/race.hpp (ext=.hpp, size=1288)
2026-02-02 12:29:01,321 - Knowledge - INFO - Worker kw15 processing /home/kathan/Kathan/Kavia AI/graphnode-backend-api/data/rdk7542/9084/b7977ho/wesnoth-9084/src/clipboard.hpp
2026-02-02 12:29:01,468 - Knowledge - INFO - Worker kw8 processing /home/kathan/Kathan/Kavia AI/graphnode-backend-api/data/rdk7542/9084/b7977ho/wesnoth-9084/src/gamestatus.hpp
2026-02-02 12:29:01,507 - Knowledge - INFO - Fast-tracked /home/kathan/Kathan/Kavia AI/graphnode-backend-api/data/rdk7542/9084/b7977ho/wesnoth-9084/src/clipboard.hpp (ext=.hpp, size=840)
2026-02-02 12:29:01,704 - Knowledge - INFO - Worker kw15 processing /home/kathan/Kathan/Kavia AI/graphnode-backend-api/data/rdk7542/9084/b7977ho/wesnoth-9084/src/game_config.cpp
2026-02-02 12:29:02,800 - Knowledge - INFO - [LLM_CALL] Completed: unit_types.cpp:chunk1, Duration: 27248ms, PromptTokens: 17638, CompletionTokens: 657, Cost: $0.00203
2026-02-02 12:29:02,887 - Knowledge - INFO - Async storage completed for 6 embeddings
2026-02-02 12:29:02,982 - Knowledge - INFO - done ingest for /home/kathan/Kathan/Kavia AI/graphnode-backend-api/data/rdk7542/9084/b7977ho/wesnoth-9084/src/unit_types.cpp
2026-02-02 12:29:03,429 - Knowledge - INFO - Async storage completed for 6 embeddings
2026-02-02 12:29:06,764 - Knowledge - INFO - [LLM_CALL] Completed: video.cpp:chunk1, Duration: 53171ms, PromptTokens: 5938, CompletionTokens: 664, Cost: $0.00086
2026-02-02 12:29:06,804 - Knowledge - INFO - done ingest for /home/kathan/Kathan/Kavia AI/graphnode-backend-api/data/rdk7542/9084/b7977ho/wesnoth-9084/src/video.cpp
2026-02-02 12:29:07,896 - Knowledge - INFO - [LLM_CALL] Completed: editor_undo.cpp:chunk1, Duration: 35407ms, PromptTokens: 2736, CompletionTokens: 472, Cost: $0.00046
2026-02-02 12:29:07,896 - Knowledge - INFO - done ingest for /home/kathan/Kathan/Kavia AI/graphnode-backend-api/data/rdk7542/9084/b7977ho/wesnoth-9084/src/editor/editor_undo.cpp
2026-02-02 12:29:10,243 - Knowledge - INFO - [kw1] Queue=138, InProgress=0, PendingWorkers=20/20, Completed=234/474 (49.4%)
2026-02-02 12:29:10,243 - Knowledge - INFO - Batch sizing: calculated=5, max_allowed=10, queue=138, active_workers=20/20
2026-02-02 12:29:10,243 - Knowledge - INFO - Async storing batch of 6 embeddings
2026-02-02 12:29:10,243 - Knowledge - INFO - Worker kw1 processing /home/kathan/Kathan/Kavia AI/graphnode-backend-api/data/rdk7542/9084/b7977ho/wesnoth-9084/src/reports.hpp
2026-02-02 12:29:10,746 - Knowledge - INFO - Worker kw1 processing /home/kathan/Kathan/Kavia AI/graphnode-backend-api/data/rdk7542/9084/b7977ho/wesnoth-9084/src/multiplayer_ui.hpp
2026-02-02 12:29:11,714 - Knowledge - INFO - Worker kw1 processing /home/kathan/Kathan/Kavia AI/graphnode-backend-api/data/rdk7542/9084/b7977ho/wesnoth-9084/src/config.hpp
2026-02-02 12:29:11,795 - Knowledge - INFO - [LLM_CALL] Completed: multiplayer_connect.hpp:chunk1, Duration: 57174ms, PromptTokens: 3660, CompletionTokens: 1201, Cost: $0.00085
2026-02-02 12:29:11,857 - Knowledge - INFO - done ingest for /home/kathan/Kathan/Kavia AI/graphnode-backend-api/data/rdk7542/9084/b7977ho/wesnoth-9084/src/multiplayer_connect.hpp
2026-02-02 12:29:12,327 - Knowledge - INFO - [LLM_CALL] Completed: editor_main.cpp:chunk1, Duration: 39040ms, PromptTokens: 5826, CompletionTokens: 615, Cost: $0.00083
2026-02-02 12:29:12,328 - Knowledge - INFO - done ingest for /home/kathan/Kathan/Kavia AI/graphnode-backend-api/data/rdk7542/9084/b7977ho/wesnoth-9084/src/editor/editor_main.cpp
2026-02-02 12:29:12,529 - Knowledge - INFO - [LLM_CALL] Completed: actions.cpp:chunk1, Duration: 37601ms, PromptTokens: 18734, CompletionTokens: 1039, Cost: $0.00229
2026-02-02 12:29:12,582 - Knowledge - INFO - Worker kw1 processing /home/kathan/Kathan/Kavia AI/graphnode-backend-api/data/rdk7542/9084/b7977ho/wesnoth-9084/src/ai_attack.cpp
2026-02-02 12:29:12,924 - Knowledge - INFO - Worker kw1 processing /home/kathan/Kathan/Kavia AI/graphnode-backend-api/data/rdk7542/9084/b7977ho/wesnoth-9084/src/random.cpp
2026-02-02 12:29:13,392 - Knowledge - INFO - [LLM_CALL] Completed: ai_interface.hpp:chunk1, Duration: 37824ms, PromptTokens: 3818, CompletionTokens: 566, Cost: $0.00061
2026-02-02 12:29:14,325 - Knowledge - INFO - done ingest for /home/kathan/Kathan/Kavia AI/graphnode-backend-api/data/rdk7542/9084/b7977ho/wesnoth-9084/src/ai_interface.hpp
2026-02-02 12:29:14,393 - Knowledge - INFO - Async storage completed for 6 embeddings
2026-02-02 12:29:15,864 - Knowledge - INFO - [LLM_CALL] Completed: editor_dialogs.cpp:chunk1, Duration: 41837ms, PromptTokens: 8598, CompletionTokens: 651, Cost: $0.00112
2026-02-02 12:29:15,864 - Knowledge - INFO - done ingest for /home/kathan/Kathan/Kavia AI/graphnode-backend-api/data/rdk7542/9084/b7977ho/wesnoth-9084/src/editor/editor_dialogs.cpp
2026-02-02 12:29:20,246 - Knowledge - INFO - [LLM_CALL] Completed: ai.hpp:chunk1, Duration: 42764ms, PromptTokens: 6514, CompletionTokens: 628, Cost: $0.00090
2026-02-02 12:29:20,246 - Knowledge - INFO - done ingest for /home/kathan/Kathan/Kavia AI/graphnode-backend-api/data/rdk7542/9084/b7977ho/wesnoth-9084/src/ai.hpp
2026-02-02 12:29:20,320 - Knowledge - INFO - [LLM_CALL] Completed: editor_palettes.hpp:chunk1, Duration: 48255ms, PromptTokens: 2700, CompletionTokens: 985, Cost: $0.00066
2026-02-02 12:29:20,372 - Knowledge - INFO - done ingest for /home/kathan/Kathan/Kavia AI/graphnode-backend-api/data/rdk7542/9084/b7977ho/wesnoth-9084/src/editor/editor_palettes.hpp
2026-02-02 12:29:20,724 - Knowledge - INFO - [LLM_CALL] Completed: image.hpp:chunk1, Duration: 55161ms, PromptTokens: 4446, CompletionTokens: 1221, Cost: $0.00093
2026-02-02 12:29:20,724 - Knowledge - INFO - done ingest for /home/kathan/Kathan/Kavia AI/graphnode-backend-api/data/rdk7542/9084/b7977ho/wesnoth-9084/src/image.hpp
2026-02-02 12:29:22,066 - Knowledge - INFO - [LLM_CALL] Completed: unit.cpp:chunk1, Duration: 59919ms, PromptTokens: 19546, CompletionTokens: 1018, Cost: $0.00236
2026-02-02 12:29:22,116 - Knowledge - INFO - done ingest for /home/kathan/Kathan/Kavia AI/graphnode-backend-api/data/rdk7542/9084/b7977ho/wesnoth-9084/src/unit.cpp
2026-02-02 12:29:23,123 - Knowledge - INFO - Processing batch of 6 files
2026-02-02 12:29:23,123 - Knowledge - INFO - process ingested knowledge for /home/kathan/Kathan/Kavia AI/graphnode-backend-api/data/rdk7542/9084/b7977ho/wesnoth-9084/src/image.hpp
2026-02-02 12:29:23,123 - Knowledge - INFO - process ingested knowledge for /home/kathan/Kathan/Kavia AI/graphnode-backend-api/data/rdk7542/9084/b7977ho/wesnoth-9084/src/variable.cpp
2026-02-02 12:29:23,124 - Knowledge - INFO - process ingested knowledge for /home/kathan/Kathan/Kavia AI/graphnode-backend-api/data/rdk7542/9084/b7977ho/wesnoth-9084/src/halo.cpp
2026-02-02 12:29:23,124 - Knowledge - INFO - process ingested knowledge for /home/kathan/Kathan/Kavia AI/graphnode-backend-api/data/rdk7542/9084/b7977ho/wesnoth-9084/src/sound.cpp
2026-02-02 12:29:23,124 - Knowledge - INFO - process ingested knowledge for /home/kathan/Kathan/Kavia AI/graphnode-backend-api/data/rdk7542/9084/b7977ho/wesnoth-9084/src/multiplayer.hpp
2026-02-02 12:29:23,125 - Knowledge - INFO - process ingested knowledge for /home/kathan/Kathan/Kavia AI/graphnode-backend-api/data/rdk7542/9084/b7977ho/wesnoth-9084/src/mapgen.cpp
2026-02-02 12:29:24,311 - Knowledge - INFO - Processing batch of 5 files
2026-02-02 12:29:24,311 - Knowledge - INFO - process ingested knowledge for /home/kathan/Kathan/Kavia AI/graphnode-backend-api/data/rdk7542/9084/b7977ho/wesnoth-9084/src/editor/editor_palettes.hpp
2026-02-02 12:29:24,312 - Knowledge - INFO - process ingested knowledge for /home/kathan/Kathan/Kavia AI/graphnode-backend-api/data/rdk7542/9084/b7977ho/wesnoth-9084/src/editor/editor_dialogs.hpp
2026-02-02 12:29:24,313 - Knowledge - INFO - process ingested knowledge for /home/kathan/Kathan/Kavia AI/graphnode-backend-api/data/rdk7542/9084/b7977ho/wesnoth-9084/src/editor/editor_undo.cpp
2026-02-02 12:29:24,313 - Knowledge - INFO - process ingested knowledge for /home/kathan/Kathan/Kavia AI/graphnode-backend-api/data/rdk7542/9084/b7977ho/wesnoth-9084/src/editor/map_manip.hpp
2026-02-02 12:29:24,314 - Knowledge - INFO - process ingested knowledge for /home/kathan/Kathan/Kavia AI/graphnode-backend-api/data/rdk7542/9084/b7977ho/wesnoth-9084/src/editor/editor_main.cpp
2026-02-02 12:29:25,658 - Knowledge - INFO - [LLM_CALL] Completed: map_manip.cpp:chunk1, Duration: 52122ms, PromptTokens: 5642, CompletionTokens: 636, Cost: $0.00082
2026-02-02 12:29:25,796 - Knowledge - INFO - done ingest for /home/kathan/Kathan/Kavia AI/graphnode-backend-api/data/rdk7542/9084/b7977ho/wesnoth-9084/src/editor/map_manip.cpp
2026-02-02 12:29:29,567 - Knowledge - INFO - [LLM_CALL] Completed: thread.cpp:chunk1, Duration: 51575ms, PromptTokens: 2830, CompletionTokens: 1097, Cost: $0.00072
2026-02-02 12:29:29,568 - Knowledge - INFO - done ingest for /home/kathan/Kathan/Kavia AI/graphnode-backend-api/data/rdk7542/9084/b7977ho/wesnoth-9084/src/thread.cpp
2026-02-02 12:29:29,959 - Knowledge - INFO - [LLM_CALL] Completed: dialogs.cpp:chunk1, Duration: 55601ms, PromptTokens: 15546, CompletionTokens: 1123, Cost: $0.00200
2026-02-02 12:29:29,959 - Knowledge - INFO - done ingest for /home/kathan/Kathan/Kavia AI/graphnode-backend-api/data/rdk7542/9084/b7977ho/wesnoth-9084/src/dialogs.cpp
2026-02-02 12:29:32,106 - Knowledge - INFO - [WEBSOCKET] Sent: Type=progress_update, Size: 292, Duration: 0ms
2026-02-02 12:29:32,133 - Knowledge - INFO - [WEBSOCKET] Sent: Type=unknown, Size: ?, Duration: 27ms
2026-02-02 12:29:32,133 - Knowledge - INFO - Progress: 52.1% | Files: 247/474 | Rate: 1.44 files/sec | Queue: 133
2026-02-02 12:29:32,134 - Knowledge - INFO - [kw11] Queue=133, InProgress=0, PendingWorkers=20/20, Completed=247/474 (52.1%)
2026-02-02 12:29:32,134 - Knowledge - INFO - Batch sizing: calculated=5, max_allowed=10, queue=133, active_workers=20/20
2026-02-02 12:29:32,144 - Knowledge - INFO - Async storing batch of 5 embeddings
2026-02-02 12:29:32,166 - Knowledge - INFO - Worker kw11 processing /home/kathan/Kathan/Kavia AI/graphnode-backend-api/data/rdk7542/9084/b7977ho/wesnoth-9084/src/multiplayer_create.cpp
2026-02-02 12:29:32,260 - Knowledge - INFO - [kw10] Queue=128, InProgress=0, PendingWorkers=20/20, Completed=248/474 (52.3%)
2026-02-02 12:29:32,260 - Knowledge - INFO - Batch sizing: calculated=5, max_allowed=10, queue=128, active_workers=20/20
2026-02-02 12:29:32,260 - Knowledge - INFO - Async storing batch of 6 embeddings
2026-02-02 12:29:32,261 - Knowledge - INFO - Worker kw10 processing /home/kathan/Kathan/Kavia AI/graphnode-backend-api/data/rdk7542/9084/b7977ho/wesnoth-9084/src/cavegen.cpp
2026-02-02 12:29:32,726 - Knowledge - INFO - Worker kw11 processing /home/kathan/Kathan/Kavia AI/graphnode-backend-api/data/rdk7542/9084/b7977ho/wesnoth-9084/src/tstring.hpp
2026-02-02 12:29:32,812 - Knowledge - INFO - Worker kw10 processing /home/kathan/Kathan/Kavia AI/graphnode-backend-api/data/rdk7542/9084/b7977ho/wesnoth-9084/src/util.hpp
2026-02-02 12:29:32,861 - Knowledge - INFO - Fast-tracked /home/kathan/Kathan/Kavia AI/graphnode-backend-api/data/rdk7542/9084/b7977ho/wesnoth-9084/src/tstring.hpp (small file (2776 bytes))
2026-02-02 12:29:32,905 - Knowledge - INFO - Fast-tracked /home/kathan/Kathan/Kavia AI/graphnode-backend-api/data/rdk7542/9084/b7977ho/wesnoth-9084/src/util.hpp (small file (2904 bytes))
2026-02-02 12:29:32,910 - Knowledge - INFO - Worker kw11 processing /home/kathan/Kathan/Kavia AI/graphnode-backend-api/data/rdk7542/9084/b7977ho/wesnoth-9084/src/race.cpp
2026-02-02 12:29:33,271 - Knowledge - INFO - Worker kw10 processing /home/kathan/Kathan/Kavia AI/graphnode-backend-api/data/rdk7542/9084/b7977ho/wesnoth-9084/src/multiplayer_connect.cpp
2026-02-02 12:29:33,371 - Knowledge - INFO - Processing batch of 5 files
2026-02-02 12:29:33,493 - Knowledge - INFO - Fast-tracked /home/kathan/Kathan/Kavia AI/graphnode-backend-api/data/rdk7542/9084/b7977ho/wesnoth-9084/src/race.cpp (small file (0 bytes))
2026-02-02 12:29:33,612 - Knowledge - INFO - process ingested knowledge for /home/kathan/Kathan/Kavia AI/graphnode-backend-api/data/rdk7542/9084/b7977ho/wesnoth-9084/src/editor/editor_layout.cpp
2026-02-02 12:29:33,683 - Knowledge - INFO - Worker kw11 processing /home/kathan/Kathan/Kavia AI/graphnode-backend-api/data/rdk7542/9084/b7977ho/wesnoth-9084/src/actions.hpp
2026-02-02 12:29:33,855 - Knowledge - INFO - process ingested knowledge for /home/kathan/Kathan/Kavia AI/graphnode-backend-api/data/rdk7542/9084/b7977ho/wesnoth-9084/src/editor/map_manip.cpp
2026-02-02 12:29:33,903 - Knowledge - INFO - Worker kw10 processing /home/kathan/Kathan/Kavia AI/graphnode-backend-api/data/rdk7542/9084/b7977ho/wesnoth-9084/src/filesystem.cpp
2026-02-02 12:29:34,170 - Knowledge - INFO - Worker kw11 processing /home/kathan/Kathan/Kavia AI/graphnode-backend-api/data/rdk7542/9084/b7977ho/wesnoth-9084/src/cavegen.hpp
2026-02-02 12:29:34,197 - Knowledge - INFO - process ingested knowledge for /home/kathan/Kathan/Kavia AI/graphnode-backend-api/data/rdk7542/9084/b7977ho/wesnoth-9084/src/editor/scenario_editor.cpp
2026-02-02 12:29:34,352 - Knowledge - INFO - process ingested knowledge for /home/kathan/Kathan/Kavia AI/graphnode-backend-api/data/rdk7542/9084/b7977ho/wesnoth-9084/src/editor/editor_dialogs.cpp
2026-02-02 12:29:34,352 - Knowledge - INFO - process ingested knowledge for /home/kathan/Kathan/Kavia AI/graphnode-backend-api/data/rdk7542/9084/b7977ho/wesnoth-9084/src/dialogs.cpp
2026-02-02 12:29:34,375 - Knowledge - INFO - Fast-tracked /home/kathan/Kathan/Kavia AI/graphnode-backend-api/data/rdk7542/9084/b7977ho/wesnoth-9084/src/cavegen.hpp (small file (2194 bytes))
2026-02-02 12:29:34,376 - Knowledge - INFO - Async storage completed for 5 embeddings
2026-02-02 12:29:34,380 - Knowledge - INFO - Worker kw10 processing /home/kathan/Kathan/Kavia AI/graphnode-backend-api/data/rdk7542/9084/b7977ho/wesnoth-9084/src/boilerplate-header.cpp
2026-02-02 12:29:34,457 - Knowledge - INFO - Fast-tracked /home/kathan/Kathan/Kavia AI/graphnode-backend-api/data/rdk7542/9084/b7977ho/wesnoth-9084/src/boilerplate-header.cpp (ext=.cpp, size=418)
2026-02-02 12:29:34,640 - Knowledge - INFO - Async storage completed for 6 embeddings
2026-02-02 12:29:38,249 - Knowledge - INFO - [LLM_CALL] Completed: playturn.cpp:chunk1, Duration: 76895ms, PromptTokens: 18106, CompletionTokens: 2020, Cost: $0.00262
2026-02-02 12:29:39,682 - Knowledge - INFO - [kw3] Queue=123, InProgress=0, PendingWorkers=20/20, Completed=250/474 (52.7%)
2026-02-02 12:29:39,682 - Knowledge - INFO - Batch sizing: calculated=5, max_allowed=10, queue=123, active_workers=20/20
2026-02-02 12:29:39,683 - Knowledge - INFO - Async storing batch of 5 embeddings
2026-02-02 12:29:39,683 - Knowledge - INFO - Worker kw3 processing /home/kathan/Kathan/Kavia AI/graphnode-backend-api/data/rdk7542/9084/b7977ho/wesnoth-9084/src/titlescreen.cpp
2026-02-02 12:29:40,065 - Knowledge - INFO - Worker kw3 processing /home/kathan/Kathan/Kavia AI/graphnode-backend-api/data/rdk7542/9084/b7977ho/wesnoth-9084/src/theme.hpp
2026-02-02 12:29:40,479 - Knowledge - INFO - [LLM_CALL] Completed: cursor.cpp:chunk1, Duration: 39850ms, PromptTokens: 3814, CompletionTokens: 592, Cost: $0.00062
2026-02-02 12:29:40,584 - Knowledge - INFO - done ingest for /home/kathan/Kathan/Kavia AI/graphnode-backend-api/data/rdk7542/9084/b7977ho/wesnoth-9084/src/cursor.cpp
2026-02-02 12:29:41,360 - Knowledge - INFO - Worker kw3 processing /home/kathan/Kathan/Kavia AI/graphnode-backend-api/data/rdk7542/9084/b7977ho/wesnoth-9084/src/leader_list.hpp
2026-02-02 12:29:41,449 - Knowledge - INFO - [LLM_CALL] Completed: sdl_utils.cpp:chunk1, Duration: 44791ms, PromptTokens: 14950, CompletionTokens: 1542, Cost: $0.00211
2026-02-02 12:29:41,484 - Knowledge - INFO - Fast-tracked /home/kathan/Kathan/Kavia AI/graphnode-backend-api/data/rdk7542/9084/b7977ho/wesnoth-9084/src/leader_list.hpp (ext=.hpp, size=1051)
2026-02-02 12:29:41,620 - Knowledge - INFO - done ingest for /home/kathan/Kathan/Kavia AI/graphnode-backend-api/data/rdk7542/9084/b7977ho/wesnoth-9084/src/sdl_utils.cpp
2026-02-02 12:29:41,700 - Knowledge - INFO - Worker kw3 processing /home/kathan/Kathan/Kavia AI/graphnode-backend-api/data/rdk7542/9084/b7977ho/wesnoth-9084/src/playcampaign.hpp
2026-02-02 12:29:41,862 - Knowledge - INFO - Fast-tracked /home/kathan/Kathan/Kavia AI/graphnode-backend-api/data/rdk7542/9084/b7977ho/wesnoth-9084/src/playcampaign.hpp (ext=.hpp, size=905)
2026-02-02 12:29:41,862 - Knowledge - INFO - Worker kw3 processing /home/kathan/Kathan/Kavia AI/graphnode-backend-api/data/rdk7542/9084/b7977ho/wesnoth-9084/src/mapgen_dialog.cpp
2026-02-02 12:29:41,908 - Knowledge - INFO - [LLM_CALL] Completed: actions.cpp:chunk2, Duration: 29239ms, PromptTokens: 21400, CompletionTokens: 1039, Cost: $0.00256
2026-02-02 12:29:42,960 - Knowledge - INFO - Async storage completed for 5 embeddings
2026-02-02 12:29:44,184 - Knowledge - INFO - [LLM_CALL] Completed: multiplayer_lobby.cpp:chunk1, Duration: 90017ms, PromptTokens: 9246, CompletionTokens: 873, Cost: $0.00127
2026-02-02 12:29:44,184 - Knowledge - INFO - done ingest for /home/kathan/Kathan/Kavia AI/graphnode-backend-api/data/rdk7542/9084/b7977ho/wesnoth-9084/src/multiplayer_lobby.cpp
2026-02-02 12:29:44,400 - Knowledge - INFO - [LLM_CALL] Completed: about.cpp:chunk1, Duration: 48427ms, PromptTokens: 9424, CompletionTokens: 403, Cost: $0.00110
2026-02-02 12:29:44,401 - Knowledge - INFO - done ingest for /home/kathan/Kathan/Kavia AI/graphnode-backend-api/data/rdk7542/9084/b7977ho/wesnoth-9084/src/about.cpp
2026-02-02 12:29:44,833 - Knowledge - INFO - Processing batch of 5 files
2026-02-02 12:29:44,834 - Knowledge - INFO - process ingested knowledge for /home/kathan/Kathan/Kavia AI/graphnode-backend-api/data/rdk7542/9084/b7977ho/wesnoth-9084/src/unit_display.hpp
2026-02-02 12:29:44,834 - Knowledge - INFO - process ingested knowledge for /home/kathan/Kathan/Kavia AI/graphnode-backend-api/data/rdk7542/9084/b7977ho/wesnoth-9084/src/sdl_utils.cpp
2026-02-02 12:29:44,835 - Knowledge - INFO - process ingested knowledge for /home/kathan/Kathan/Kavia AI/graphnode-backend-api/data/rdk7542/9084/b7977ho/wesnoth-9084/src/halo.hpp
2026-02-02 12:29:44,836 - Knowledge - INFO - process ingested knowledge for /home/kathan/Kathan/Kavia AI/graphnode-backend-api/data/rdk7542/9084/b7977ho/wesnoth-9084/src/wesconfig.h
2026-02-02 12:29:44,836 - Knowledge - INFO - process ingested knowledge for /home/kathan/Kathan/Kavia AI/graphnode-backend-api/data/rdk7542/9084/b7977ho/wesnoth-9084/src/global.hpp
2026-02-02 12:29:44,954 - Knowledge - INFO - [LLM_CALL] Completed: tooltips.cpp:chunk1, Duration: 44068ms, PromptTokens: 2970, CompletionTokens: 425, Cost: $0.00047
2026-02-02 12:29:45,021 - Knowledge - INFO - done ingest for /home/kathan/Kathan/Kavia AI/graphnode-backend-api/data/rdk7542/9084/b7977ho/wesnoth-9084/src/tooltips.cpp
2026-02-02 12:29:50,780 - Knowledge - INFO - [LLM_CALL] Completed: astarnode.cpp:chunk1, Duration: 53173ms, PromptTokens: 3198, CompletionTokens: 635, Cost: $0.00057
2026-02-02 12:29:50,780 - Knowledge - INFO - done ingest for /home/kathan/Kathan/Kavia AI/graphnode-backend-api/data/rdk7542/9084/b7977ho/wesnoth-9084/src/astarnode.cpp
2026-02-02 12:29:51,659 - Knowledge - INFO - [LLM_CALL] Completed: hotkeys.cpp:chunk1, Duration: 93401ms, PromptTokens: 11416, CompletionTokens: 1170, Cost: $0.00161
2026-02-02 12:29:51,730 - Knowledge - INFO - done ingest for /home/kathan/Kathan/Kavia AI/graphnode-backend-api/data/rdk7542/9084/b7977ho/wesnoth-9084/src/hotkeys.cpp
2026-02-02 12:29:52,143 - Knowledge - INFO - [kw17] Queue=118, InProgress=0, PendingWorkers=20/20, Completed=255/474 (53.8%)
2026-02-02 12:29:52,214 - Knowledge - INFO - Batch sizing: calculated=5, max_allowed=10, queue=118, active_workers=20/20
2026-02-02 12:29:52,253 - Knowledge - INFO - Async storing batch of 5 embeddings
2026-02-02 12:29:52,254 - Knowledge - INFO - Worker kw17 processing /home/kathan/Kathan/Kavia AI/graphnode-backend-api/data/rdk7542/9084/b7977ho/wesnoth-9084/src/config.cpp
2026-02-02 12:29:52,613 - Knowledge - INFO - [LLM_CALL] Completed: gamestatus.hpp:chunk1, Duration: 49893ms, PromptTokens: 3464, CompletionTokens: 642, Cost: $0.00060
2026-02-02 12:29:52,621 - Knowledge - INFO - Worker kw17 processing /home/kathan/Kathan/Kavia AI/graphnode-backend-api/data/rdk7542/9084/b7977ho/wesnoth-9084/src/tstring.cpp
2026-02-02 12:29:52,627 - Knowledge - INFO - done ingest for /home/kathan/Kathan/Kavia AI/graphnode-backend-api/data/rdk7542/9084/b7977ho/wesnoth-9084/src/gamestatus.hpp
2026-02-02 12:29:52,668 - Knowledge - INFO - [LLM_CALL] Completed: preferences.cpp:chunk1, Duration: 77435ms, PromptTokens: 20714, CompletionTokens: 1332, Cost: $0.00260
2026-02-02 12:29:52,750 - Knowledge - INFO - done ingest for /home/kathan/Kathan/Kavia AI/graphnode-backend-api/data/rdk7542/9084/b7977ho/wesnoth-9084/src/preferences.cpp
2026-02-02 12:29:52,977 - Knowledge - INFO - Worker kw17 processing /home/kathan/Kathan/Kavia AI/graphnode-backend-api/data/rdk7542/9084/b7977ho/wesnoth-9084/src/game_events.hpp
2026-02-02 12:29:53,200 - Knowledge - INFO - Fast-tracked /home/kathan/Kathan/Kavia AI/graphnode-backend-api/data/rdk7542/9084/b7977ho/wesnoth-9084/src/game_events.hpp (small file (2671 bytes))
2026-02-02 12:29:53,236 - Knowledge - INFO - Worker kw17 processing /home/kathan/Kathan/Kavia AI/graphnode-backend-api/data/rdk7542/9084/b7977ho/wesnoth-9084/src/variable.hpp
2026-02-02 12:29:53,552 - Knowledge - INFO - Fast-tracked /home/kathan/Kathan/Kavia AI/graphnode-backend-api/data/rdk7542/9084/b7977ho/wesnoth-9084/src/variable.hpp (ext=.hpp, size=1746)
2026-02-02 12:29:53,552 - Knowledge - INFO - Worker kw17 processing /home/kathan/Kathan/Kavia AI/graphnode-backend-api/data/rdk7542/9084/b7977ho/wesnoth-9084/src/campaign_server/campaign_server.cpp
2026-02-02 12:29:53,771 - Knowledge - INFO - Async storage completed for 5 embeddings
2026-02-02 12:29:58,021 - Knowledge - WARNING - Timeout processing /home/kathan/Kathan/Kavia AI/graphnode-backend-api/data/rdk7542/9084/b7977ho/wesnoth-9084/MacOSX/Wesnoth Scenario Editor/WNCampaign.m after 90s - using fallback metadata
2026-02-02 12:29:59,238 - Knowledge - INFO - Processing batch of 6 files
2026-02-02 12:29:59,238 - Knowledge - INFO - process ingested knowledge for /home/kathan/Kathan/Kavia AI/graphnode-backend-api/data/rdk7542/9084/b7977ho/wesnoth-9084/MacOSX/Wesnoth Scenario Editor/WMLEvent.m
2026-02-02 12:29:59,238 - Knowledge - INFO - process ingested knowledge for /home/kathan/Kathan/Kavia AI/graphnode-backend-api/data/rdk7542/9084/b7977ho/wesnoth-9084/MacOSX/Wesnoth Scenario Editor/WNEventDataSource.h
2026-02-02 12:29:59,239 - Knowledge - INFO - process ingested knowledge for /home/kathan/Kathan/Kavia AI/graphnode-backend-api/data/rdk7542/9084/b7977ho/wesnoth-9084/MacOSX/Wesnoth Scenario Editor/WNCampaign.m
2026-02-02 12:29:59,239 - Knowledge - INFO - process ingested knowledge for /home/kathan/Kathan/Kavia AI/graphnode-backend-api/data/rdk7542/9084/b7977ho/wesnoth-9084/MacOSX/Wesnoth Scenario Editor/WNLeaderListView.m
2026-02-02 12:29:59,240 - Knowledge - INFO - process ingested knowledge for /home/kathan/Kathan/Kavia AI/graphnode-backend-api/data/rdk7542/9084/b7977ho/wesnoth-9084/MacOSX/Wesnoth Scenario Editor/WNScenarioList.h
2026-02-02 12:29:59,240 - Knowledge - INFO - process ingested knowledge for /home/kathan/Kathan/Kavia AI/graphnode-backend-api/data/rdk7542/9084/b7977ho/wesnoth-9084/MacOSX/Wesnoth Scenario Editor/WNRecruitListView.m
2026-02-02 12:30:00,613 - Knowledge - INFO - [LLM_CALL] Completed: editor_undo.hpp:chunk1, Duration: 88271ms, PromptTokens: 2588, CompletionTokens: 929, Cost: $0.00063
2026-02-02 12:30:00,781 - Knowledge - INFO - done ingest for /home/kathan/Kathan/Kavia AI/graphnode-backend-api/data/rdk7542/9084/b7977ho/wesnoth-9084/src/editor/editor_undo.hpp
2026-02-02 12:30:00,794 - Knowledge - INFO - [LLM_CALL] Completed: game_events.cpp:chunk1, Duration: 85803ms, PromptTokens: 28342, CompletionTokens: 1400, Cost: $0.00339
2026-02-02 12:30:00,945 - Knowledge - INFO - done ingest for /home/kathan/Kathan/Kavia AI/graphnode-backend-api/data/rdk7542/9084/b7977ho/wesnoth-9084/src/game_events.cpp
2026-02-02 12:30:01,489 - Knowledge - INFO - [LLM_CALL] Completed: events.cpp:chunk1, Duration: 65944ms, PromptTokens: 5842, CompletionTokens: 903, Cost: $0.00095
2026-02-02 12:30:01,525 - Knowledge - INFO - done ingest for /home/kathan/Kathan/Kavia AI/graphnode-backend-api/data/rdk7542/9084/b7977ho/wesnoth-9084/src/events.cpp
2026-02-02 12:30:02,912 - Knowledge - INFO - [LLM_CALL] Completed: unit_types.hpp:chunk1, Duration: 105068ms, PromptTokens: 5260, CompletionTokens: 2971, Cost: $0.00171
2026-02-02 12:30:02,913 - Knowledge - INFO - done ingest for /home/kathan/Kathan/Kavia AI/graphnode-backend-api/data/rdk7542/9084/b7977ho/wesnoth-9084/src/unit_types.hpp
2026-02-02 12:30:03,369 - Knowledge - INFO - [LLM_CALL] Completed: game_config.cpp:chunk1, Duration: 60210ms, PromptTokens: 3344, CompletionTokens: 706, Cost: $0.00062
2026-02-02 12:30:03,369 - Knowledge - INFO - done ingest for /home/kathan/Kathan/Kavia AI/graphnode-backend-api/data/rdk7542/9084/b7977ho/wesnoth-9084/src/game_config.cpp
2026-02-02 12:30:03,966 - Knowledge - INFO - [LLM_CALL] Completed: gamestatus.cpp:chunk1, Duration: 110965ms, PromptTokens: 11308, CompletionTokens: 1254, Cost: $0.00163
2026-02-02 12:30:04,009 - Knowledge - INFO - done ingest for /home/kathan/Kathan/Kavia AI/graphnode-backend-api/data/rdk7542/9084/b7977ho/wesnoth-9084/src/gamestatus.cpp
2026-02-02 12:30:04,069 - Knowledge - INFO - [LLM_CALL] Completed: network_worker.cpp:chunk1, Duration: 62754ms, PromptTokens: 7570, CompletionTokens: 711, Cost: $0.00104
2026-02-02 12:30:04,109 - Knowledge - INFO - done ingest for /home/kathan/Kathan/Kavia AI/graphnode-backend-api/data/rdk7542/9084/b7977ho/wesnoth-9084/src/network_worker.cpp
2026-02-02 12:30:05,937 - Knowledge - INFO - [LLM_CALL] Completed: network.hpp:chunk1, Duration: 91154ms, PromptTokens: 3424, CompletionTokens: 982, Cost: $0.00074
2026-02-02 12:30:05,963 - Knowledge - INFO - done ingest for /home/kathan/Kathan/Kavia AI/graphnode-backend-api/data/rdk7542/9084/b7977ho/wesnoth-9084/src/network.hpp
2026-02-02 12:30:08,347 - Knowledge - INFO - Processing batch of 5 files
2026-02-02 12:30:08,394 - Knowledge - INFO - process ingested knowledge for /home/kathan/Kathan/Kavia AI/graphnode-backend-api/data/rdk7542/9084/b7977ho/wesnoth-9084/src/statistics.hpp
2026-02-02 12:30:08,542 - Knowledge - INFO - process ingested knowledge for /home/kathan/Kathan/Kavia AI/graphnode-backend-api/data/rdk7542/9084/b7977ho/wesnoth-9084/src/game_errors.hpp
2026-02-02 12:30:08,790 - Knowledge - INFO - Processing batch of 6 files
2026-02-02 12:30:08,790 - Knowledge - INFO - process ingested knowledge for /home/kathan/Kathan/Kavia AI/graphnode-backend-api/data/rdk7542/9084/b7977ho/wesnoth-9084/src/unit_types.hpp
2026-02-02 12:30:08,791 - Knowledge - INFO - process ingested knowledge for /home/kathan/Kathan/Kavia AI/graphnode-backend-api/data/rdk7542/9084/b7977ho/wesnoth-9084/src/cursor.cpp
2026-02-02 12:30:08,905 - Knowledge - INFO - process ingested knowledge for /home/kathan/Kathan/Kavia AI/graphnode-backend-api/data/rdk7542/9084/b7977ho/wesnoth-9084/src/map_label.hpp
2026-02-02 12:30:08,923 - Knowledge - INFO - process ingested knowledge for /home/kathan/Kathan/Kavia AI/graphnode-backend-api/data/rdk7542/9084/b7977ho/wesnoth-9084/src/network_worker.cpp
2026-02-02 12:30:08,995 - Knowledge - INFO - process ingested knowledge for /home/kathan/Kathan/Kavia AI/graphnode-backend-api/data/rdk7542/9084/b7977ho/wesnoth-9084/src/hotkeys.cpp
2026-02-02 12:30:09,136 - Knowledge - INFO - process ingested knowledge for /home/kathan/Kathan/Kavia AI/graphnode-backend-api/data/rdk7542/9084/b7977ho/wesnoth-9084/src/gamestatus.hpp
2026-02-02 12:30:09,246 - Knowledge - INFO - [LLM_CALL] Completed: SDL_ttf.h:chunk1, Duration: 99678ms, PromptTokens: 5888, CompletionTokens: 1554, Cost: $0.00121
2026-02-02 12:30:09,246 - Knowledge - INFO - done ingest for /home/kathan/Kathan/Kavia AI/graphnode-backend-api/data/rdk7542/9084/b7977ho/wesnoth-9084/src/sdl_ttf/SDL_ttf.h
2026-02-02 12:30:09,293 - Knowledge - INFO - process ingested knowledge for /home/kathan/Kathan/Kavia AI/graphnode-backend-api/data/rdk7542/9084/b7977ho/wesnoth-9084/src/map_label.cpp
2026-02-02 12:30:09,327 - Knowledge - INFO - [WEBSOCKET] Sent: Type=progress_update, Size: 293, Duration: 0ms
2026-02-02 12:30:09,388 - Knowledge - INFO - [WEBSOCKET] Sent: Type=unknown, Size: ?, Duration: 61ms
2026-02-02 12:30:09,393 - Knowledge - INFO - Progress: 58.4% | Files: 277/474 | Rate: 1.32 files/sec | Queue: 113
2026-02-02 12:30:09,472 - Knowledge - INFO - Processing batch of 5 files
2026-02-02 12:30:09,472 - Knowledge - INFO - process ingested knowledge for /home/kathan/Kathan/Kavia AI/graphnode-backend-api/data/rdk7542/9084/b7977ho/wesnoth-9084/src/network.hpp
2026-02-02 12:30:09,858 - Knowledge - INFO - [LLM_CALL] Completed: actions.cpp:chunk3, Duration: 27735ms, PromptTokens: 3746, CompletionTokens: 709, Cost: $0.00066
2026-02-02 12:30:09,990 - Knowledge - INFO - done ingest for /home/kathan/Kathan/Kavia AI/graphnode-backend-api/data/rdk7542/9084/b7977ho/wesnoth-9084/src/actions.cpp
2026-02-02 12:30:10,192 - Knowledge - INFO - process ingested knowledge for /home/kathan/Kathan/Kavia AI/graphnode-backend-api/data/rdk7542/9084/b7977ho/wesnoth-9084/src/checksum.hpp
2026-02-02 12:30:10,193 - Knowledge - INFO - process ingested knowledge for /home/kathan/Kathan/Kavia AI/graphnode-backend-api/data/rdk7542/9084/b7977ho/wesnoth-9084/src/intro.cpp
2026-02-02 12:30:10,267 - Knowledge - INFO - [kw6] Queue=113, InProgress=0, PendingWorkers=20/20, Completed=277/474 (58.4%)
2026-02-02 12:30:10,295 - Knowledge - INFO - Batch sizing: calculated=5, max_allowed=10, queue=113, active_workers=20/20
2026-02-02 12:30:10,441 - Knowledge - INFO - process ingested knowledge for /home/kathan/Kathan/Kavia AI/graphnode-backend-api/data/rdk7542/9084/b7977ho/wesnoth-9084/src/game_events.cpp
2026-02-02 12:30:10,621 - Knowledge - INFO - Async storing batch of 6 embeddings
2026-02-02 12:30:10,622 - Knowledge - INFO - Worker kw6 processing /home/kathan/Kathan/Kavia AI/graphnode-backend-api/data/rdk7542/9084/b7977ho/wesnoth-9084/src/show_dialog.hpp
2026-02-02 12:30:10,739 - Knowledge - INFO - [LLM_CALL] Completed: ai_move.cpp:chunk1, Duration: 74312ms, PromptTokens: 14882, CompletionTokens: 742, Cost: $0.00178
2026-02-02 12:30:10,739 - Knowledge - INFO - done ingest for /home/kathan/Kathan/Kavia AI/graphnode-backend-api/data/rdk7542/9084/b7977ho/wesnoth-9084/src/ai_move.cpp
2026-02-02 12:30:11,018 - Knowledge - INFO - Worker kw6 processing /home/kathan/Kathan/Kavia AI/graphnode-backend-api/data/rdk7542/9084/b7977ho/wesnoth-9084/src/ai.cpp
2026-02-02 12:30:11,125 - Knowledge - INFO - Split /home/kathan/Kathan/Kavia AI/graphnode-backend-api/data/rdk7542/9084/b7977ho/wesnoth-9084/src/ai.cpp (66244 bytes) into 3 chunks of ~32KB
2026-02-02 12:30:11,191 - Knowledge - INFO - Worker kw6 processing /home/kathan/Kathan/Kavia AI/graphnode-backend-api/data/rdk7542/9084/b7977ho/wesnoth-9084/src/key.hpp
2026-02-02 12:30:11,297 - Knowledge - INFO - Fast-tracked /home/kathan/Kathan/Kavia AI/graphnode-backend-api/data/rdk7542/9084/b7977ho/wesnoth-9084/src/key.hpp (ext=.hpp, size=892)
2026-02-02 12:30:11,446 - Knowledge - INFO - Worker kw6 processing /home/kathan/Kathan/Kavia AI/graphnode-backend-api/data/rdk7542/9084/b7977ho/wesnoth-9084/src/about.hpp
2026-02-02 12:30:11,453 - Knowledge - INFO - process ingested knowledge for /home/kathan/Kathan/Kavia AI/graphnode-backend-api/data/rdk7542/9084/b7977ho/wesnoth-9084/src/preferences.cpp
2026-02-02 12:30:11,618 - Knowledge - INFO - Fast-tracked /home/kathan/Kathan/Kavia AI/graphnode-backend-api/data/rdk7542/9084/b7977ho/wesnoth-9084/src/about.hpp (ext=.hpp, size=619)
2026-02-02 12:30:11,636 - Knowledge - INFO - Worker kw6 processing /home/kathan/Kathan/Kavia AI/graphnode-backend-api/data/rdk7542/9084/b7977ho/wesnoth-9084/src/show_dialog.cpp
2026-02-02 12:30:12,369 - Knowledge - INFO - Async storage completed for 6 embeddings
2026-02-02 12:30:14,038 - Knowledge - INFO - process ingested knowledge for /home/kathan/Kathan/Kavia AI/graphnode-backend-api/data/rdk7542/9084/b7977ho/wesnoth-9084/src/wassert.cpp
2026-02-02 12:30:15,034 - Knowledge - INFO - [LLM_CALL] Completed: multiplayer_lobby.hpp:chunk1, Duration: 79181ms, PromptTokens: 2366, CompletionTokens: 1064, Cost: $0.00066
2026-02-02 12:30:15,034 - Knowledge - INFO - done ingest for /home/kathan/Kathan/Kavia AI/graphnode-backend-api/data/rdk7542/9084/b7977ho/wesnoth-9084/src/multiplayer_lobby.hpp
2026-02-02 12:30:15,915 - Knowledge - INFO - process ingested knowledge for /home/kathan/Kathan/Kavia AI/graphnode-backend-api/data/rdk7542/9084/b7977ho/wesnoth-9084/src/pathutils.cpp
2026-02-02 12:30:17,892 - Knowledge - WARNING - Timeout processing /home/kathan/Kathan/Kavia AI/graphnode-backend-api/data/rdk7542/9084/b7977ho/wesnoth-9084/src/builder.cpp after 90s - using fallback metadata
2026-02-02 12:30:18,326 - Knowledge - INFO - [LLM_CALL] Completed: font.hpp:chunk1, Duration: 124375ms, PromptTokens: 4280, CompletionTokens: 1446, Cost: $0.00101
2026-02-02 12:30:18,331 - Knowledge - INFO - done ingest for /home/kathan/Kathan/Kavia AI/graphnode-backend-api/data/rdk7542/9084/b7977ho/wesnoth-9084/src/font.hpp
2026-02-02 12:30:19,127 - Knowledge - WARNING - Timeout processing /home/kathan/Kathan/Kavia AI/graphnode-backend-api/data/rdk7542/9084/b7977ho/wesnoth-9084/src/team.cpp after 90s - using fallback metadata
2026-02-02 12:30:19,817 - Knowledge - INFO - [LLM_CALL] Completed: statistics.cpp:chunk1, Duration: 79162ms, PromptTokens: 6748, CompletionTokens: 1319, Cost: $0.00120
2026-02-02 12:30:19,846 - Knowledge - INFO - done ingest for /home/kathan/Kathan/Kavia AI/graphnode-backend-api/data/rdk7542/9084/b7977ho/wesnoth-9084/src/statistics.cpp
2026-02-02 12:30:21,317 - Knowledge - INFO - Processing batch of 5 files
2026-02-02 12:30:21,317 - Knowledge - INFO - process ingested knowledge for /home/kathan/Kathan/Kavia AI/graphnode-backend-api/data/rdk7542/9084/b7977ho/wesnoth-9084/src/actions.cpp
2026-02-02 12:30:21,758 - Knowledge - WARNING - Timeout processing /home/kathan/Kathan/Kavia AI/graphnode-backend-api/data/rdk7542/9084/b7977ho/wesnoth-9084/src/playturn.cpp after 90s - using fallback metadata
2026-02-02 12:30:23,089 - Knowledge - INFO - process ingested knowledge for /home/kathan/Kathan/Kavia AI/graphnode-backend-api/data/rdk7542/9084/b7977ho/wesnoth-9084/src/unit_types.cpp
2026-02-02 12:30:23,167 - Knowledge - INFO - [WEBSOCKET] Sent: Type=progress_update, Size: 291, Duration: 0ms
2026-02-02 12:30:23,188 - Knowledge - INFO - [WEBSOCKET] Sent: Type=unknown, Size: ?, Duration: 20ms
2026-02-02 12:30:23,188 - Knowledge - INFO - Progress: 61.0% | Files: 290/474 | Rate: 1.31 files/sec | Queue: 108
2026-02-02 12:30:23,240 - Knowledge - INFO - [LLM_CALL] Completed: theme.hpp:chunk1, Duration: 43112ms, PromptTokens: 2630, CompletionTokens: 818, Cost: $0.00059
2026-02-02 12:30:23,314 - Knowledge - INFO - done ingest for /home/kathan/Kathan/Kavia AI/graphnode-backend-api/data/rdk7542/9084/b7977ho/wesnoth-9084/src/theme.hpp
2026-02-02 12:30:24,496 - Knowledge - INFO - [LLM_CALL] Completed: actions.hpp:chunk1, Duration: 50328ms, PromptTokens: 5278, CompletionTokens: 1037, Cost: $0.00094
2026-02-02 12:30:24,582 - Knowledge - INFO - done ingest for /home/kathan/Kathan/Kavia AI/graphnode-backend-api/data/rdk7542/9084/b7977ho/wesnoth-9084/src/actions.hpp
2026-02-02 12:30:24,618 - Knowledge - INFO - process ingested knowledge for /home/kathan/Kathan/Kavia AI/graphnode-backend-api/data/rdk7542/9084/b7977ho/wesnoth-9084/src/intro.hpp
2026-02-02 12:30:24,726 - Knowledge - INFO - [LLM_CALL] Completed: cavegen.cpp:chunk1, Duration: 52223ms, PromptTokens: 6602, CompletionTokens: 710, Cost: $0.00094
2026-02-02 12:30:24,732 - Knowledge - INFO - [kw8] Queue=108, InProgress=0, PendingWorkers=20/20, Completed=294/474 (62.0%)
2026-02-02 12:30:24,881 - Knowledge - INFO - done ingest for /home/kathan/Kathan/Kavia AI/graphnode-backend-api/data/rdk7542/9084/b7977ho/wesnoth-9084/src/cavegen.cpp
2026-02-02 12:30:24,908 - Knowledge - INFO - [kw14] Queue=108, InProgress=0, PendingWorkers=20/20, Completed=297/474 (62.7%)
2026-02-02 12:30:24,969 - Knowledge - INFO - Batch sizing: calculated=5, max_allowed=10, queue=108, active_workers=20/20
2026-02-02 12:30:25,055 - Knowledge - INFO - Batch sizing: calculated=5, max_allowed=10, queue=108, active_workers=20/20
2026-02-02 12:30:25,155 - Knowledge - WARNING - Timeout processing /home/kathan/Kathan/Kavia AI/graphnode-backend-api/data/rdk7542/9084/b7977ho/wesnoth-9084/src/display.hpp after 90s - using fallback metadata
2026-02-02 12:30:25,451 - Knowledge - INFO - Processing batch of 5 files
2026-02-02 12:30:25,462 - Knowledge - INFO - process ingested knowledge for /home/kathan/Kathan/Kavia AI/graphnode-backend-api/data/rdk7542/9084/b7977ho/wesnoth-9084/src/events.cpp
2026-02-02 12:30:25,756 - Knowledge - INFO - process ingested knowledge for /home/kathan/Kathan/Kavia AI/graphnode-backend-api/data/rdk7542/9084/b7977ho/wesnoth-9084/src/zipios++/xcoll.cpp
2026-02-02 12:30:25,851 - Knowledge - INFO - Async storing batch of 5 embeddings
2026-02-02 12:30:25,851 - Knowledge - INFO - Worker kw8 processing /home/kathan/Kathan/Kavia AI/graphnode-backend-api/data/rdk7542/9084/b7977ho/wesnoth-9084/src/hotkeys.hpp
2026-02-02 12:30:25,955 - Knowledge - INFO - Async storing batch of 6 embeddings
2026-02-02 12:30:26,028 - Knowledge - INFO - process ingested knowledge for /home/kathan/Kathan/Kavia AI/graphnode-backend-api/data/rdk7542/9084/b7977ho/wesnoth-9084/src/network_worker.hpp
2026-02-02 12:30:26,038 - Knowledge - INFO - Worker kw8 processing /home/kathan/Kathan/Kavia AI/graphnode-backend-api/data/rdk7542/9084/b7977ho/wesnoth-9084/src/builder.hpp
2026-02-02 12:30:26,050 - Knowledge - INFO - process ingested knowledge for /home/kathan/Kathan/Kavia AI/graphnode-backend-api/data/rdk7542/9084/b7977ho/wesnoth-9084/src/zipios++/xcoll.hpp
2026-02-02 12:30:26,148 - Knowledge - INFO - [WEBSOCKET] Sent: Type=progress_update, Size: 293, Duration: 0ms
2026-02-02 12:30:26,154 - Knowledge - INFO - Worker kw14 processing /home/kathan/Kathan/Kavia AI/graphnode-backend-api/data/rdk7542/9084/b7977ho/wesnoth-9084/src/serialization/parser.cpp
2026-02-02 12:30:26,203 - Knowledge - INFO - process ingested knowledge for /home/kathan/Kathan/Kavia AI/graphnode-backend-api/data/rdk7542/9084/b7977ho/wesnoth-9084/src/multiplayer_lobby.hpp
2026-02-02 12:30:26,884 - Knowledge - INFO - [LLM_CALL] Completed: multiplayer_create.cpp:chunk1, Duration: 54474ms, PromptTokens: 9764, CompletionTokens: 830, Cost: $0.00131
2026-02-02 12:30:26,947 - Knowledge - INFO - done ingest for /home/kathan/Kathan/Kavia AI/graphnode-backend-api/data/rdk7542/9084/b7977ho/wesnoth-9084/src/multiplayer_create.cpp
2026-02-02 12:30:26,952 - Knowledge - INFO - [WEBSOCKET] Sent: Type=unknown, Size: ?, Duration: 804ms
2026-02-02 12:30:26,953 - Knowledge - INFO - Progress: 63.7% | Files: 304/474 | Rate: 1.34 files/sec | Queue: 98
2026-02-02 12:30:27,171 - Knowledge - INFO - Processing batch of 5 files
2026-02-02 12:30:27,171 - Knowledge - INFO - process ingested knowledge for /home/kathan/Kathan/Kavia AI/graphnode-backend-api/data/rdk7542/9084/b7977ho/wesnoth-9084/src/statistics.cpp
2026-02-02 12:30:27,197 - Knowledge - INFO - Worker kw8 processing /home/kathan/Kathan/Kavia AI/graphnode-backend-api/data/rdk7542/9084/b7977ho/wesnoth-9084/src/publish_campaign.hpp
2026-02-02 12:30:27,221 - Knowledge - INFO - Worker kw14 processing /home/kathan/Kathan/Kavia AI/graphnode-backend-api/data/rdk7542/9084/b7977ho/wesnoth-9084/src/serialization/string_utils.cpp
2026-02-02 12:30:27,286 - Knowledge - INFO - Fast-tracked /home/kathan/Kathan/Kavia AI/graphnode-backend-api/data/rdk7542/9084/b7977ho/wesnoth-9084/src/publish_campaign.hpp (ext=.hpp, size=985)
2026-02-02 12:30:27,494 - Knowledge - INFO - Worker kw8 processing /home/kathan/Kathan/Kavia AI/graphnode-backend-api/data/rdk7542/9084/b7977ho/wesnoth-9084/src/titlescreen.hpp
2026-02-02 12:30:27,541 - Knowledge - INFO - Worker kw14 processing /home/kathan/Kathan/Kavia AI/graphnode-backend-api/data/rdk7542/9084/b7977ho/wesnoth-9084/src/serialization/binary_wml.cpp
2026-02-02 12:30:27,578 - Knowledge - INFO - Fast-tracked /home/kathan/Kathan/Kavia AI/graphnode-backend-api/data/rdk7542/9084/b7977ho/wesnoth-9084/src/titlescreen.hpp (ext=.hpp, size=774)
2026-02-02 12:30:27,766 - Knowledge - INFO - process ingested knowledge for /home/kathan/Kathan/Kavia AI/graphnode-backend-api/data/rdk7542/9084/b7977ho/wesnoth-9084/src/mouse.cpp
2026-02-02 12:30:27,932 - Knowledge - INFO - process ingested knowledge for /home/kathan/Kathan/Kavia AI/graphnode-backend-api/data/rdk7542/9084/b7977ho/wesnoth-9084/src/tooltips.cpp
2026-02-02 12:30:27,985 - Knowledge - INFO - Processing batch of 6 files
2026-02-02 12:30:28,230 - Knowledge - INFO - Worker kw8 processing /home/kathan/Kathan/Kavia AI/graphnode-backend-api/data/rdk7542/9084/b7977ho/wesnoth-9084/src/serialization/tokenizer.hpp
2026-02-02 12:30:28,355 - Knowledge - INFO - Worker kw14 processing /home/kathan/Kathan/Kavia AI/graphnode-backend-api/data/rdk7542/9084/b7977ho/wesnoth-9084/src/serialization/tokenizer.cpp
2026-02-02 12:30:29,213 - Knowledge - INFO - [kw5] Queue=98, InProgress=0, PendingWorkers=20/20, Completed=308/474 (65.0%)
2026-02-02 12:30:29,382 - Knowledge - INFO - [LLM_CALL] Completed: tstring.cpp:chunk1, Duration: 36555ms, PromptTokens: 6672, CompletionTokens: 663, Cost: $0.00093
2026-02-02 12:30:29,393 - Knowledge - INFO - process ingested knowledge for /home/kathan/Kathan/Kavia AI/graphnode-backend-api/data/rdk7542/9084/b7977ho/wesnoth-9084/src/ai_move.cpp
2026-02-02 12:30:29,535 - Knowledge - INFO - process ingested knowledge for /home/kathan/Kathan/Kavia AI/graphnode-backend-api/data/rdk7542/9084/b7977ho/wesnoth-9084/src/reports.cpp
2026-02-02 12:30:29,552 - Knowledge - INFO - Fast-tracked /home/kathan/Kathan/Kavia AI/graphnode-backend-api/data/rdk7542/9084/b7977ho/wesnoth-9084/src/serialization/tokenizer.hpp (ext=.hpp, size=1276)
2026-02-02 12:30:29,653 - Knowledge - INFO - Batch sizing: calculated=4, max_allowed=10, queue=98, active_workers=20/20
2026-02-02 12:30:29,725 - Knowledge - INFO - done ingest for /home/kathan/Kathan/Kavia AI/graphnode-backend-api/data/rdk7542/9084/b7977ho/wesnoth-9084/src/tstring.cpp
2026-02-02 12:30:29,887 - Knowledge - INFO - Async storage completed for 5 embeddings
2026-02-02 12:30:30,054 - Knowledge - INFO - Worker kw14 processing /home/kathan/Kathan/Kavia AI/graphnode-backend-api/data/rdk7542/9084/b7977ho/wesnoth-9084/src/serialization/preprocessor.cpp
2026-02-02 12:30:30,415 - Knowledge - INFO - Async storage completed for 6 embeddings
2026-02-02 12:30:30,518 - Knowledge - INFO - process ingested knowledge for /home/kathan/Kathan/Kavia AI/graphnode-backend-api/data/rdk7542/9084/b7977ho/wesnoth-9084/src/race.hpp
2026-02-02 12:30:31,294 - Knowledge - INFO - process ingested knowledge for /home/kathan/Kathan/Kavia AI/graphnode-backend-api/data/rdk7542/9084/b7977ho/wesnoth-9084/src/multiplayer_connect.hpp
2026-02-02 12:30:31,314 - Knowledge - INFO - [LLM_CALL] Completed: editor.hpp:chunk1, Duration: 118381ms, PromptTokens: 6556, CompletionTokens: 1892, Cost: $0.00141
2026-02-02 12:30:31,396 - Knowledge - INFO - done ingest for /home/kathan/Kathan/Kavia AI/graphnode-backend-api/data/rdk7542/9084/b7977ho/wesnoth-9084/src/editor/editor.hpp
2026-02-02 12:30:31,443 - Knowledge - INFO - process ingested knowledge for /home/kathan/Kathan/Kavia AI/graphnode-backend-api/data/rdk7542/9084/b7977ho/wesnoth-9084/src/clipboard.hpp
2026-02-02 12:30:31,653 - Knowledge - INFO - process ingested knowledge for /home/kathan/Kathan/Kavia AI/graphnode-backend-api/data/rdk7542/9084/b7977ho/wesnoth-9084/src/wassert.hpp
2026-02-02 12:30:31,847 - Knowledge - INFO - Async storing batch of 5 embeddings
2026-02-02 12:30:31,853 - Knowledge - INFO - Worker kw5 processing /home/kathan/Kathan/Kavia AI/graphnode-backend-api/data/rdk7542/9084/b7977ho/wesnoth-9084/src/serialization/binary_or_text.hpp
2026-02-02 12:30:31,864 - Knowledge - INFO - process ingested knowledge for /home/kathan/Kathan/Kavia AI/graphnode-backend-api/data/rdk7542/9084/b7977ho/wesnoth-9084/src/game_config.cpp
2026-02-02 12:30:31,878 - Knowledge - INFO - Fast-tracked /home/kathan/Kathan/Kavia AI/graphnode-backend-api/data/rdk7542/9084/b7977ho/wesnoth-9084/src/serialization/binary_or_text.hpp (ext=.hpp, size=1168)
2026-02-02 12:30:31,924 - Knowledge - INFO - Processing batch of 6 files
2026-02-02 12:30:31,947 - Knowledge - INFO - Processing batch of 6 files
2026-02-02 12:30:32,048 - Knowledge - INFO - [LLM_CALL] Completed: map.cpp:chunk1, Duration: 96456ms, PromptTokens: 8672, CompletionTokens: 1452, Cost: $0.00145
2026-02-02 12:30:32,049 - Knowledge - INFO - Worker kw5 processing /home/kathan/Kathan/Kavia AI/graphnode-backend-api/data/rdk7542/9084/b7977ho/wesnoth-9084/src/serialization/binary_or_text.cpp
2026-02-02 12:30:32,201 - Knowledge - INFO - process ingested knowledge for /home/kathan/Kathan/Kavia AI/graphnode-backend-api/data/rdk7542/9084/b7977ho/wesnoth-9084/src/gamestatus.cpp
2026-02-02 12:30:32,216 - Knowledge - INFO - process ingested knowledge for /home/kathan/Kathan/Kavia AI/graphnode-backend-api/data/rdk7542/9084/b7977ho/wesnoth-9084/src/playturn.cpp
2026-02-02 12:30:32,227 - Knowledge - INFO - done ingest for /home/kathan/Kathan/Kavia AI/graphnode-backend-api/data/rdk7542/9084/b7977ho/wesnoth-9084/src/map.cpp
2026-02-02 12:30:32,371 - Knowledge - INFO - [LLM_CALL] Completed: reports.hpp:chunk1, Duration: 81816ms, PromptTokens: 2462, CompletionTokens: 294, Cost: $0.00036
2026-02-02 12:30:32,381 - Knowledge - INFO - Fast-tracked /home/kathan/Kathan/Kavia AI/graphnode-backend-api/data/rdk7542/9084/b7977ho/wesnoth-9084/src/serialization/binary_or_text.cpp (ext=.cpp, size=1048)
2026-02-02 12:30:32,438 - Knowledge - INFO - done ingest for /home/kathan/Kathan/Kavia AI/graphnode-backend-api/data/rdk7542/9084/b7977ho/wesnoth-9084/src/reports.hpp
2026-02-02 12:30:32,475 - Knowledge - INFO - Worker kw5 processing /home/kathan/Kathan/Kavia AI/graphnode-backend-api/data/rdk7542/9084/b7977ho/wesnoth-9084/src/serialization/binary_wml.hpp
2026-02-02 12:30:32,516 - Knowledge - INFO - process ingested knowledge for /home/kathan/Kathan/Kavia AI/graphnode-backend-api/data/rdk7542/9084/b7977ho/wesnoth-9084/src/builder.cpp
2026-02-02 12:30:32,939 - Knowledge - INFO - Fast-tracked /home/kathan/Kathan/Kavia AI/graphnode-backend-api/data/rdk7542/9084/b7977ho/wesnoth-9084/src/serialization/binary_wml.hpp (ext=.hpp, size=1615)
2026-02-02 12:30:32,959 - Knowledge - INFO - Worker kw5 processing /home/kathan/Kathan/Kavia AI/graphnode-backend-api/data/rdk7542/9084/b7977ho/wesnoth-9084/src/serialization/parser.hpp
2026-02-02 12:30:33,015 - Knowledge - INFO - Fast-tracked /home/kathan/Kathan/Kavia AI/graphnode-backend-api/data/rdk7542/9084/b7977ho/wesnoth-9084/src/serialization/parser.hpp (ext=.hpp, size=826)
2026-02-02 12:30:33,276 - Knowledge - INFO - Async storage completed for 5 embeddings
2026-02-02 12:30:33,605 - Knowledge - INFO - process ingested knowledge for /home/kathan/Kathan/Kavia AI/graphnode-backend-api/data/rdk7542/9084/b7977ho/wesnoth-9084/src/video.cpp
2026-02-02 12:30:33,659 - Knowledge - INFO - Processing batch of 5 files
2026-02-02 12:30:33,659 - Knowledge - INFO - process ingested knowledge for /home/kathan/Kathan/Kavia AI/graphnode-backend-api/data/rdk7542/9084/b7977ho/wesnoth-9084/src/ai_interface.hpp
2026-02-02 12:30:33,910 - Knowledge - WARNING - Timeout processing /home/kathan/Kathan/Kavia AI/graphnode-backend-api/data/rdk7542/9084/b7977ho/wesnoth-9084/src/editor/editor.cpp after 90s - using fallback metadata
2026-02-02 12:30:34,620 - Knowledge - INFO - process ingested knowledge for /home/kathan/Kathan/Kavia AI/graphnode-backend-api/data/rdk7542/9084/b7977ho/wesnoth-9084/src/scoped_resource.hpp
2026-02-02 12:30:35,386 - Knowledge - INFO - process ingested knowledge for /home/kathan/Kathan/Kavia AI/graphnode-backend-api/data/rdk7542/9084/b7977ho/wesnoth-9084/src/gettext.cpp
2026-02-02 12:30:36,324 - Knowledge - INFO - process ingested knowledge for /home/kathan/Kathan/Kavia AI/graphnode-backend-api/data/rdk7542/9084/b7977ho/wesnoth-9084/src/team.cpp
2026-02-02 12:30:36,441 - Knowledge - INFO - [LLM_CALL] Completed: publish_campaign.cpp:chunk1, Duration: 126788ms, PromptTokens: 3656, CompletionTokens: 724, Cost: $0.00066
2026-02-02 12:30:36,491 - Knowledge - INFO - process ingested knowledge for /home/kathan/Kathan/Kavia AI/graphnode-backend-api/data/rdk7542/9084/b7977ho/wesnoth-9084/src/multiplayer_create.hpp
2026-02-02 12:30:36,498 - Knowledge - INFO - done ingest for /home/kathan/Kathan/Kavia AI/graphnode-backend-api/data/rdk7542/9084/b7977ho/wesnoth-9084/src/publish_campaign.cpp
2026-02-02 12:30:36,714 - Knowledge - INFO - [LLM_CALL] Completed: random.cpp:chunk1, Duration: 82323ms, PromptTokens: 2382, CompletionTokens: 684, Cost: $0.00051
2026-02-02 12:30:36,719 - Knowledge - INFO - done ingest for /home/kathan/Kathan/Kavia AI/graphnode-backend-api/data/rdk7542/9084/b7977ho/wesnoth-9084/src/random.cpp
2026-02-02 12:30:37,453 - Knowledge - INFO - [WEBSOCKET] Sent: Type=progress_update, Size: 292, Duration: 0ms
2026-02-02 12:30:37,525 - Knowledge - INFO - [WEBSOCKET] Sent: Type=unknown, Size: ?, Duration: 72ms
2026-02-02 12:30:37,577 - Knowledge - INFO - Progress: 67.7% | Files: 324/474 | Rate: 1.37 files/sec | Queue: 94
2026-02-02 12:30:37,800 - Knowledge - INFO - [LLM_CALL] Completed: campaign_server.cpp:chunk1, Duration: 44139ms, PromptTokens: 4146, CompletionTokens: 609, Cost: $0.00066
2026-02-02 12:30:37,800 - Knowledge - INFO - done ingest for /home/kathan/Kathan/Kavia AI/graphnode-backend-api/data/rdk7542/9084/b7977ho/wesnoth-9084/src/campaign_server/campaign_server.cpp
2026-02-02 12:30:37,836 - Knowledge - INFO - process ingested knowledge for /home/kathan/Kathan/Kavia AI/graphnode-backend-api/data/rdk7542/9084/b7977ho/wesnoth-9084/src/font.hpp
2026-02-02 12:30:37,863 - Knowledge - INFO - [LLM_CALL] Completed: dialogs.hpp:chunk1, Duration: 100316ms, PromptTokens: 2608, CompletionTokens: 772, Cost: $0.00057
2026-02-02 12:30:37,864 - Knowledge - INFO - done ingest for /home/kathan/Kathan/Kavia AI/graphnode-backend-api/data/rdk7542/9084/b7977ho/wesnoth-9084/src/dialogs.hpp
2026-02-02 12:30:37,882 - Knowledge - INFO - process ingested knowledge for /home/kathan/Kathan/Kavia AI/graphnode-backend-api/data/rdk7542/9084/b7977ho/wesnoth-9084/src/multiplayer.cpp
2026-02-02 12:30:38,035 - Knowledge - INFO - process ingested knowledge for /home/kathan/Kathan/Kavia AI/graphnode-backend-api/data/rdk7542/9084/b7977ho/wesnoth-9084/src/display.hpp
2026-02-02 12:30:38,036 - Knowledge - INFO - process ingested knowledge for /home/kathan/Kathan/Kavia AI/graphnode-backend-api/data/rdk7542/9084/b7977ho/wesnoth-9084/src/ai.hpp
2026-02-02 12:30:38,679 - Knowledge - INFO - Processing batch of 5 files
2026-02-02 12:30:38,681 - Knowledge - INFO - process ingested knowledge for /home/kathan/Kathan/Kavia AI/graphnode-backend-api/data/rdk7542/9084/b7977ho/wesnoth-9084/src/multiplayer_create.cpp
2026-02-02 12:30:38,943 - Knowledge - INFO - process ingested knowledge for /home/kathan/Kathan/Kavia AI/graphnode-backend-api/data/rdk7542/9084/b7977ho/wesnoth-9084/src/leader_list.cpp
2026-02-02 12:30:38,994 - Knowledge - INFO - process ingested knowledge for /home/kathan/Kathan/Kavia AI/graphnode-backend-api/data/rdk7542/9084/b7977ho/wesnoth-9084/src/events.hpp
2026-02-02 12:30:39,018 - Knowledge - INFO - [kw7] Queue=94, InProgress=0, PendingWorkers=20/20, Completed=324/474 (68.4%)
2026-02-02 12:30:39,082 - Knowledge - INFO - Batch sizing: calculated=4, max_allowed=10, queue=94, active_workers=20/20
2026-02-02 12:30:39,834 - Knowledge - INFO - process ingested knowledge for /home/kathan/Kathan/Kavia AI/graphnode-backend-api/data/rdk7542/9084/b7977ho/wesnoth-9084/src/tstring.hpp
2026-02-02 12:30:40,114 - Knowledge - INFO - process ingested knowledge for /home/kathan/Kathan/Kavia AI/graphnode-backend-api/data/rdk7542/9084/b7977ho/wesnoth-9084/src/multiplayer_lobby.cpp
2026-02-02 12:30:40,197 - Knowledge - INFO - process ingested knowledge for /home/kathan/Kathan/Kavia AI/graphnode-backend-api/data/rdk7542/9084/b7977ho/wesnoth-9084/src/thread.cpp
2026-02-02 12:30:40,247 - Knowledge - INFO - process ingested knowledge for /home/kathan/Kathan/Kavia AI/graphnode-backend-api/data/rdk7542/9084/b7977ho/wesnoth-9084/src/mouse.hpp
2026-02-02 12:30:40,271 - Knowledge - INFO - Async storing batch of 5 embeddings
2026-02-02 12:30:40,354 - Knowledge - INFO - process ingested knowledge for /home/kathan/Kathan/Kavia AI/graphnode-backend-api/data/rdk7542/9084/b7977ho/wesnoth-9084/src/race.cpp
2026-02-02 12:30:40,512 - Knowledge - INFO - Worker kw7 processing /home/kathan/Kathan/Kavia AI/graphnode-backend-api/data/rdk7542/9084/b7977ho/wesnoth-9084/src/serialization/preprocessor.hpp
2026-02-02 12:30:40,548 - Knowledge - INFO - Processing batch of 4 files
2026-02-02 12:30:40,685 - Knowledge - INFO - Fast-tracked /home/kathan/Kathan/Kavia AI/graphnode-backend-api/data/rdk7542/9084/b7977ho/wesnoth-9084/src/serialization/preprocessor.hpp (ext=.hpp, size=1584)
2026-02-02 12:30:40,875 - Knowledge - INFO - Worker kw7 processing /home/kathan/Kathan/Kavia AI/graphnode-backend-api/data/rdk7542/9084/b7977ho/wesnoth-9084/src/serialization/string_utils.hpp
2026-02-02 12:30:40,925 - Knowledge - INFO - process ingested knowledge for /home/kathan/Kathan/Kavia AI/graphnode-backend-api/data/rdk7542/9084/b7977ho/wesnoth-9084/src/serialization/binary_or_text.hpp
2026-02-02 12:30:41,159 - Knowledge - INFO - Worker kw7 processing /home/kathan/Kathan/Kavia AI/graphnode-backend-api/data/rdk7542/9084/b7977ho/wesnoth-9084/src/help.hpp
2026-02-02 12:30:41,196 - Knowledge - INFO - Fast-tracked /home/kathan/Kathan/Kavia AI/graphnode-backend-api/data/rdk7542/9084/b7977ho/wesnoth-9084/src/help.hpp (ext=.hpp, size=1738)
2026-02-02 12:30:41,202 - Knowledge - INFO - Worker kw7 processing /home/kathan/Kathan/Kavia AI/graphnode-backend-api/data/rdk7542/9084/b7977ho/wesnoth-9084/src/key.cpp
2026-02-02 12:30:41,254 - Knowledge - INFO - process ingested knowledge for /home/kathan/Kathan/Kavia AI/graphnode-backend-api/data/rdk7542/9084/b7977ho/wesnoth-9084/src/animated.hpp
2026-02-02 12:30:41,258 - Knowledge - INFO - Fast-tracked /home/kathan/Kathan/Kavia AI/graphnode-backend-api/data/rdk7542/9084/b7977ho/wesnoth-9084/src/key.cpp (ext=.cpp, size=734)
2026-02-02 12:30:41,290 - Knowledge - INFO - Async storage completed for 5 embeddings
2026-02-02 12:30:42,502 - Knowledge - INFO - process ingested knowledge for /home/kathan/Kathan/Kavia AI/graphnode-backend-api/data/rdk7542/9084/b7977ho/wesnoth-9084/src/serialization/binary_or_text.cpp
2026-02-02 12:30:42,692 - Knowledge - INFO - process ingested knowledge for /home/kathan/Kathan/Kavia AI/graphnode-backend-api/data/rdk7542/9084/b7977ho/wesnoth-9084/src/unit.cpp
2026-02-02 12:30:43,072 - Knowledge - INFO - process ingested knowledge for /home/kathan/Kathan/Kavia AI/graphnode-backend-api/data/rdk7542/9084/b7977ho/wesnoth-9084/src/serialization/binary_wml.hpp
2026-02-02 12:30:43,126 - Knowledge - INFO - [kw2] Queue=90, InProgress=0, PendingWorkers=20/20, Completed=327/474 (69.0%)
2026-02-02 12:30:43,246 - Knowledge - INFO - Batch sizing: calculated=4, max_allowed=10, queue=90, active_workers=20/20
2026-02-02 12:30:43,284 - Knowledge - INFO - [LLM_CALL] Completed: mapgen_dialog.cpp:chunk1, Duration: 61213ms, PromptTokens: 7476, CompletionTokens: 659, Cost: $0.00101
2026-02-02 12:30:43,285 - Knowledge - INFO - done ingest for /home/kathan/Kathan/Kavia AI/graphnode-backend-api/data/rdk7542/9084/b7977ho/wesnoth-9084/src/mapgen_dialog.cpp
2026-02-02 12:30:45,396 - Knowledge - INFO - process ingested knowledge for /home/kathan/Kathan/Kavia AI/graphnode-backend-api/data/rdk7542/9084/b7977ho/wesnoth-9084/src/serialization/parser.hpp
2026-02-02 12:30:45,746 - Knowledge - INFO - [LLM_CALL] Completed: editor_palettes.cpp:chunk1, Duration: 136004ms, PromptTokens: 7938, CompletionTokens: 1381, Cost: $0.00135
2026-02-02 12:30:45,753 - Knowledge - INFO - done ingest for /home/kathan/Kathan/Kavia AI/graphnode-backend-api/data/rdk7542/9084/b7977ho/wesnoth-9084/src/editor/editor_palettes.cpp
2026-02-02 12:30:46,727 - Knowledge - INFO - [kw15] Queue=86, InProgress=0, PendingWorkers=20/20, Completed=328/474 (69.2%)
2026-02-02 12:30:46,727 - Knowledge - INFO - Batch sizing: calculated=4, max_allowed=10, queue=86, active_workers=20/20
2026-02-02 12:30:47,073 - Knowledge - INFO - Async storing batch of 5 embeddings
2026-02-02 12:30:47,088 - Knowledge - INFO - Worker kw2 processing /home/kathan/Kathan/Kavia AI/graphnode-backend-api/data/rdk7542/9084/b7977ho/wesnoth-9084/src/map_create.hpp
2026-02-02 12:30:47,109 - Knowledge - INFO - Fast-tracked /home/kathan/Kathan/Kavia AI/graphnode-backend-api/data/rdk7542/9084/b7977ho/wesnoth-9084/src/map_create.hpp (ext=.hpp, size=784)
2026-02-02 12:30:47,141 - Knowledge - INFO - Worker kw2 processing /home/kathan/Kathan/Kavia AI/graphnode-backend-api/data/rdk7542/9084/b7977ho/wesnoth-9084/src/replay.cpp
2026-02-02 12:30:47,723 - Knowledge - INFO - Worker kw2 processing /home/kathan/Kathan/Kavia AI/graphnode-backend-api/data/rdk7542/9084/b7977ho/wesnoth-9084/src/sound.hpp
2026-02-02 12:30:47,724 - Knowledge - INFO - Fast-tracked /home/kathan/Kathan/Kavia AI/graphnode-backend-api/data/rdk7542/9084/b7977ho/wesnoth-9084/src/sound.hpp (ext=.hpp, size=786)
2026-02-02 12:30:47,724 - Knowledge - INFO - Worker kw2 processing /home/kathan/Kathan/Kavia AI/graphnode-backend-api/data/rdk7542/9084/b7977ho/wesnoth-9084/src/video.hpp
2026-02-02 12:30:48,051 - Knowledge - INFO - [LLM_CALL] Completed: titlescreen.cpp:chunk1, Duration: 68034ms, PromptTokens: 5860, CompletionTokens: 961, Cost: $0.00097
2026-02-02 12:30:48,140 - Knowledge - INFO - done ingest for /home/kathan/Kathan/Kavia AI/graphnode-backend-api/data/rdk7542/9084/b7977ho/wesnoth-9084/src/titlescreen.cpp
2026-02-02 12:30:48,242 - Knowledge - INFO - [LLM_CALL] Completed: replay.hpp:chunk1, Duration: 110341ms, PromptTokens: 2980, CompletionTokens: 1230, Cost: $0.00079
2026-02-02 12:30:48,307 - Knowledge - INFO - done ingest for /home/kathan/Kathan/Kavia AI/graphnode-backend-api/data/rdk7542/9084/b7977ho/wesnoth-9084/src/replay.hpp
2026-02-02 12:30:48,346 - Knowledge - INFO - Async storage completed for 5 embeddings
2026-02-02 12:30:48,675 - Knowledge - INFO - Async storing batch of 5 embeddings
2026-02-02 12:30:48,705 - Knowledge - INFO - process ingested knowledge for /home/kathan/Kathan/Kavia AI/graphnode-backend-api/data/rdk7542/9084/b7977ho/wesnoth-9084/src/actions.hpp
2026-02-02 12:30:49,014 - Knowledge - INFO - Worker kw15 processing /home/kathan/Kathan/Kavia AI/graphnode-backend-api/data/rdk7542/9084/b7977ho/wesnoth-9084/src/array.hpp
2026-02-02 12:30:49,039 - Knowledge - INFO - Fast-tracked /home/kathan/Kathan/Kavia AI/graphnode-backend-api/data/rdk7542/9084/b7977ho/wesnoth-9084/src/array.hpp (ext=.hpp, size=1425)
2026-02-02 12:30:49,059 - Knowledge - INFO - Worker kw15 processing /home/kathan/Kathan/Kavia AI/graphnode-backend-api/data/rdk7542/9084/b7977ho/wesnoth-9084/src/widgets/scrollpane.cpp
2026-02-02 12:30:49,350 - Knowledge - INFO - Worker kw15 processing /home/kathan/Kathan/Kavia AI/graphnode-backend-api/data/rdk7542/9084/b7977ho/wesnoth-9084/src/widgets/widget.hpp
2026-02-02 12:30:49,352 - Knowledge - INFO - Processing batch of 5 files
2026-02-02 12:30:49,352 - Knowledge - INFO - process ingested knowledge for /home/kathan/Kathan/Kavia AI/graphnode-backend-api/data/rdk7542/9084/b7977ho/wesnoth-9084/src/editor/scenario_editor.hpp
2026-02-02 12:30:49,550 - Knowledge - INFO - Fast-tracked /home/kathan/Kathan/Kavia AI/graphnode-backend-api/data/rdk7542/9084/b7977ho/wesnoth-9084/src/widgets/widget.hpp (small file (2863 bytes))
2026-02-02 12:30:49,550 - Knowledge - INFO - Worker kw15 processing /home/kathan/Kathan/Kavia AI/graphnode-backend-api/data/rdk7542/9084/b7977ho/wesnoth-9084/src/widgets/scrollbar.cpp
2026-02-02 12:30:49,907 - Knowledge - INFO - Async storage completed for 5 embeddings
2026-02-02 12:30:50,229 - Knowledge - INFO - [LLM_CALL] Completed: config.cpp:chunk1, Duration: 57883ms, PromptTokens: 8634, CompletionTokens: 569, Cost: $0.00109
2026-02-02 12:30:50,231 - Knowledge - INFO - done ingest for /home/kathan/Kathan/Kavia AI/graphnode-backend-api/data/rdk7542/9084/b7977ho/wesnoth-9084/src/config.cpp
2026-02-02 12:30:50,707 - Knowledge - WARNING - Timeout processing /home/kathan/Kathan/Kavia AI/graphnode-backend-api/data/rdk7542/9084/b7977ho/wesnoth-9084/src/filesystem.hpp after 90s - using fallback metadata
2026-02-02 12:30:52,296 - Knowledge - INFO - process ingested knowledge for /home/kathan/Kathan/Kavia AI/graphnode-backend-api/data/rdk7542/9084/b7977ho/wesnoth-9084/src/cavegen.hpp
2026-02-02 12:30:52,779 - Knowledge - INFO - [LLM_CALL] Completed: SDL_ttf.c:chunk1, Duration: 143286ms, PromptTokens: 28028, CompletionTokens: 1667, Cost: $0.00347
2026-02-02 12:30:52,785 - Knowledge - INFO - done ingest for /home/kathan/Kathan/Kavia AI/graphnode-backend-api/data/rdk7542/9084/b7977ho/wesnoth-9084/src/sdl_ttf/SDL_ttf.c
2026-02-02 12:30:53,086 - Knowledge - INFO - [LLM_CALL] Completed: ai_attack.cpp:chunk1, Duration: 100273ms, PromptTokens: 14046, CompletionTokens: 677, Cost: $0.00168
2026-02-02 12:30:53,196 - Knowledge - INFO - done ingest for /home/kathan/Kathan/Kavia AI/graphnode-backend-api/data/rdk7542/9084/b7977ho/wesnoth-9084/src/ai_attack.cpp
2026-02-02 12:30:54,509 - Knowledge - INFO - process ingested knowledge for /home/kathan/Kathan/Kavia AI/graphnode-backend-api/data/rdk7542/9084/b7977ho/wesnoth-9084/src/editor/editor_undo.hpp
2026-02-02 12:30:56,022 - Knowledge - INFO - [LLM_CALL] Completed: config.hpp:chunk1, Duration: 103803ms, PromptTokens: 2952, CompletionTokens: 822, Cost: $0.00062
2026-02-02 12:30:56,039 - Knowledge - INFO - done ingest for /home/kathan/Kathan/Kavia AI/graphnode-backend-api/data/rdk7542/9084/b7977ho/wesnoth-9084/src/config.hpp
2026-02-02 12:30:56,162 - Knowledge - INFO - process ingested knowledge for /home/kathan/Kathan/Kavia AI/graphnode-backend-api/data/rdk7542/9084/b7977ho/wesnoth-9084/src/editor/editor.hpp
2026-02-02 12:30:56,583 - Knowledge - INFO - [LLM_CALL] Completed: language.cpp:chunk1, Duration: 118131ms, PromptTokens: 5248, CompletionTokens: 526, Cost: $0.00074
2026-02-02 12:30:56,621 - Knowledge - INFO - done ingest for /home/kathan/Kathan/Kavia AI/graphnode-backend-api/data/rdk7542/9084/b7977ho/wesnoth-9084/src/language.cpp
2026-02-02 12:30:56,888 - Knowledge - INFO - [LLM_CALL] Completed: show_dialog.hpp:chunk1, Duration: 46128ms, PromptTokens: 3074, CompletionTokens: 838, Cost: $0.00064
2026-02-02 12:30:56,889 - Knowledge - INFO - done ingest for /home/kathan/Kathan/Kavia AI/graphnode-backend-api/data/rdk7542/9084/b7977ho/wesnoth-9084/src/show_dialog.hpp
2026-02-02 12:30:58,844 - Knowledge - INFO - process ingested knowledge for /home/kathan/Kathan/Kavia AI/graphnode-backend-api/data/rdk7542/9084/b7977ho/wesnoth-9084/src/editor/editor.cpp
2026-02-02 12:30:59,692 - Knowledge - INFO - [WEBSOCKET] Sent: Type=progress_update, Size: 293, Duration: 0ms
2026-02-02 12:30:59,692 - Knowledge - INFO - [WEBSOCKET] Sent: Type=unknown, Size: ?, Duration: 1ms
2026-02-02 12:30:59,693 - Knowledge - INFO - Progress: 71.7% | Files: 340/474 | Rate: 1.32 files/sec | Queue: 82
2026-02-02 12:30:59,693 - Knowledge - INFO - [kw20] Queue=82, InProgress=0, PendingWorkers=20/20, Completed=340/474 (71.7%)
2026-02-02 12:30:59,740 - Knowledge - INFO - Batch sizing: calculated=4, max_allowed=10, queue=82, active_workers=20/20
2026-02-02 12:31:00,304 - Knowledge - INFO - [kw5] Queue=82, InProgress=0, PendingWorkers=20/20, Completed=341/474 (71.9%)
2026-02-02 12:31:00,304 - Knowledge - INFO - Batch sizing: calculated=4, max_allowed=10, queue=82, active_workers=20/20
2026-02-02 12:31:00,320 - Knowledge - INFO - process ingested knowledge for /home/kathan/Kathan/Kavia AI/graphnode-backend-api/data/rdk7542/9084/b7977ho/wesnoth-9084/src/editor/editor_layout.hpp
2026-02-02 12:31:00,358 - Knowledge - INFO - Async storing batch of 4 embeddings
2026-02-02 12:31:00,386 - Knowledge - INFO - Worker kw5 processing /home/kathan/Kathan/Kavia AI/graphnode-backend-api/data/rdk7542/9084/b7977ho/wesnoth-9084/src/widgets/label.cpp
2026-02-02 12:31:00,517 - Knowledge - INFO - Fast-tracked /home/kathan/Kathan/Kavia AI/graphnode-backend-api/data/rdk7542/9084/b7977ho/wesnoth-9084/src/widgets/label.cpp (ext=.cpp, size=1510)
2026-02-02 12:31:00,518 - Knowledge - INFO - Async storing batch of 6 embeddings
2026-02-02 12:31:00,583 - Knowledge - INFO - Worker kw5 processing /home/kathan/Kathan/Kavia AI/graphnode-backend-api/data/rdk7542/9084/b7977ho/wesnoth-9084/src/widgets/scrollpane.hpp
2026-02-02 12:31:00,583 - Knowledge - INFO - Fast-tracked /home/kathan/Kathan/Kavia AI/graphnode-backend-api/data/rdk7542/9084/b7977ho/wesnoth-9084/src/widgets/scrollpane.hpp (ext=.hpp, size=1946)
2026-02-02 12:31:00,627 - Knowledge - INFO - Worker kw5 processing /home/kathan/Kathan/Kavia AI/graphnode-backend-api/data/rdk7542/9084/b7977ho/wesnoth-9084/src/widgets/menu.cpp
2026-02-02 12:31:00,687 - Knowledge - INFO - Worker kw20 processing /home/kathan/Kathan/Kavia AI/graphnode-backend-api/data/rdk7542/9084/b7977ho/wesnoth-9084/src/widgets/file_chooser.hpp
2026-02-02 12:31:00,784 - Knowledge - INFO - Processing batch of 5 files
2026-02-02 12:31:00,817 - Knowledge - INFO - Worker kw5 processing /home/kathan/Kathan/Kavia AI/graphnode-backend-api/data/rdk7542/9084/b7977ho/wesnoth-9084/src/widgets/file_chooser.cpp
2026-02-02 12:31:00,858 - Knowledge - INFO - process ingested knowledge for /home/kathan/Kathan/Kavia AI/graphnode-backend-api/data/rdk7542/9084/b7977ho/wesnoth-9084/src/config.cpp
2026-02-02 12:31:00,904 - Knowledge - INFO - Worker kw20 processing /home/kathan/Kathan/Kavia AI/graphnode-backend-api/data/rdk7542/9084/b7977ho/wesnoth-9084/src/widgets/button.hpp
2026-02-02 12:31:01,046 - Knowledge - INFO - Async storage completed for 4 embeddings
2026-02-02 12:31:01,094 - Knowledge - INFO - Fast-tracked /home/kathan/Kathan/Kavia AI/graphnode-backend-api/data/rdk7542/9084/b7977ho/wesnoth-9084/src/widgets/button.hpp (ext=.hpp, size=1812)
2026-02-02 12:31:01,139 - Knowledge - INFO - Worker kw20 processing /home/kathan/Kathan/Kavia AI/graphnode-backend-api/data/rdk7542/9084/b7977ho/wesnoth-9084/src/widgets/progressbar.hpp
2026-02-02 12:31:01,173 - Knowledge - INFO - Fast-tracked /home/kathan/Kathan/Kavia AI/graphnode-backend-api/data/rdk7542/9084/b7977ho/wesnoth-9084/src/widgets/progressbar.hpp (ext=.hpp, size=770)
2026-02-02 12:31:01,481 - Knowledge - INFO - Worker kw20 processing /home/kathan/Kathan/Kavia AI/graphnode-backend-api/data/rdk7542/9084/b7977ho/wesnoth-9084/src/widgets/progressbar.cpp
2026-02-02 12:31:01,482 - Knowledge - INFO - Fast-tracked /home/kathan/Kathan/Kavia AI/graphnode-backend-api/data/rdk7542/9084/b7977ho/wesnoth-9084/src/widgets/progressbar.cpp (ext=.cpp, size=1723)
2026-02-02 12:31:01,528 - Knowledge - INFO - Async storage completed for 6 embeddings
2026-02-02 12:31:01,751 - Knowledge - INFO - [kw13] Queue=74, InProgress=0, PendingWorkers=20/20, Completed=346/474 (73.0%)
2026-02-02 12:31:01,847 - Knowledge - INFO - Batch sizing: calculated=4, max_allowed=10, queue=74, active_workers=20/20
2026-02-02 12:31:02,290 - Knowledge - INFO - [LLM_CALL] Completed: multiplayer_ui.hpp:chunk1, Duration: 111141ms, PromptTokens: 3198, CompletionTokens: 1088, Cost: $0.00075
2026-02-02 12:31:02,291 - Knowledge - INFO - done ingest for /home/kathan/Kathan/Kavia AI/graphnode-backend-api/data/rdk7542/9084/b7977ho/wesnoth-9084/src/multiplayer_ui.hpp
2026-02-02 12:31:03,273 - Knowledge - INFO - process ingested knowledge for /home/kathan/Kathan/Kavia AI/graphnode-backend-api/data/rdk7542/9084/b7977ho/wesnoth-9084/src/tstring.cpp
2026-02-02 12:31:03,534 - Knowledge - INFO - Processing batch of 5 files
2026-02-02 12:31:03,535 - Knowledge - INFO - process ingested knowledge for /home/kathan/Kathan/Kavia AI/graphnode-backend-api/data/rdk7542/9084/b7977ho/wesnoth-9084/src/titlescreen.cpp
2026-02-02 12:31:04,425 - Knowledge - INFO - [kw12] Queue=74, InProgress=0, PendingWorkers=20/20, Completed=349/474 (73.6%)
2026-02-02 12:31:04,426 - Knowledge - INFO - Batch sizing: calculated=4, max_allowed=10, queue=74, active_workers=20/20
2026-02-02 12:31:04,483 - Knowledge - INFO - process ingested knowledge for /home/kathan/Kathan/Kavia AI/graphnode-backend-api/data/rdk7542/9084/b7977ho/wesnoth-9084/src/game_events.hpp
2026-02-02 12:31:04,483 - Knowledge - INFO - Processing batch of 5 files
2026-02-02 12:31:04,518 - Knowledge - INFO - process ingested knowledge for /home/kathan/Kathan/Kavia AI/graphnode-backend-api/data/rdk7542/9084/b7977ho/wesnoth-9084/src/theme.hpp
2026-02-02 12:31:04,548 - Knowledge - INFO - process ingested knowledge for /home/kathan/Kathan/Kavia AI/graphnode-backend-api/data/rdk7542/9084/b7977ho/wesnoth-9084/src/map.cpp
2026-02-02 12:31:04,578 - Knowledge - INFO - Async storing batch of 6 embeddings
2026-02-02 12:31:04,590 - Knowledge - INFO - Processing batch of 6 files
2026-02-02 12:31:04,693 - Knowledge - INFO - Async storing batch of 6 embeddings
2026-02-02 12:31:04,725 - Knowledge - INFO - Worker kw12 processing /home/kathan/Kathan/Kavia AI/graphnode-backend-api/data/rdk7542/9084/b7977ho/wesnoth-9084/src/widgets/combo.cpp
2026-02-02 12:31:04,989 - Knowledge - INFO - Worker kw13 processing /home/kathan/Kathan/Kavia AI/graphnode-backend-api/data/rdk7542/9084/b7977ho/wesnoth-9084/src/widgets/combo.hpp
2026-02-02 12:31:05,004 - Knowledge - INFO - Fast-tracked /home/kathan/Kathan/Kavia AI/graphnode-backend-api/data/rdk7542/9084/b7977ho/wesnoth-9084/src/widgets/combo.cpp (ext=.cpp, size=1810)
2026-02-02 12:31:05,225 - Knowledge - INFO - process ingested knowledge for /home/kathan/Kathan/Kavia AI/graphnode-backend-api/data/rdk7542/9084/b7977ho/wesnoth-9084/src/sdl_ttf/SDL_ttf.c
2026-02-02 12:31:05,255 - Knowledge - INFO - Fast-tracked /home/kathan/Kathan/Kavia AI/graphnode-backend-api/data/rdk7542/9084/b7977ho/wesnoth-9084/src/widgets/combo.hpp (ext=.hpp, size=998)
2026-02-02 12:31:05,369 - Knowledge - INFO - Worker kw12 processing /home/kathan/Kathan/Kavia AI/graphnode-backend-api/data/rdk7542/9084/b7977ho/wesnoth-9084/src/widgets/scrollbar.hpp
2026-02-02 12:31:05,567 - Knowledge - INFO - process ingested knowledge for /home/kathan/Kathan/Kavia AI/graphnode-backend-api/data/rdk7542/9084/b7977ho/wesnoth-9084/src/variable.hpp
2026-02-02 12:31:05,589 - Knowledge - INFO - Worker kw13 processing /home/kathan/Kathan/Kavia AI/graphnode-backend-api/data/rdk7542/9084/b7977ho/wesnoth-9084/src/widgets/textbox.hpp
2026-02-02 12:31:05,739 - Knowledge - INFO - Fast-tracked /home/kathan/Kathan/Kavia AI/graphnode-backend-api/data/rdk7542/9084/b7977ho/wesnoth-9084/src/widgets/scrollbar.hpp (small file (2428 bytes))
2026-02-02 12:31:05,778 - Knowledge - INFO - Fast-tracked /home/kathan/Kathan/Kavia AI/graphnode-backend-api/data/rdk7542/9084/b7977ho/wesnoth-9084/src/widgets/textbox.hpp (small file (2397 bytes))
2026-02-02 12:31:05,865 - Knowledge - INFO - Worker kw12 processing /home/kathan/Kathan/Kavia AI/graphnode-backend-api/data/rdk7542/9084/b7977ho/wesnoth-9084/src/widgets/slider.cpp
2026-02-02 12:31:05,876 - Knowledge - INFO - Worker kw13 processing /home/kathan/Kathan/Kavia AI/graphnode-backend-api/data/rdk7542/9084/b7977ho/wesnoth-9084/src/widgets/menu.hpp
2026-02-02 12:31:06,004 - Knowledge - INFO - Worker kw13 processing /home/kathan/Kathan/Kavia AI/graphnode-backend-api/data/rdk7542/9084/b7977ho/wesnoth-9084/src/widgets/button.cpp
2026-02-02 12:31:06,042 - Knowledge - INFO - Worker kw12 processing /home/kathan/Kathan/Kavia AI/graphnode-backend-api/data/rdk7542/9084/b7977ho/wesnoth-9084/src/widgets/scrollarea.hpp
2026-02-02 12:31:06,042 - Knowledge - INFO - Fast-tracked /home/kathan/Kathan/Kavia AI/graphnode-backend-api/data/rdk7542/9084/b7977ho/wesnoth-9084/src/widgets/scrollarea.hpp (ext=.hpp, size=1651)
2026-02-02 12:31:06,042 - Knowledge - INFO - Async storage completed for 6 embeddings
2026-02-02 12:31:06,304 - Knowledge - INFO - process ingested knowledge for /home/kathan/Kathan/Kavia AI/graphnode-backend-api/data/rdk7542/9084/b7977ho/wesnoth-9084/src/leader_list.hpp
2026-02-02 12:31:06,312 - Knowledge - INFO - Async storage completed for 6 embeddings
2026-02-02 12:31:06,365 - Knowledge - INFO - process ingested knowledge for /home/kathan/Kathan/Kavia AI/graphnode-backend-api/data/rdk7542/9084/b7977ho/wesnoth-9084/src/sdl_ttf/SDL_ttf.h
2026-02-02 12:31:06,382 - Knowledge - INFO - [kw16] Queue=66, InProgress=0, PendingWorkers=20/20, Completed=352/474 (74.3%)
2026-02-02 12:31:06,521 - Knowledge - INFO - Batch sizing: calculated=4, max_allowed=10, queue=66, active_workers=20/20
2026-02-02 12:31:06,590 - Knowledge - INFO - [LLM_CALL] Completed: filesystem.cpp:chunk1, Duration: 92211ms, PromptTokens: 10840, CompletionTokens: 1561, Cost: $0.00171
2026-02-02 12:31:06,614 - Knowledge - INFO - done ingest for /home/kathan/Kathan/Kavia AI/graphnode-backend-api/data/rdk7542/9084/b7977ho/wesnoth-9084/src/filesystem.cpp
2026-02-02 12:31:06,872 - Knowledge - INFO - process ingested knowledge for /home/kathan/Kathan/Kavia AI/graphnode-backend-api/data/rdk7542/9084/b7977ho/wesnoth-9084/src/about.cpp
2026-02-02 12:31:06,947 - Knowledge - INFO - process ingested knowledge for /home/kathan/Kathan/Kavia AI/graphnode-backend-api/data/rdk7542/9084/b7977ho/wesnoth-9084/src/playcampaign.hpp
2026-02-02 12:31:06,995 - Knowledge - INFO - [WEBSOCKET] Sent: Type=progress_update, Size: 293, Duration: 0ms
2026-02-02 12:31:07,087 - Knowledge - INFO - process ingested knowledge for /home/kathan/Kathan/Kavia AI/graphnode-backend-api/data/rdk7542/9084/b7977ho/wesnoth-9084/src/campaign_server/campaign_server.cpp
2026-02-02 12:31:07,161 - Knowledge - INFO - process ingested knowledge for /home/kathan/Kathan/Kavia AI/graphnode-backend-api/data/rdk7542/9084/b7977ho/wesnoth-9084/src/publish_campaign.cpp
2026-02-02 12:31:07,325 - Knowledge - INFO - Async storing batch of 5 embeddings
2026-02-02 12:31:07,444 - Knowledge - INFO - [WEBSOCKET] Sent: Type=unknown, Size: ?, Duration: 450ms
2026-02-02 12:31:07,653 - Knowledge - INFO - Progress: 74.3% | Files: 353/474 | Rate: 1.32 files/sec | Queue: 62
2026-02-02 12:31:07,774 - Knowledge - INFO - Worker kw16 processing /home/kathan/Kathan/Kavia AI/graphnode-backend-api/data/rdk7542/9084/b7977ho/wesnoth-9084/src/widgets/textbox.cpp
2026-02-02 12:31:07,998 - Knowledge - INFO - process ingested knowledge for /home/kathan/Kathan/Kavia AI/graphnode-backend-api/data/rdk7542/9084/b7977ho/wesnoth-9084/src/filesystem.hpp
2026-02-02 12:31:07,999 - Knowledge - INFO - process ingested knowledge for /home/kathan/Kathan/Kavia AI/graphnode-backend-api/data/rdk7542/9084/b7977ho/wesnoth-9084/src/astarnode.cpp
2026-02-02 12:31:08,105 - Knowledge - INFO - process ingested knowledge for /home/kathan/Kathan/Kavia AI/graphnode-backend-api/data/rdk7542/9084/b7977ho/wesnoth-9084/src/ai2.hpp
2026-02-02 12:31:08,154 - Knowledge - INFO - process ingested knowledge for /home/kathan/Kathan/Kavia AI/graphnode-backend-api/data/rdk7542/9084/b7977ho/wesnoth-9084/src/mapgen_dialog.cpp
2026-02-02 12:31:08,155 - Knowledge - INFO - process ingested knowledge for /home/kathan/Kathan/Kavia AI/graphnode-backend-api/data/rdk7542/9084/b7977ho/wesnoth-9084/src/random.hpp
2026-02-02 12:31:08,287 - Knowledge - INFO - Worker kw16 processing /home/kathan/Kathan/Kavia AI/graphnode-backend-api/data/rdk7542/9084/b7977ho/wesnoth-9084/src/widgets/widget.cpp
2026-02-02 12:31:09,235 - Knowledge - INFO - Worker kw16 processing /home/kathan/Kathan/Kavia AI/graphnode-backend-api/data/rdk7542/9084/b7977ho/wesnoth-9084/src/widgets/slider.hpp
2026-02-02 12:31:09,241 - Knowledge - INFO - Fast-tracked /home/kathan/Kathan/Kavia AI/graphnode-backend-api/data/rdk7542/9084/b7977ho/wesnoth-9084/src/widgets/slider.hpp (ext=.hpp, size=1525)
2026-02-02 12:31:09,246 - Knowledge - INFO - Worker kw16 processing /home/kathan/Kathan/Kavia AI/graphnode-backend-api/data/rdk7542/9084/b7977ho/wesnoth-9084/src/widgets/scrollarea.cpp
2026-02-02 12:31:09,389 - Knowledge - INFO - process ingested knowledge for /home/kathan/Kathan/Kavia AI/graphnode-backend-api/data/rdk7542/9084/b7977ho/wesnoth-9084/src/pathutils.hpp
2026-02-02 12:31:09,456 - Knowledge - INFO - Fast-tracked /home/kathan/Kathan/Kavia AI/graphnode-backend-api/data/rdk7542/9084/b7977ho/wesnoth-9084/src/widgets/scrollarea.cpp (small file (3035 bytes))
2026-02-02 12:31:09,505 - Knowledge - INFO - Async storage completed for 5 embeddings
2026-02-02 12:31:09,774 - Knowledge - INFO - [kw11] Queue=62, InProgress=0, PendingWorkers=20/20, Completed=355/474 (74.9%)
2026-02-02 12:31:09,775 - Knowledge - INFO - Batch sizing: calculated=4, max_allowed=10, queue=62, active_workers=20/20
2026-02-02 12:31:09,784 - Knowledge - INFO - process ingested knowledge for /home/kathan/Kathan/Kavia AI/graphnode-backend-api/data/rdk7542/9084/b7977ho/wesnoth-9084/src/editor/editor_palettes.cpp
2026-02-02 12:31:10,086 - Knowledge - INFO - Processing batch of 5 files
2026-02-02 12:31:10,118 - Knowledge - INFO - process ingested knowledge for /home/kathan/Kathan/Kavia AI/graphnode-backend-api/data/rdk7542/9084/b7977ho/wesnoth-9084/src/reports.hpp
2026-02-02 12:31:12,223 - Knowledge - INFO - Async storing batch of 5 embeddings
2026-02-02 12:31:12,225 - Knowledge - INFO - Worker kw11 processing /home/kathan/Kathan/Kavia AI/graphnode-backend-api/data/rdk7542/9084/b7977ho/wesnoth-9084/src/widgets/label.hpp
2026-02-02 12:31:12,256 - Knowledge - INFO - Fast-tracked /home/kathan/Kathan/Kavia AI/graphnode-backend-api/data/rdk7542/9084/b7977ho/wesnoth-9084/src/widgets/label.hpp (ext=.hpp, size=1084)
2026-02-02 12:31:12,268 - Knowledge - INFO - Worker kw11 processing /home/kathan/Kathan/Kavia AI/graphnode-backend-api/data/rdk7542/9084/b7977ho/wesnoth-9084/src/font.cpp
2026-02-02 12:31:12,408 - Knowledge - INFO - process ingested knowledge for /home/kathan/Kathan/Kavia AI/graphnode-backend-api/data/rdk7542/9084/b7977ho/wesnoth-9084/src/multiplayer_ui.hpp
2026-02-02 12:31:12,639 - Knowledge - INFO - Worker kw11 processing /home/kathan/Kathan/Kavia AI/graphnode-backend-api/data/rdk7542/9084/b7977ho/wesnoth-9084/src/network.cpp
2026-02-02 12:31:13,241 - Knowledge - INFO - Worker kw11 processing /home/kathan/Kathan/Kavia AI/graphnode-backend-api/data/rdk7542/9084/b7977ho/wesnoth-9084/src/playcampaign.cpp
2026-02-02 12:31:13,519 - Knowledge - INFO - Async storage completed for 5 embeddings
2026-02-02 12:31:14,469 - Knowledge - INFO - [kw4] Queue=58, InProgress=0, PendingWorkers=20/20, Completed=355/474 (74.9%)
2026-02-02 12:31:14,538 - Knowledge - INFO - Batch sizing: calculated=4, max_allowed=10, queue=58, active_workers=20/20
2026-02-02 12:31:14,486 - Knowledge - INFO - [LLM_CALL] Completed: parser.cpp:chunk1, Duration: 47291ms, PromptTokens: 6668, CompletionTokens: 537, Cost: $0.00088
2026-02-02 12:31:14,632 - Knowledge - INFO - done ingest for /home/kathan/Kathan/Kavia AI/graphnode-backend-api/data/rdk7542/9084/b7977ho/wesnoth-9084/src/serialization/parser.cpp
2026-02-02 12:31:15,759 - Knowledge - INFO - [LLM_CALL] Completed: string_utils.hpp:chunk1, Duration: 34646ms, PromptTokens: 2906, CompletionTokens: 1080, Cost: $0.00072
2026-02-02 12:31:15,764 - Knowledge - INFO - done ingest for /home/kathan/Kathan/Kavia AI/graphnode-backend-api/data/rdk7542/9084/b7977ho/wesnoth-9084/src/serialization/string_utils.hpp
2026-02-02 12:31:15,946 - Knowledge - WARNING - Timeout processing /home/kathan/Kathan/Kavia AI/graphnode-backend-api/data/rdk7542/9084/b7977ho/wesnoth-9084/src/pathfind.hpp after 90s - using fallback metadata
2026-02-02 12:31:16,287 - Knowledge - INFO - process ingested knowledge for /home/kathan/Kathan/Kavia AI/graphnode-backend-api/data/rdk7542/9084/b7977ho/wesnoth-9084/src/config.hpp
2026-02-02 12:31:19,393 - Knowledge - INFO - process ingested knowledge for /home/kathan/Kathan/Kavia AI/graphnode-backend-api/data/rdk7542/9084/b7977ho/wesnoth-9084/src/ai_attack.cpp
2026-02-02 12:31:20,495 - Knowledge - INFO - [LLM_CALL] Completed: binary_wml.cpp:chunk1, Duration: 52275ms, PromptTokens: 4536, CompletionTokens: 588, Cost: $0.00069
2026-02-02 12:31:20,512 - Knowledge - INFO - done ingest for /home/kathan/Kathan/Kavia AI/graphnode-backend-api/data/rdk7542/9084/b7977ho/wesnoth-9084/src/serialization/binary_wml.cpp
2026-02-02 12:31:21,712 - Knowledge - INFO - Async storing batch of 5 embeddings
2026-02-02 12:31:21,740 - Knowledge - INFO - Worker kw4 processing /home/kathan/Kathan/Kavia AI/graphnode-backend-api/data/rdk7542/9084/b7977ho/wesnoth-9084/src/mapgen.hpp
2026-02-02 12:31:21,741 - Knowledge - INFO - process ingested knowledge for /home/kathan/Kathan/Kavia AI/graphnode-backend-api/data/rdk7542/9084/b7977ho/wesnoth-9084/src/random.cpp
2026-02-02 12:31:21,814 - Knowledge - INFO - Fast-tracked /home/kathan/Kathan/Kavia AI/graphnode-backend-api/data/rdk7542/9084/b7977ho/wesnoth-9084/src/mapgen.hpp (ext=.hpp, size=1770)
2026-02-02 12:31:21,814 - Knowledge - INFO - Worker kw4 processing /home/kathan/Kathan/Kavia AI/graphnode-backend-api/data/rdk7542/9084/b7977ho/wesnoth-9084/src/server/game.hpp
2026-02-02 12:31:22,507 - Knowledge - INFO - Worker kw4 processing /home/kathan/Kathan/Kavia AI/graphnode-backend-api/data/rdk7542/9084/b7977ho/wesnoth-9084/src/server/input_stream.cpp
2026-02-02 12:31:22,743 - Knowledge - INFO - Fast-tracked /home/kathan/Kathan/Kavia AI/graphnode-backend-api/data/rdk7542/9084/b7977ho/wesnoth-9084/src/server/input_stream.cpp (ext=.cpp, size=1806)
2026-02-02 12:31:22,869 - Knowledge - INFO - [LLM_CALL] Completed: video.hpp:chunk1, Duration: 34851ms, PromptTokens: 2430, CompletionTokens: 1003, Cost: $0.00064
2026-02-02 12:31:22,980 - Knowledge - INFO - Worker kw4 processing /home/kathan/Kathan/Kavia AI/graphnode-backend-api/data/rdk7542/9084/b7977ho/wesnoth-9084/src/server/metrics.hpp
2026-02-02 12:31:23,084 - Knowledge - INFO - done ingest for /home/kathan/Kathan/Kavia AI/graphnode-backend-api/data/rdk7542/9084/b7977ho/wesnoth-9084/src/video.hpp
2026-02-02 12:31:23,206 - Knowledge - INFO - Fast-tracked /home/kathan/Kathan/Kavia AI/graphnode-backend-api/data/rdk7542/9084/b7977ho/wesnoth-9084/src/server/metrics.hpp (ext=.hpp, size=980)
2026-02-02 12:31:23,382 - Knowledge - INFO - Async storage completed for 5 embeddings
2026-02-02 12:31:24,416 - Knowledge - INFO - [LLM_CALL] Completed: slider.cpp:chunk1, Duration: 18391ms, PromptTokens: 2920, CompletionTokens: 627, Cost: $0.00054
2026-02-02 12:31:24,416 - Knowledge - INFO - done ingest for /home/kathan/Kathan/Kavia AI/graphnode-backend-api/data/rdk7542/9084/b7977ho/wesnoth-9084/src/widgets/slider.cpp
2026-02-02 12:31:25,287 - Knowledge - INFO - [LLM_CALL] Completed: string_utils.cpp:chunk1, Duration: 57815ms, PromptTokens: 10156, CompletionTokens: 836, Cost: $0.00135
2026-02-02 12:31:25,288 - Knowledge - INFO - done ingest for /home/kathan/Kathan/Kavia AI/graphnode-backend-api/data/rdk7542/9084/b7977ho/wesnoth-9084/src/serialization/string_utils.cpp
2026-02-02 12:31:25,937 - Knowledge - INFO - [LLM_CALL] Completed: hotkeys.hpp:chunk1, Duration: 59931ms, PromptTokens: 4336, CompletionTokens: 1683, Cost: $0.00111
2026-02-02 12:31:25,937 - Knowledge - INFO - done ingest for /home/kathan/Kathan/Kavia AI/graphnode-backend-api/data/rdk7542/9084/b7977ho/wesnoth-9084/src/hotkeys.hpp
2026-02-02 12:31:26,507 - Knowledge - INFO - [LLM_CALL] Completed: scrollpane.cpp:chunk1, Duration: 37278ms, PromptTokens: 2970, CompletionTokens: 738, Cost: $0.00059
2026-02-02 12:31:26,578 - Knowledge - INFO - done ingest for /home/kathan/Kathan/Kavia AI/graphnode-backend-api/data/rdk7542/9084/b7977ho/wesnoth-9084/src/widgets/scrollpane.cpp
2026-02-02 12:31:26,790 - Knowledge - INFO - [LLM_CALL] Completed: show_dialog.cpp:chunk1, Duration: 74636ms, PromptTokens: 15802, CompletionTokens: 977, Cost: $0.00197
2026-02-02 12:31:26,797 - Knowledge - INFO - done ingest for /home/kathan/Kathan/Kavia AI/graphnode-backend-api/data/rdk7542/9084/b7977ho/wesnoth-9084/src/show_dialog.cpp
2026-02-02 12:31:27,059 - Knowledge - INFO - [kw17] Queue=54, InProgress=0, PendingWorkers=20/20, Completed=360/474 (75.9%)
2026-02-02 12:31:27,060 - Knowledge - INFO - Batch sizing: calculated=4, max_allowed=10, queue=54, active_workers=20/20
2026-02-02 12:31:29,882 - Knowledge - INFO - Async storing batch of 5 embeddings
2026-02-02 12:31:29,932 - Knowledge - INFO - Worker kw17 processing /home/kathan/Kathan/Kavia AI/graphnode-backend-api/data/rdk7542/9084/b7977ho/wesnoth-9084/src/server/variable.cpp
2026-02-02 12:31:29,988 - Knowledge - INFO - Fast-tracked /home/kathan/Kathan/Kavia AI/graphnode-backend-api/data/rdk7542/9084/b7977ho/wesnoth-9084/src/server/variable.cpp (ext=.cpp, size=1018)
2026-02-02 12:31:30,053 - Knowledge - INFO - Worker kw17 processing /home/kathan/Kathan/Kavia AI/graphnode-backend-api/data/rdk7542/9084/b7977ho/wesnoth-9084/src/server/proxy.cpp
2026-02-02 12:31:30,053 - Knowledge - INFO - Fast-tracked /home/kathan/Kathan/Kavia AI/graphnode-backend-api/data/rdk7542/9084/b7977ho/wesnoth-9084/src/server/proxy.cpp (ext=.cpp, size=1564)
2026-02-02 12:31:30,070 - Knowledge - INFO - Worker kw17 processing /home/kathan/Kathan/Kavia AI/graphnode-backend-api/data/rdk7542/9084/b7977ho/wesnoth-9084/src/server/input_stream.hpp
2026-02-02 12:31:30,127 - Knowledge - INFO - Fast-tracked /home/kathan/Kathan/Kavia AI/graphnode-backend-api/data/rdk7542/9084/b7977ho/wesnoth-9084/src/server/input_stream.hpp (ext=.hpp, size=797)
2026-02-02 12:31:30,127 - Knowledge - INFO - Worker kw17 processing /home/kathan/Kathan/Kavia AI/graphnode-backend-api/data/rdk7542/9084/b7977ho/wesnoth-9084/src/server/proxy.hpp
2026-02-02 12:31:30,171 - Knowledge - INFO - Fast-tracked /home/kathan/Kathan/Kavia AI/graphnode-backend-api/data/rdk7542/9084/b7977ho/wesnoth-9084/src/server/proxy.hpp (ext=.hpp, size=381)
2026-02-02 12:31:30,237 - Knowledge - INFO - Async storage completed for 5 embeddings
2026-02-02 12:31:31,157 - Knowledge - INFO - [WEBSOCKET] Sent: Type=progress_update, Size: 293, Duration: 0ms
2026-02-02 12:31:31,296 - Knowledge - INFO - [WEBSOCKET] Sent: Type=unknown, Size: ?, Duration: 139ms
2026-02-02 12:31:31,297 - Knowledge - INFO - Progress: 76.8% | Files: 365/474 | Rate: 1.26 files/sec | Queue: 50
2026-02-02 12:31:31,643 - Knowledge - INFO - [kw19] Queue=50, InProgress=0, PendingWorkers=20/20, Completed=368/474 (77.6%)
2026-02-02 12:31:31,644 - Knowledge - INFO - Batch sizing: calculated=4, max_allowed=10, queue=50, active_workers=20/20
2026-02-02 12:31:31,779 - Knowledge - INFO - Processing batch of 4 files
2026-02-02 12:31:31,780 - Knowledge - INFO - process ingested knowledge for /home/kathan/Kathan/Kavia AI/graphnode-backend-api/data/rdk7542/9084/b7977ho/wesnoth-9084/src/serialization/preprocessor.hpp
2026-02-02 12:31:31,785 - Knowledge - INFO - [kw3] Queue=50, InProgress=0, PendingWorkers=20/20, Completed=368/474 (77.6%)
2026-02-02 12:31:31,790 - Knowledge - INFO - Processing batch of 5 files
2026-02-02 12:31:31,960 - Knowledge - INFO - [kw9] Queue=50, InProgress=0, PendingWorkers=20/20, Completed=368/474 (77.6%)
2026-02-02 12:31:31,995 - Knowledge - INFO - Batch sizing: calculated=4, max_allowed=10, queue=50, active_workers=20/20
2026-02-02 12:31:32,089 - Knowledge - INFO - process ingested knowledge for /home/kathan/Kathan/Kavia AI/graphnode-backend-api/data/rdk7542/9084/b7977ho/wesnoth-9084/src/pathfind.hpp
2026-02-02 12:31:32,158 - Knowledge - INFO - Batch sizing: calculated=4, max_allowed=10, queue=50, active_workers=20/20
2026-02-02 12:31:32,199 - Knowledge - INFO - Async storing batch of 5 embeddings
2026-02-02 12:31:32,205 - Knowledge - INFO - process ingested knowledge for /home/kathan/Kathan/Kavia AI/graphnode-backend-api/data/rdk7542/9084/b7977ho/wesnoth-9084/src/serialization/string_utils.hpp
2026-02-02 12:31:32,481 - Knowledge - INFO - Worker kw19 processing /home/kathan/Kathan/Kavia AI/graphnode-backend-api/data/rdk7542/9084/b7977ho/wesnoth-9084/src/server/metrics.cpp
2026-02-02 12:31:32,543 - Knowledge - INFO - Processing batch of 4 files
2026-02-02 12:31:32,641 - Knowledge - INFO - process ingested knowledge for /home/kathan/Kathan/Kavia AI/graphnode-backend-api/data/rdk7542/9084/b7977ho/wesnoth-9084/src/widgets/combo.cpp
2026-02-02 12:31:32,687 - Knowledge - INFO - Fast-tracked /home/kathan/Kathan/Kavia AI/graphnode-backend-api/data/rdk7542/9084/b7977ho/wesnoth-9084/src/server/metrics.cpp (small file (2197 bytes))
2026-02-02 12:31:32,687 - Knowledge - INFO - Worker kw19 processing /home/kathan/Kathan/Kavia AI/graphnode-backend-api/data/rdk7542/9084/b7977ho/wesnoth-9084/src/server/player.cpp
2026-02-02 12:31:32,688 - Knowledge - INFO - Fast-tracked /home/kathan/Kathan/Kavia AI/graphnode-backend-api/data/rdk7542/9084/b7977ho/wesnoth-9084/src/server/player.cpp (ext=.cpp, size=791)
2026-02-02 12:31:32,689 - Knowledge - INFO - Worker kw19 processing /home/kathan/Kathan/Kavia AI/graphnode-backend-api/data/rdk7542/9084/b7977ho/wesnoth-9084/src/server/player.hpp
2026-02-02 12:31:32,690 - Knowledge - INFO - Fast-tracked /home/kathan/Kathan/Kavia AI/graphnode-backend-api/data/rdk7542/9084/b7977ho/wesnoth-9084/src/server/player.hpp (ext=.hpp, size=739)
2026-02-02 12:31:32,706 - Knowledge - INFO - Worker kw19 processing /home/kathan/Kathan/Kavia AI/graphnode-backend-api/data/rdk7542/9084/b7977ho/wesnoth-9084/src/server/server.cpp
2026-02-02 12:31:32,843 - Knowledge - INFO - Async storage completed for 5 embeddings
2026-02-02 12:31:32,922 - Knowledge - INFO - Async storing batch of 5 embeddings
2026-02-02 12:31:32,968 - Knowledge - INFO - Worker kw3 processing /home/kathan/Kathan/Kavia AI/graphnode-backend-api/data/rdk7542/9084/b7977ho/wesnoth-9084/src/terrain.hpp
2026-02-02 12:31:33,006 - Knowledge - INFO - Async storing batch of 6 embeddings
2026-02-02 12:31:33,037 - Knowledge - INFO - Fast-tracked /home/kathan/Kathan/Kavia AI/graphnode-backend-api/data/rdk7542/9084/b7977ho/wesnoth-9084/src/terrain.hpp (ext=.hpp, size=1781)
2026-02-02 12:31:33,041 - Knowledge - INFO - Worker kw9 processing /home/kathan/Kathan/Kavia AI/graphnode-backend-api/data/rdk7542/9084/b7977ho/wesnoth-9084/src/server/game.cpp
2026-02-02 12:31:33,216 - Knowledge - INFO - Worker kw3 processing /home/kathan/Kathan/Kavia AI/graphnode-backend-api/data/rdk7542/9084/b7977ho/wesnoth-9084/src/display.cpp
2026-02-02 12:31:33,276 - Knowledge - INFO - process ingested knowledge for /home/kathan/Kathan/Kavia AI/graphnode-backend-api/data/rdk7542/9084/b7977ho/wesnoth-9084/src/dialogs.hpp
2026-02-02 12:31:33,354 - Knowledge - INFO - process ingested knowledge for /home/kathan/Kathan/Kavia AI/graphnode-backend-api/data/rdk7542/9084/b7977ho/wesnoth-9084/src/widgets/scrollbar.hpp
2026-02-02 12:31:33,369 - Knowledge - INFO - [LLM_CALL] Completed: ai.cpp:chunk1, Duration: 82244ms, PromptTokens: 18416, CompletionTokens: 790, Cost: $0.00216
2026-02-02 12:31:33,805 - Knowledge - INFO - process ingested knowledge for /home/kathan/Kathan/Kavia AI/graphnode-backend-api/data/rdk7542/9084/b7977ho/wesnoth-9084/src/replay.hpp
2026-02-02 12:31:33,823 - Knowledge - INFO - process ingested knowledge for /home/kathan/Kathan/Kavia AI/graphnode-backend-api/data/rdk7542/9084/b7977ho/wesnoth-9084/src/help.hpp
2026-02-02 12:31:33,983 - Knowledge - INFO - process ingested knowledge for /home/kathan/Kathan/Kavia AI/graphnode-backend-api/data/rdk7542/9084/b7977ho/wesnoth-9084/src/language.cpp
2026-02-02 12:31:34,204 - Knowledge - INFO - Processing batch of 4 files
2026-02-02 12:31:34,288 - Knowledge - INFO - process ingested knowledge for /home/kathan/Kathan/Kavia AI/graphnode-backend-api/data/rdk7542/9084/b7977ho/wesnoth-9084/src/widgets/slider.cpp
2026-02-02 12:31:34,296 - Knowledge - INFO - process ingested knowledge for /home/kathan/Kathan/Kavia AI/graphnode-backend-api/data/rdk7542/9084/b7977ho/wesnoth-9084/src/server/variable.cpp
2026-02-02 12:31:34,324 - Knowledge - INFO - process ingested knowledge for /home/kathan/Kathan/Kavia AI/graphnode-backend-api/data/rdk7542/9084/b7977ho/wesnoth-9084/src/key.cpp
2026-02-02 12:31:34,475 - Knowledge - INFO - [kw1] Queue=38, InProgress=0, PendingWorkers=20/20, Completed=372/474 (78.5%)
2026-02-02 12:31:34,476 - Knowledge - INFO - process ingested knowledge for /home/kathan/Kathan/Kavia AI/graphnode-backend-api/data/rdk7542/9084/b7977ho/wesnoth-9084/src/server/proxy.cpp
2026-02-02 12:31:34,477 - Knowledge - INFO - process ingested knowledge for /home/kathan/Kathan/Kavia AI/graphnode-backend-api/data/rdk7542/9084/b7977ho/wesnoth-9084/src/language.hpp
2026-02-02 12:31:34,483 - Knowledge - INFO - process ingested knowledge for /home/kathan/Kathan/Kavia AI/graphnode-backend-api/data/rdk7542/9084/b7977ho/wesnoth-9084/src/widgets/scrollarea.hpp
2026-02-02 12:31:34,582 - Knowledge - INFO - Worker kw9 processing /home/kathan/Kathan/Kavia AI/graphnode-backend-api/data/rdk7542/9084/b7977ho/wesnoth-9084/src/sdl_utils.hpp
2026-02-02 12:31:34,813 - Knowledge - INFO - Batch sizing: calculated=4, max_allowed=10, queue=38, active_workers=20/20
2026-02-02 12:31:35,014 - Knowledge - INFO - Worker kw3 processing /home/kathan/Kathan/Kavia AI/graphnode-backend-api/data/rdk7542/9084/b7977ho/wesnoth-9084/src/clipboard.cpp
2026-02-02 12:31:35,328 - Knowledge - INFO - process ingested knowledge for /home/kathan/Kathan/Kavia AI/graphnode-backend-api/data/rdk7542/9084/b7977ho/wesnoth-9084/src/server/input_stream.hpp
2026-02-02 12:31:35,487 - Knowledge - INFO - Worker kw3 processing /home/kathan/Kathan/Kavia AI/graphnode-backend-api/data/rdk7542/9084/b7977ho/wesnoth-9084/src/multiplayer_wait.cpp
2026-02-02 12:31:35,751 - Knowledge - INFO - Worker kw9 processing /home/kathan/Kathan/Kavia AI/graphnode-backend-api/data/rdk7542/9084/b7977ho/wesnoth-9084/src/animated.cpp
2026-02-02 12:31:36,075 - Knowledge - INFO - Worker kw9 processing /home/kathan/Kathan/Kavia AI/graphnode-backend-api/data/rdk7542/9084/b7977ho/wesnoth-9084/src/unit_display.cpp
2026-02-02 12:31:36,171 - Knowledge - INFO - Async storing batch of 5 embeddings
2026-02-02 12:31:36,296 - Knowledge - INFO - Worker kw1 processing /home/kathan/Kathan/Kavia AI/graphnode-backend-api/data/rdk7542/9084/b7977ho/wesnoth-9084/src/gettext.hpp
2026-02-02 12:31:36,315 - Knowledge - INFO - Fast-tracked /home/kathan/Kathan/Kavia AI/graphnode-backend-api/data/rdk7542/9084/b7977ho/wesnoth-9084/src/gettext.hpp (ext=.hpp, size=1192)
2026-02-02 12:31:36,315 - Knowledge - INFO - Worker kw1 processing /home/kathan/Kathan/Kavia AI/graphnode-backend-api/data/rdk7542/9084/b7977ho/wesnoth-9084/src/game.cpp
2026-02-02 12:31:36,555 - Knowledge - INFO - Worker kw1 processing /home/kathan/Kathan/Kavia AI/graphnode-backend-api/data/rdk7542/9084/b7977ho/wesnoth-9084/src/wml_separators.hpp
2026-02-02 12:31:36,728 - Knowledge - INFO - Async storage completed for 5 embeddings
2026-02-02 12:31:36,791 - Knowledge - INFO - Async storage completed for 6 embeddings
2026-02-02 12:31:36,798 - Knowledge - INFO - Fast-tracked /home/kathan/Kathan/Kavia AI/graphnode-backend-api/data/rdk7542/9084/b7977ho/wesnoth-9084/src/wml_separators.hpp (ext=.hpp, size=899)
2026-02-02 12:31:36,798 - Knowledge - INFO - Worker kw1 processing /home/kathan/Kathan/Kavia AI/graphnode-backend-api/data/rdk7542/9084/b7977ho/wesnoth-9084/src/playturn.hpp
2026-02-02 12:31:36,934 - Knowledge - INFO - [LLM_CALL] Completed: file_chooser.hpp:chunk1, Duration: 36033ms, PromptTokens: 2284, CompletionTokens: 696, Cost: $0.00051
2026-02-02 12:31:36,959 - Knowledge - INFO - process ingested knowledge for /home/kathan/Kathan/Kavia AI/graphnode-backend-api/data/rdk7542/9084/b7977ho/wesnoth-9084/src/server/proxy.hpp
2026-02-02 12:31:37,090 - Knowledge - INFO - done ingest for /home/kathan/Kathan/Kavia AI/graphnode-backend-api/data/rdk7542/9084/b7977ho/wesnoth-9084/src/widgets/file_chooser.hpp
2026-02-02 12:31:37,245 - Knowledge - INFO - Async storage completed for 5 embeddings
2026-02-02 12:31:41,133 - Knowledge - INFO - [LLM_CALL] Completed: scrollbar.cpp:chunk1, Duration: 51241ms, PromptTokens: 5492, CompletionTokens: 821, Cost: $0.00088
2026-02-02 12:31:41,156 - Knowledge - INFO - done ingest for /home/kathan/Kathan/Kavia AI/graphnode-backend-api/data/rdk7542/9084/b7977ho/wesnoth-9084/src/widgets/scrollbar.cpp
2026-02-02 12:31:44,501 - Knowledge - INFO - [LLM_CALL] Completed: menu.hpp:chunk1, Duration: 38498ms, PromptTokens: 3688, CompletionTokens: 871, Cost: $0.00072
2026-02-02 12:31:44,501 - Knowledge - INFO - done ingest for /home/kathan/Kathan/Kavia AI/graphnode-backend-api/data/rdk7542/9084/b7977ho/wesnoth-9084/src/widgets/menu.hpp
2026-02-02 12:31:45,640 - Knowledge - INFO - [LLM_CALL] Completed: file_chooser.cpp:chunk1, Duration: 44713ms, PromptTokens: 6748, CompletionTokens: 836, Cost: $0.00101
2026-02-02 12:31:45,855 - Knowledge - INFO - done ingest for /home/kathan/Kathan/Kavia AI/graphnode-backend-api/data/rdk7542/9084/b7977ho/wesnoth-9084/src/widgets/file_chooser.cpp
2026-02-02 12:31:46,905 - Knowledge - INFO - [WEBSOCKET] Sent: Type=progress_update, Size: 292, Duration: 0ms
2026-02-02 12:31:46,991 - Knowledge - INFO - [WEBSOCKET] Sent: Type=unknown, Size: ?, Duration: 86ms
2026-02-02 12:31:46,991 - Knowledge - INFO - Progress: 79.3% | Files: 377/474 | Rate: 1.24 files/sec | Queue: 34
2026-02-02 12:31:47,960 - Knowledge - INFO - Processing batch of 4 files
2026-02-02 12:31:48,193 - Knowledge - INFO - process ingested knowledge for /home/kathan/Kathan/Kavia AI/graphnode-backend-api/data/rdk7542/9084/b7977ho/wesnoth-9084/src/widgets/file_chooser.hpp
2026-02-02 12:31:49,361 - Knowledge - INFO - [LLM_CALL] Completed: preprocessor.cpp:chunk1, Duration: 78991ms, PromptTokens: 12424, CompletionTokens: 613, Cost: $0.00149
2026-02-02 12:31:49,492 - Knowledge - INFO - done ingest for /home/kathan/Kathan/Kavia AI/graphnode-backend-api/data/rdk7542/9084/b7977ho/wesnoth-9084/src/serialization/preprocessor.cpp
2026-02-02 12:31:50,251 - Knowledge - INFO - [kw12] Queue=34, InProgress=0, PendingWorkers=20/20, Completed=378/474 (79.7%)
2026-02-02 12:31:50,274 - Knowledge - INFO - Batch sizing: calculated=4, max_allowed=10, queue=34, active_workers=20/20
2026-02-02 12:31:50,353 - Knowledge - INFO - process ingested knowledge for /home/kathan/Kathan/Kavia AI/graphnode-backend-api/data/rdk7542/9084/b7977ho/wesnoth-9084/src/widgets/button.hpp
2026-02-02 12:31:50,580 - Knowledge - INFO - [kw18] Queue=34, InProgress=0, PendingWorkers=20/20, Completed=379/474 (80.0%)
2026-02-02 12:31:50,585 - Knowledge - INFO - Batch sizing: calculated=4, max_allowed=10, queue=34, active_workers=20/20
2026-02-02 12:31:50,605 - Knowledge - INFO - [kw7] Queue=34, InProgress=0, PendingWorkers=20/20, Completed=379/474 (80.0%)
2026-02-02 12:31:50,740 - Knowledge - INFO - Async storing batch of 4 embeddings
2026-02-02 12:31:50,852 - Knowledge - INFO - process ingested knowledge for /home/kathan/Kathan/Kavia AI/graphnode-backend-api/data/rdk7542/9084/b7977ho/wesnoth-9084/src/widgets/progressbar.hpp
2026-02-02 12:31:50,961 - Knowledge - INFO - Batch sizing: calculated=4, max_allowed=10, queue=34, active_workers=20/20
2026-02-02 12:31:51,017 - Knowledge - INFO - Async storing batch of 5 embeddings
2026-02-02 12:31:51,051 - Knowledge - INFO - Worker kw12 processing /home/kathan/Kathan/Kavia AI/graphnode-backend-api/data/rdk7542/9084/b7977ho/wesnoth-9084/src/log.hpp
2026-02-02 12:31:51,066 - Knowledge - INFO - [kw17] Queue=26, InProgress=0, PendingWorkers=20/20, Completed=380/474 (80.2%)
2026-02-02 12:31:51,127 - Knowledge - INFO - process ingested knowledge for /home/kathan/Kathan/Kavia AI/graphnode-backend-api/data/rdk7542/9084/b7977ho/wesnoth-9084/src/widgets/progressbar.cpp
2026-02-02 12:31:51,182 - Knowledge - INFO - Processing batch of 4 files
2026-02-02 12:31:51,307 - Knowledge - INFO - Worker kw18 processing /home/kathan/Kathan/Kavia AI/graphnode-backend-api/data/rdk7542/9084/b7977ho/wesnoth-9084/src/game_config.hpp
2026-02-02 12:31:51,335 - Knowledge - INFO - Async storing batch of 4 embeddings
2026-02-02 12:31:51,418 - Knowledge - INFO - Fast-tracked /home/kathan/Kathan/Kavia AI/graphnode-backend-api/data/rdk7542/9084/b7977ho/wesnoth-9084/src/log.hpp (ext=.hpp, size=1640)
2026-02-02 12:31:51,592 - Knowledge - INFO - Batch sizing: calculated=4, max_allowed=10, queue=26, active_workers=20/20
2026-02-02 12:31:51,709 - Knowledge - INFO - process ingested knowledge for /home/kathan/Kathan/Kavia AI/graphnode-backend-api/data/rdk7542/9084/b7977ho/wesnoth-9084/src/array.hpp
2026-02-02 12:31:51,949 - Knowledge - INFO - Fast-tracked /home/kathan/Kathan/Kavia AI/graphnode-backend-api/data/rdk7542/9084/b7977ho/wesnoth-9084/src/game_config.hpp (ext=.hpp, size=1838)
2026-02-02 12:31:51,978 - Knowledge - INFO - Worker kw7 processing /home/kathan/Kathan/Kavia AI/graphnode-backend-api/data/rdk7542/9084/b7977ho/wesnoth-9084/src/filechooser.cpp
2026-02-02 12:31:51,999 - Knowledge - INFO - Worker kw12 processing /home/kathan/Kathan/Kavia AI/graphnode-backend-api/data/rdk7542/9084/b7977ho/wesnoth-9084/src/pathfind.cpp
2026-02-02 12:31:52,129 - Knowledge - INFO - Fast-tracked /home/kathan/Kathan/Kavia AI/graphnode-backend-api/data/rdk7542/9084/b7977ho/wesnoth-9084/src/filechooser.cpp (small file (2645 bytes))
2026-02-02 12:31:52,259 - Knowledge - INFO - Worker kw18 processing /home/kathan/Kathan/Kavia AI/graphnode-backend-api/data/rdk7542/9084/b7977ho/wesnoth-9084/src/astarnode.hpp
2026-02-02 12:31:52,629 - Knowledge - INFO - Worker kw7 processing /home/kathan/Kathan/Kavia AI/graphnode-backend-api/data/rdk7542/9084/b7977ho/wesnoth-9084/src/map.hpp
2026-02-02 12:31:52,724 - Knowledge - INFO - process ingested knowledge for /home/kathan/Kathan/Kavia AI/graphnode-backend-api/data/rdk7542/9084/b7977ho/wesnoth-9084/src/widgets/scrollpane.cpp
2026-02-02 12:31:52,752 - Knowledge - INFO - Async storing batch of 4 embeddings
2026-02-02 12:31:52,768 - Knowledge - INFO - Fast-tracked /home/kathan/Kathan/Kavia AI/graphnode-backend-api/data/rdk7542/9084/b7977ho/wesnoth-9084/src/astarnode.hpp (ext=.hpp, size=1479)
2026-02-02 12:31:52,787 - Knowledge - INFO - Worker kw17 processing /home/kathan/Kathan/Kavia AI/graphnode-backend-api/data/rdk7542/9084/b7977ho/wesnoth-9084/src/multiplayer_wait.hpp
2026-02-02 12:31:52,810 - Knowledge - INFO - process ingested knowledge for /home/kathan/Kathan/Kavia AI/graphnode-backend-api/data/rdk7542/9084/b7977ho/wesnoth-9084/src/widgets/widget.hpp
2026-02-02 12:31:52,860 - Knowledge - INFO - Worker kw18 processing /home/kathan/Kathan/Kavia AI/graphnode-backend-api/data/rdk7542/9084/b7977ho/wesnoth-9084/src/image.cpp
2026-02-02 12:31:52,936 - Knowledge - INFO - Worker kw7 processing /home/kathan/Kathan/Kavia AI/graphnode-backend-api/data/rdk7542/9084/b7977ho/wesnoth-9084/src/team.hpp
2026-02-02 12:31:52,947 - Knowledge - INFO - Fast-tracked /home/kathan/Kathan/Kavia AI/graphnode-backend-api/data/rdk7542/9084/b7977ho/wesnoth-9084/src/multiplayer_wait.hpp (ext=.hpp, size=1924)
2026-02-02 12:31:53,019 - Knowledge - INFO - process ingested knowledge for /home/kathan/Kathan/Kavia AI/graphnode-backend-api/data/rdk7542/9084/b7977ho/wesnoth-9084/src/widgets/scrollbar.cpp
2026-02-02 12:31:53,072 - Knowledge - INFO - Worker kw12 processing /home/kathan/Kathan/Kavia AI/graphnode-backend-api/data/rdk7542/9084/b7977ho/wesnoth-9084/src/cursor.hpp
2026-02-02 12:31:53,289 - Knowledge - INFO - Worker kw17 processing /home/kathan/Kathan/Kavia AI/graphnode-backend-api/data/rdk7542/9084/b7977ho/wesnoth-9084/src/log.cpp
2026-02-02 12:31:53,482 - Knowledge - INFO - Worker kw7 processing /home/kathan/Kathan/Kavia AI/graphnode-backend-api/data/rdk7542/9084/b7977ho/wesnoth-9084/src/help.cpp
2026-02-02 12:31:53,500 - Knowledge - INFO - Fast-tracked /home/kathan/Kathan/Kavia AI/graphnode-backend-api/data/rdk7542/9084/b7977ho/wesnoth-9084/src/cursor.hpp (ext=.hpp, size=901)
2026-02-02 12:31:53,726 - Knowledge - WARNING - Timeout processing /home/kathan/Kathan/Kavia AI/graphnode-backend-api/data/rdk7542/9084/b7977ho/wesnoth-9084/src/ai.cpp after 90s - using fallback metadata
2026-02-02 12:31:53,732 - Knowledge - INFO - Worker kw18 processing /home/kathan/Kathan/Kavia AI/graphnode-backend-api/data/rdk7542/9084/b7977ho/wesnoth-9084/src/map_create.cpp
2026-02-02 12:31:54,312 - Knowledge - INFO - Worker kw12 processing /home/kathan/Kathan/Kavia AI/graphnode-backend-api/data/rdk7542/9084/b7977ho/wesnoth-9084/src/playlevel.hpp
2026-02-02 12:31:54,368 - Knowledge - INFO - Fast-tracked /home/kathan/Kathan/Kavia AI/graphnode-backend-api/data/rdk7542/9084/b7977ho/wesnoth-9084/src/log.cpp (small file (2922 bytes))
2026-02-02 12:31:54,575 - Knowledge - INFO - Split /home/kathan/Kathan/Kavia AI/graphnode-backend-api/data/rdk7542/9084/b7977ho/wesnoth-9084/src/help.cpp (83842 bytes) into 3 chunks of ~32KB
2026-02-02 12:31:54,619 - Knowledge - INFO - Fast-tracked /home/kathan/Kathan/Kavia AI/graphnode-backend-api/data/rdk7542/9084/b7977ho/wesnoth-9084/src/playlevel.hpp (ext=.hpp, size=1155)
2026-02-02 12:31:54,620 - Knowledge - INFO - Worker kw17 processing /home/kathan/Kathan/Kavia AI/graphnode-backend-api/data/rdk7542/9084/b7977ho/wesnoth-9084/src/playlevel.cpp
2026-02-02 12:31:54,723 - Knowledge - INFO - Async storage completed for 4 embeddings
2026-02-02 12:31:54,754 - Knowledge - INFO - Fast-tracked /home/kathan/Kathan/Kavia AI/graphnode-backend-api/data/rdk7542/9084/b7977ho/wesnoth-9084/src/map_create.cpp (small file (2181 bytes))
2026-02-02 12:31:54,836 - Knowledge - INFO - Async storage completed for 4 embeddings
2026-02-02 12:31:54,922 - Knowledge - INFO - Worker kw17 processing /home/kathan/Kathan/Kavia AI/graphnode-backend-api/data/rdk7542/9084/b7977ho/wesnoth-9084/src/tools/exploder_utils.hpp
2026-02-02 12:31:55,061 - Knowledge - INFO - [LLM_CALL] Completed: widget.cpp:chunk1, Duration: 46200ms, PromptTokens: 3840, CompletionTokens: 1141, Cost: $0.00084
2026-02-02 12:31:55,422 - Knowledge - INFO - Async storage completed for 5 embeddings
2026-02-02 12:31:55,729 - Knowledge - INFO - Fast-tracked /home/kathan/Kathan/Kavia AI/graphnode-backend-api/data/rdk7542/9084/b7977ho/wesnoth-9084/src/tools/exploder_utils.hpp (ext=.hpp, size=1291)
2026-02-02 12:31:55,992 - Knowledge - INFO - done ingest for /home/kathan/Kathan/Kavia AI/graphnode-backend-api/data/rdk7542/9084/b7977ho/wesnoth-9084/src/widgets/widget.cpp
2026-02-02 12:31:56,180 - Knowledge - INFO - Async storage completed for 4 embeddings
2026-02-02 12:31:57,873 - Knowledge - INFO - [LLM_CALL] Completed: button.cpp:chunk1, Duration: 51568ms, PromptTokens: 4896, CompletionTokens: 695, Cost: $0.00077
2026-02-02 12:31:57,878 - Knowledge - INFO - done ingest for /home/kathan/Kathan/Kavia AI/graphnode-backend-api/data/rdk7542/9084/b7977ho/wesnoth-9084/src/widgets/button.cpp
2026-02-02 12:31:59,731 - Knowledge - INFO - [LLM_CALL] Completed: builder.hpp:chunk1, Duration: 92734ms, PromptTokens: 13506, CompletionTokens: 1449, Cost: $0.00193
2026-02-02 12:31:59,797 - Knowledge - INFO - done ingest for /home/kathan/Kathan/Kavia AI/graphnode-backend-api/data/rdk7542/9084/b7977ho/wesnoth-9084/src/builder.hpp
2026-02-02 12:31:59,912 - Knowledge - WARNING - Timeout processing /home/kathan/Kathan/Kavia AI/graphnode-backend-api/data/rdk7542/9084/b7977ho/wesnoth-9084/src/multiplayer_connect.cpp after 90s - using fallback metadata
2026-02-02 12:31:59,961 - Knowledge - INFO - [kw20] Queue=18, InProgress=0, PendingWorkers=20/20, Completed=384/474 (81.0%)
2026-02-02 12:32:00,058 - Knowledge - INFO - Batch sizing: calculated=4, max_allowed=10, queue=18, active_workers=20/20
2026-02-02 12:32:00,184 - Knowledge - INFO - Async storing batch of 4 embeddings
2026-02-02 12:32:00,244 - Knowledge - INFO - Worker kw20 processing /home/kathan/Kathan/Kavia AI/graphnode-backend-api/data/rdk7542/9084/b7977ho/wesnoth-9084/src/tools/key_test.cpp
2026-02-02 12:32:00,297 - Knowledge - INFO - Fast-tracked /home/kathan/Kathan/Kavia AI/graphnode-backend-api/data/rdk7542/9084/b7977ho/wesnoth-9084/src/tools/key_test.cpp (ext=.cpp, size=719)
2026-02-02 12:32:00,297 - Knowledge - INFO - Worker kw20 processing /home/kathan/Kathan/Kavia AI/graphnode-backend-api/data/rdk7542/9084/b7977ho/wesnoth-9084/src/tools/exploder_composer.hpp
2026-02-02 12:32:00,297 - Knowledge - INFO - Fast-tracked /home/kathan/Kathan/Kavia AI/graphnode-backend-api/data/rdk7542/9084/b7977ho/wesnoth-9084/src/tools/exploder_composer.hpp (ext=.hpp, size=785)
2026-02-02 12:32:00,297 - Knowledge - INFO - Worker kw20 processing /home/kathan/Kathan/Kavia AI/graphnode-backend-api/data/rdk7542/9084/b7977ho/wesnoth-9084/src/tools/cutter.cpp
2026-02-02 12:32:00,310 - Knowledge - INFO - Fast-tracked /home/kathan/Kathan/Kavia AI/graphnode-backend-api/data/rdk7542/9084/b7977ho/wesnoth-9084/src/tools/cutter.cpp (small file (2307 bytes))
2026-02-02 12:32:00,310 - Knowledge - INFO - Worker kw20 processing /home/kathan/Kathan/Kavia AI/graphnode-backend-api/data/rdk7542/9084/b7977ho/wesnoth-9084/src/tools/exploder_utils.cpp
2026-02-02 12:32:00,377 - Knowledge - INFO - [WEBSOCKET] Sent: Type=progress_update, Size: 292, Duration: 0ms
2026-02-02 12:32:00,526 - Knowledge - INFO - [WEBSOCKET] Sent: Type=unknown, Size: ?, Duration: 150ms
2026-02-02 12:32:00,544 - Knowledge - INFO - Progress: 82.3% | Files: 392/474 | Rate: 1.22 files/sec | Queue: 14
2026-02-02 12:32:00,544 - Knowledge - INFO - [kw15] Queue=14, InProgress=0, PendingWorkers=20/20, Completed=392/474 (82.7%)
2026-02-02 12:32:00,544 - Knowledge - INFO - Batch sizing: calculated=4, max_allowed=10, queue=14, active_workers=20/20
2026-02-02 12:32:00,745 - Knowledge - INFO - Processing batch of 5 files
2026-02-02 12:32:00,850 - Knowledge - INFO - Async storage completed for 4 embeddings
2026-02-02 12:32:00,978 - Knowledge - INFO - process ingested knowledge for /home/kathan/Kathan/Kavia AI/graphnode-backend-api/data/rdk7542/9084/b7977ho/wesnoth-9084/src/show_dialog.hpp
2026-02-02 12:32:01,041 - Knowledge - INFO - Processing batch of 4 files
2026-02-02 12:32:01,051 - Knowledge - INFO - Async storing batch of 4 embeddings
2026-02-02 12:32:01,650 - Knowledge - INFO - process ingested knowledge for /home/kathan/Kathan/Kavia AI/graphnode-backend-api/data/rdk7542/9084/b7977ho/wesnoth-9084/src/ai.cpp
2026-02-02 12:32:01,730 - Knowledge - INFO - process ingested knowledge for /home/kathan/Kathan/Kavia AI/graphnode-backend-api/data/rdk7542/9084/b7977ho/wesnoth-9084/src/widgets/combo.hpp
2026-02-02 12:32:01,731 - Knowledge - INFO - process ingested knowledge for /home/kathan/Kathan/Kavia AI/graphnode-backend-api/data/rdk7542/9084/b7977ho/wesnoth-9084/src/widgets/textbox.hpp
2026-02-02 12:32:01,758 - Knowledge - INFO - process ingested knowledge for /home/kathan/Kathan/Kavia AI/graphnode-backend-api/data/rdk7542/9084/b7977ho/wesnoth-9084/src/key.hpp
2026-02-02 12:32:01,820 - Knowledge - INFO - Worker kw15 processing /home/kathan/Kathan/Kavia AI/graphnode-backend-api/data/rdk7542/9084/b7977ho/wesnoth-9084/src/tools/exploder_cutter.hpp
2026-02-02 12:32:02,059 - Knowledge - INFO - process ingested knowledge for /home/kathan/Kathan/Kavia AI/graphnode-backend-api/data/rdk7542/9084/b7977ho/wesnoth-9084/src/widgets/menu.hpp
2026-02-02 12:32:02,128 - Knowledge - INFO - process ingested knowledge for /home/kathan/Kathan/Kavia AI/graphnode-backend-api/data/rdk7542/9084/b7977ho/wesnoth-9084/src/about.hpp
2026-02-02 12:32:02,300 - Knowledge - INFO - Fast-tracked /home/kathan/Kathan/Kavia AI/graphnode-backend-api/data/rdk7542/9084/b7977ho/wesnoth-9084/src/tools/exploder_cutter.hpp (ext=.hpp, size=1446)
2026-02-02 12:32:02,355 - Knowledge - INFO - process ingested knowledge for /home/kathan/Kathan/Kavia AI/graphnode-backend-api/data/rdk7542/9084/b7977ho/wesnoth-9084/src/widgets/button.cpp
2026-02-02 12:32:02,414 - Knowledge - INFO - Processing batch of 5 files
2026-02-02 12:32:02,420 - Knowledge - INFO - process ingested knowledge for /home/kathan/Kathan/Kavia AI/graphnode-backend-api/data/rdk7542/9084/b7977ho/wesnoth-9084/src/show_dialog.cpp
2026-02-02 12:32:02,559 - Knowledge - INFO - Worker kw15 processing /home/kathan/Kathan/Kavia AI/graphnode-backend-api/data/rdk7542/9084/b7977ho/wesnoth-9084/src/tools/exploder_cutter.cpp
2026-02-02 12:32:02,776 - Knowledge - INFO - process ingested knowledge for /home/kathan/Kathan/Kavia AI/graphnode-backend-api/data/rdk7542/9084/b7977ho/wesnoth-9084/src/hotkeys.hpp
2026-02-02 12:32:02,776 - Knowledge - INFO - Processing batch of 5 files
2026-02-02 12:32:03,566 - Knowledge - INFO - process ingested knowledge for /home/kathan/Kathan/Kavia AI/graphnode-backend-api/data/rdk7542/9084/b7977ho/wesnoth-9084/src/cavegen.cpp
2026-02-02 12:32:04,060 - Knowledge - INFO - Worker kw15 processing /home/kathan/Kathan/Kavia AI/graphnode-backend-api/data/rdk7542/9084/b7977ho/wesnoth-9084/src/tools/dummy_video.cpp
2026-02-02 12:32:04,209 - Knowledge - INFO - Fast-tracked /home/kathan/Kathan/Kavia AI/graphnode-backend-api/data/rdk7542/9084/b7977ho/wesnoth-9084/src/tools/dummy_video.cpp (ext=.cpp, size=640)
2026-02-02 12:32:04,835 - Knowledge - INFO - Worker kw15 processing /home/kathan/Kathan/Kavia AI/graphnode-backend-api/data/rdk7542/9084/b7977ho/wesnoth-9084/src/tools/exploder_composer.cpp
2026-02-02 12:32:04,944 - Knowledge - INFO - Fast-tracked /home/kathan/Kathan/Kavia AI/graphnode-backend-api/data/rdk7542/9084/b7977ho/wesnoth-9084/src/tools/exploder_composer.cpp (small file (2482 bytes))
2026-02-02 12:32:04,961 - Knowledge - INFO - [LLM_CALL] Completed: server.cpp:chunk1, Duration: 32177ms, PromptTokens: 18400, CompletionTokens: 820, Cost: $0.00217
2026-02-02 12:32:05,053 - Knowledge - INFO - done ingest for /home/kathan/Kathan/Kavia AI/graphnode-backend-api/data/rdk7542/9084/b7977ho/wesnoth-9084/src/server/server.cpp
2026-02-02 12:32:05,123 - Knowledge - INFO - Async storage completed for 4 embeddings
2026-02-02 12:32:05,418 - Knowledge - INFO - process ingested knowledge for /home/kathan/Kathan/Kavia AI/graphnode-backend-api/data/rdk7542/9084/b7977ho/wesnoth-9084/src/builder.hpp
2026-02-02 12:32:06,160 - Knowledge - INFO - process ingested knowledge for /home/kathan/Kathan/Kavia AI/graphnode-backend-api/data/rdk7542/9084/b7977ho/wesnoth-9084/src/util.hpp
2026-02-02 12:32:06,295 - Knowledge - INFO - process ingested knowledge for /home/kathan/Kathan/Kavia AI/graphnode-backend-api/data/rdk7542/9084/b7977ho/wesnoth-9084/src/publish_campaign.hpp
2026-02-02 12:32:06,631 - Knowledge - INFO - [LLM_CALL] Completed: playturn.hpp:chunk1, Duration: 29521ms, PromptTokens: 4612, CompletionTokens: 454, Cost: $0.00064
2026-02-02 12:32:06,759 - Knowledge - INFO - done ingest for /home/kathan/Kathan/Kavia AI/graphnode-backend-api/data/rdk7542/9084/b7977ho/wesnoth-9084/src/playturn.hpp
2026-02-02 12:32:08,392 - Knowledge - INFO - process ingested knowledge for /home/kathan/Kathan/Kavia AI/graphnode-backend-api/data/rdk7542/9084/b7977ho/wesnoth-9084/src/multiplayer_connect.cpp
2026-02-02 12:32:09,203 - Knowledge - INFO - [LLM_CALL] Completed: tokenizer.cpp:chunk1, Duration: 99199ms, PromptTokens: 2860, CompletionTokens: 575, Cost: $0.00052
2026-02-02 12:32:09,204 - Knowledge - INFO - done ingest for /home/kathan/Kathan/Kavia AI/graphnode-backend-api/data/rdk7542/9084/b7977ho/wesnoth-9084/src/serialization/tokenizer.cpp
2026-02-02 12:32:09,531 - Knowledge - INFO - [LLM_CALL] Completed: game.hpp:chunk1, Duration: 47331ms, PromptTokens: 2712, CompletionTokens: 1203, Cost: $0.00075
2026-02-02 12:32:09,532 - Knowledge - INFO - done ingest for /home/kathan/Kathan/Kavia AI/graphnode-backend-api/data/rdk7542/9084/b7977ho/wesnoth-9084/src/server/game.hpp
2026-02-02 12:32:09,676 - Knowledge - INFO - process ingested knowledge for /home/kathan/Kathan/Kavia AI/graphnode-backend-api/data/rdk7542/9084/b7977ho/wesnoth-9084/src/titlescreen.hpp
2026-02-02 12:32:09,720 - Knowledge - INFO - process ingested knowledge for /home/kathan/Kathan/Kavia AI/graphnode-backend-api/data/rdk7542/9084/b7977ho/wesnoth-9084/src/filesystem.cpp
2026-02-02 12:32:10,641 - Knowledge - INFO - process ingested knowledge for /home/kathan/Kathan/Kavia AI/graphnode-backend-api/data/rdk7542/9084/b7977ho/wesnoth-9084/src/serialization/tokenizer.hpp
2026-02-02 12:32:10,810 - Knowledge - INFO - process ingested knowledge for /home/kathan/Kathan/Kavia AI/graphnode-backend-api/data/rdk7542/9084/b7977ho/wesnoth-9084/src/boilerplate-header.cpp
2026-02-02 12:32:11,584 - Knowledge - INFO - Processing batch of 4 files
2026-02-02 12:32:11,584 - Knowledge - INFO - process ingested knowledge for /home/kathan/Kathan/Kavia AI/graphnode-backend-api/data/rdk7542/9084/b7977ho/wesnoth-9084/src/server/metrics.cpp
2026-02-02 12:32:11,645 - Knowledge - INFO - [WEBSOCKET] Sent: Type=progress_update, Size: 293, Duration: 0ms
2026-02-02 12:32:11,647 - Knowledge - INFO - [LLM_CALL] Completed: replay.cpp:chunk1, Duration: 84015ms, PromptTokens: 13742, CompletionTokens: 1761, Cost: $0.00208
2026-02-02 12:32:11,647 - Knowledge - INFO - done ingest for /home/kathan/Kathan/Kavia AI/graphnode-backend-api/data/rdk7542/9084/b7977ho/wesnoth-9084/src/replay.cpp
2026-02-02 12:32:11,702 - Knowledge - INFO - [WEBSOCKET] Sent: Type=unknown, Size: ?, Duration: 57ms
2026-02-02 12:32:11,733 - Knowledge - INFO - Progress: 85.4% | Files: 405/474 | Rate: 1.22 files/sec | Queue: 10
2026-02-02 12:32:11,806 - Knowledge - INFO - [LLM_CALL] Completed: textbox.cpp:chunk1, Duration: 63684ms, PromptTokens: 8714, CompletionTokens: 792, Cost: $0.00119
2026-02-02 12:32:11,842 - Knowledge - INFO - done ingest for /home/kathan/Kathan/Kavia AI/graphnode-backend-api/data/rdk7542/9084/b7977ho/wesnoth-9084/src/widgets/textbox.cpp
2026-02-02 12:32:12,305 - Knowledge - INFO - process ingested knowledge for /home/kathan/Kathan/Kavia AI/graphnode-backend-api/data/rdk7542/9084/b7977ho/wesnoth-9084/src/server/player.cpp
2026-02-02 12:32:12,349 - Knowledge - INFO - [LLM_CALL] Completed: font.cpp:chunk1, Duration: 59737ms, PromptTokens: 24240, CompletionTokens: 1084, Cost: $0.00286
2026-02-02 12:32:12,349 - Knowledge - INFO - done ingest for /home/kathan/Kathan/Kavia AI/graphnode-backend-api/data/rdk7542/9084/b7977ho/wesnoth-9084/src/font.cpp
2026-02-02 12:32:12,808 - Knowledge - INFO - [kw13] Queue=10, InProgress=0, PendingWorkers=20/20, Completed=407/474 (85.9%)
2026-02-02 12:32:12,815 - Knowledge - INFO - Batch sizing: calculated=4, max_allowed=10, queue=10, active_workers=20/20
2026-02-02 12:32:13,138 - Knowledge - INFO - process ingested knowledge for /home/kathan/Kathan/Kavia AI/graphnode-backend-api/data/rdk7542/9084/b7977ho/wesnoth-9084/src/server/player.hpp
2026-02-02 12:32:13,919 - Knowledge - INFO - Async storing batch of 4 embeddings
2026-02-02 12:32:13,919 - Knowledge - INFO - Worker kw13 processing /home/kathan/Kathan/Kavia AI/graphnode-backend-api/data/rdk7542/9084/b7977ho/wesnoth-9084/src/tools/exploder.cpp
2026-02-02 12:32:13,986 - Knowledge - INFO - Fast-tracked /home/kathan/Kathan/Kavia AI/graphnode-backend-api/data/rdk7542/9084/b7977ho/wesnoth-9084/src/tools/exploder.cpp (ext=.cpp, size=1652)
2026-02-02 12:32:13,986 - Knowledge - INFO - Worker kw13 processing /home/kathan/Kathan/Kavia AI/graphnode-backend-api/data/rdk7542/9084/b7977ho/wesnoth-9084/src/multiplayer_ui.cpp
2026-02-02 12:32:14,037 - Knowledge - INFO - [kw6] Queue=6, InProgress=0, PendingWorkers=20/20, Completed=409/474 (86.3%)
2026-02-02 12:32:14,062 - Knowledge - INFO - process ingested knowledge for /home/kathan/Kathan/Kavia AI/graphnode-backend-api/data/rdk7542/9084/b7977ho/wesnoth-9084/src/server/server.cpp
2026-02-02 12:32:14,073 - Knowledge - INFO - Batch sizing: calculated=4, max_allowed=10, queue=6, active_workers=20/20
2026-02-02 12:32:14,245 - Knowledge - INFO - [LLM_CALL] Completed: multiplayer_wait.cpp:chunk1, Duration: 38381ms, PromptTokens: 6918, CompletionTokens: 891, Cost: $0.00105
2026-02-02 12:32:14,252 - Knowledge - INFO - Worker kw13 processing /home/kathan/Kathan/Kavia AI/graphnode-backend-api/data/rdk7542/9084/b7977ho/wesnoth-9084/src/unit.hpp
2026-02-02 12:32:14,252 - Knowledge - INFO - done ingest for /home/kathan/Kathan/Kavia AI/graphnode-backend-api/data/rdk7542/9084/b7977ho/wesnoth-9084/src/multiplayer_wait.cpp
2026-02-02 12:32:14,495 - Knowledge - INFO - Worker kw13 processing /home/kathan/Kathan/Kavia AI/graphnode-backend-api/data/rdk7542/9084/b7977ho/wesnoth-9084/src/theme.cpp
2026-02-02 12:32:14,772 - Knowledge - INFO - Async storage completed for 4 embeddings
2026-02-02 12:32:16,864 - Knowledge - INFO - Processing batch of 4 files
2026-02-02 12:32:16,864 - Knowledge - INFO - process ingested knowledge for /home/kathan/Kathan/Kavia AI/graphnode-backend-api/data/rdk7542/9084/b7977ho/wesnoth-9084/src/mapgen.hpp
2026-02-02 12:32:17,278 - Knowledge - INFO - Async storing batch of 5 embeddings
2026-02-02 12:32:17,278 - Knowledge - INFO - Worker kw6 processing /home/kathan/Kathan/Kavia AI/graphnode-backend-api/data/rdk7542/9084/b7977ho/wesnoth-9084/src/terrain.cpp
2026-02-02 12:32:17,381 - Knowledge - INFO - Worker kw6 processing /home/kathan/Kathan/Kavia AI/graphnode-backend-api/data/rdk7542/9084/b7977ho/wesnoth-9084/src/mapgen_dialog.hpp
2026-02-02 12:32:17,429 - Knowledge - INFO - Fast-tracked /home/kathan/Kathan/Kavia AI/graphnode-backend-api/data/rdk7542/9084/b7977ho/wesnoth-9084/src/mapgen_dialog.hpp (ext=.hpp, size=1178)
2026-02-02 12:32:17,551 - Knowledge - INFO - Worker kw6 processing /home/kathan/Kathan/Kavia AI/graphnode-backend-api/data/rdk7542/9084/b7977ho/wesnoth-9084/src/tooltips.hpp
2026-02-02 12:32:17,565 - Knowledge - INFO - Fast-tracked /home/kathan/Kathan/Kavia AI/graphnode-backend-api/data/rdk7542/9084/b7977ho/wesnoth-9084/src/tooltips.hpp (ext=.hpp, size=1049)
2026-02-02 12:32:17,754 - Knowledge - INFO - Worker kw6 processing /home/kathan/Kathan/Kavia AI/graphnode-backend-api/data/rdk7542/9084/b7977ho/wesnoth-9084/tools/castle-cutter/mk-castle.sh
2026-02-02 12:32:17,825 - Knowledge - INFO - Fast-tracked /home/kathan/Kathan/Kavia AI/graphnode-backend-api/data/rdk7542/9084/b7977ho/wesnoth-9084/tools/castle-cutter/mk-castle.sh (small file (2726 bytes))
2026-02-02 12:32:17,924 - Knowledge - INFO - Async storage completed for 5 embeddings
2026-02-02 12:32:17,976 - Knowledge - INFO - process ingested knowledge for /home/kathan/Kathan/Kavia AI/graphnode-backend-api/data/rdk7542/9084/b7977ho/wesnoth-9084/src/server/game.hpp
2026-02-02 12:32:18,242 - Knowledge - INFO - Processing batch of 4 files
2026-02-02 12:32:18,247 - Knowledge - INFO - process ingested knowledge for /home/kathan/Kathan/Kavia AI/graphnode-backend-api/data/rdk7542/9084/b7977ho/wesnoth-9084/src/widgets/textbox.cpp
2026-02-02 12:32:20,910 - Knowledge - INFO - process ingested knowledge for /home/kathan/Kathan/Kavia AI/graphnode-backend-api/data/rdk7542/9084/b7977ho/wesnoth-9084/src/server/input_stream.cpp
2026-02-02 12:32:20,954 - Knowledge - INFO - process ingested knowledge for /home/kathan/Kathan/Kavia AI/graphnode-backend-api/data/rdk7542/9084/b7977ho/wesnoth-9084/src/widgets/widget.cpp
2026-02-02 12:32:21,499 - Knowledge - INFO - Processing batch of 4 files
2026-02-02 12:32:21,499 - Knowledge - INFO - process ingested knowledge for /home/kathan/Kathan/Kavia AI/graphnode-backend-api/data/rdk7542/9084/b7977ho/wesnoth-9084/src/map_create.hpp
2026-02-02 12:32:21,607 - Knowledge - INFO - Processing batch of 5 files
2026-02-02 12:32:21,607 - Knowledge - INFO - process ingested knowledge for /home/kathan/Kathan/Kavia AI/graphnode-backend-api/data/rdk7542/9084/b7977ho/wesnoth-9084/src/serialization/parser.cpp
2026-02-02 12:32:21,639 - Knowledge - INFO - [LLM_CALL] Completed: exploder_cutter.cpp:chunk1, Duration: 17743ms, PromptTokens: 3004, CompletionTokens: 551, Cost: $0.00052
2026-02-02 12:32:21,639 - Knowledge - INFO - done ingest for /home/kathan/Kathan/Kavia AI/graphnode-backend-api/data/rdk7542/9084/b7977ho/wesnoth-9084/src/tools/exploder_cutter.cpp
2026-02-02 12:32:22,395 - Knowledge - INFO - [LLM_CALL] Completed: exploder_utils.cpp:chunk1, Duration: 21781ms, PromptTokens: 4262, CompletionTokens: 675, Cost: $0.00070
2026-02-02 12:32:22,571 - Knowledge - INFO - done ingest for /home/kathan/Kathan/Kavia AI/graphnode-backend-api/data/rdk7542/9084/b7977ho/wesnoth-9084/src/tools/exploder_utils.cpp
2026-02-02 12:32:22,908 - Knowledge - INFO - process ingested knowledge for /home/kathan/Kathan/Kavia AI/graphnode-backend-api/data/rdk7542/9084/b7977ho/wesnoth-9084/src/server/metrics.hpp
2026-02-02 12:32:23,923 - Knowledge - INFO - [WEBSOCKET] Sent: Type=progress_update, Size: 291, Duration: 0ms
2026-02-02 12:32:24,020 - Knowledge - INFO - process ingested knowledge for /home/kathan/Kathan/Kavia AI/graphnode-backend-api/data/rdk7542/9084/b7977ho/wesnoth-9084/src/replay.cpp
2026-02-02 12:32:24,071 - Knowledge - INFO - [WEBSOCKET] Sent: Type=unknown, Size: ?, Duration: 148ms
2026-02-02 12:32:24,071 - Knowledge - INFO - Progress: 88.6% | Files: 420/474 | Rate: 1.23 files/sec | Queue: 2
2026-02-02 12:32:24,147 - Knowledge - INFO - process ingested knowledge for /home/kathan/Kathan/Kavia AI/graphnode-backend-api/data/rdk7542/9084/b7977ho/wesnoth-9084/src/widgets/slider.hpp
2026-02-02 12:32:25,127 - Knowledge - INFO - [kw8] Queue=2, InProgress=0, PendingWorkers=20/20, Completed=422/474 (89.0%)
2026-02-02 12:32:25,127 - Knowledge - INFO - Batch sizing: calculated=2, max_allowed=10, queue=2, active_workers=20/20
2026-02-02 12:32:26,068 - Knowledge - INFO - process ingested knowledge for /home/kathan/Kathan/Kavia AI/graphnode-backend-api/data/rdk7542/9084/b7977ho/wesnoth-9084/src/serialization/string_utils.cpp
2026-02-02 12:32:26,150 - Knowledge - INFO - process ingested knowledge for /home/kathan/Kathan/Kavia AI/graphnode-backend-api/data/rdk7542/9084/b7977ho/wesnoth-9084/src/widgets/scrollarea.cpp
2026-02-02 12:32:26,236 - Knowledge - INFO - [LLM_CALL] Completed: sdl_utils.hpp:chunk1, Duration: 50627ms, PromptTokens: 3746, CompletionTokens: 647, Cost: $0.00063
2026-02-02 12:32:26,236 - Knowledge - INFO - done ingest for /home/kathan/Kathan/Kavia AI/graphnode-backend-api/data/rdk7542/9084/b7977ho/wesnoth-9084/src/sdl_utils.hpp
2026-02-02 12:32:26,771 - Knowledge - INFO - Async storing batch of 5 embeddings
2026-02-02 12:32:26,776 - Knowledge - INFO - Worker kw8 processing /home/kathan/Kathan/Kavia AI/graphnode-backend-api/data/rdk7542/9084/b7977ho/wesnoth-9084/tools/castle-cutter/mk-all-castles.sh
2026-02-02 12:32:26,825 - Knowledge - INFO - Fast-tracked /home/kathan/Kathan/Kavia AI/graphnode-backend-api/data/rdk7542/9084/b7977ho/wesnoth-9084/tools/castle-cutter/mk-all-castles.sh (ext=.sh, size=329)
2026-02-02 12:32:26,825 - Knowledge - INFO - Worker kw8 processing /home/kathan/Kathan/Kavia AI/graphnode-backend-api/data/rdk7542/9084/b7977ho/wesnoth-9084/tools/mk-edges.pl
2026-02-02 12:32:26,825 - Knowledge - INFO - Fast-tracked /home/kathan/Kathan/Kavia AI/graphnode-backend-api/data/rdk7542/9084/b7977ho/wesnoth-9084/tools/mk-edges.pl (ext=.pl, size=650)
2026-02-02 12:32:27,418 - Knowledge - INFO - [LLM_CALL] Completed: network.cpp:chunk1, Duration: 74343ms, PromptTokens: 10136, CompletionTokens: 1604, Cost: $0.00166
2026-02-02 12:32:27,429 - Knowledge - INFO - done ingest for /home/kathan/Kathan/Kavia AI/graphnode-backend-api/data/rdk7542/9084/b7977ho/wesnoth-9084/src/network.cpp
2026-02-02 12:32:27,607 - Knowledge - INFO - process ingested knowledge for /home/kathan/Kathan/Kavia AI/graphnode-backend-api/data/rdk7542/9084/b7977ho/wesnoth-9084/src/sound.hpp
2026-02-02 12:32:27,625 - Knowledge - INFO - process ingested knowledge for /home/kathan/Kathan/Kavia AI/graphnode-backend-api/data/rdk7542/9084/b7977ho/wesnoth-9084/src/serialization/binary_wml.cpp
2026-02-02 12:32:28,302 - Knowledge - INFO - Processing batch of 2 files
2026-02-02 12:32:28,316 - Knowledge - INFO - process ingested knowledge for /home/kathan/Kathan/Kavia AI/graphnode-backend-api/data/rdk7542/9084/b7977ho/wesnoth-9084/tools/castle-cutter/mk-all-castles.sh
2026-02-02 12:32:28,625 - Knowledge - INFO - process ingested knowledge for /home/kathan/Kathan/Kavia AI/graphnode-backend-api/data/rdk7542/9084/b7977ho/wesnoth-9084/tools/mk-edges.pl
2026-02-02 12:32:29,425 - Knowledge - INFO - [LLM_CALL] Completed: game.cpp:chunk1, Duration: 52897ms, PromptTokens: 9866, CompletionTokens: 531, Cost: $0.00120
2026-02-02 12:32:29,430 - Knowledge - INFO - done ingest for /home/kathan/Kathan/Kavia AI/graphnode-backend-api/data/rdk7542/9084/b7977ho/wesnoth-9084/src/server/game.cpp
2026-02-02 12:32:29,436 - Knowledge - INFO - process ingested knowledge for /home/kathan/Kathan/Kavia AI/graphnode-backend-api/data/rdk7542/9084/b7977ho/wesnoth-9084/src/serialization/tokenizer.cpp
2026-02-02 12:32:30,414 - Knowledge - INFO - [LLM_CALL] Completed: pathfind.cpp:chunk1, Duration: 37345ms, PromptTokens: 10528, CompletionTokens: 1211, Cost: $0.00154
2026-02-02 12:32:30,414 - Knowledge - INFO - done ingest for /home/kathan/Kathan/Kavia AI/graphnode-backend-api/data/rdk7542/9084/b7977ho/wesnoth-9084/src/pathfind.cpp
2026-02-02 12:32:31,522 - Knowledge - INFO - process ingested knowledge for /home/kathan/Kathan/Kavia AI/graphnode-backend-api/data/rdk7542/9084/b7977ho/wesnoth-9084/src/video.hpp
2026-02-02 12:32:31,741 - Knowledge - INFO - done ingest for /home/kathan/Kathan/Kavia AI/graphnode-backend-api/data/rdk7542/9084/b7977ho/wesnoth-9084/src/game.cpp
2026-02-02 12:32:31,877 - Knowledge - INFO - [LLM_CALL] Completed: image.cpp:chunk1, Duration: 38203ms, PromptTokens: 9848, CompletionTokens: 1202, Cost: $0.00147
2026-02-02 12:32:32,014 - Knowledge - INFO - done ingest for /home/kathan/Kathan/Kavia AI/graphnode-backend-api/data/rdk7542/9084/b7977ho/wesnoth-9084/src/image.cpp
2026-02-02 12:32:32,361 - Knowledge - INFO - Processing batch of 4 files
2026-02-02 12:32:32,391 - Knowledge - INFO - process ingested knowledge for /home/kathan/Kathan/Kavia AI/graphnode-backend-api/data/rdk7542/9084/b7977ho/wesnoth-9084/src/tools/exploder_cutter.hpp
2026-02-02 12:32:32,737 - Knowledge - INFO - Processing batch of 4 files
2026-02-02 12:32:32,737 - Knowledge - INFO - process ingested knowledge for /home/kathan/Kathan/Kavia AI/graphnode-backend-api/data/rdk7542/9084/b7977ho/wesnoth-9084/src/tools/key_test.cpp
2026-02-02 12:32:33,079 - Knowledge - INFO - [LLM_CALL] Completed: menu.cpp:chunk1, Duration: 92345ms, PromptTokens: 14780, CompletionTokens: 2110, Cost: $0.00232
2026-02-02 12:32:33,079 - Knowledge - INFO - done ingest for /home/kathan/Kathan/Kavia AI/graphnode-backend-api/data/rdk7542/9084/b7977ho/wesnoth-9084/src/widgets/menu.cpp
2026-02-02 12:32:33,269 - Knowledge - INFO - process ingested knowledge for /home/kathan/Kathan/Kavia AI/graphnode-backend-api/data/rdk7542/9084/b7977ho/wesnoth-9084/src/tools/exploder_cutter.cpp
2026-02-02 12:32:34,091 - Knowledge - INFO - process ingested knowledge for /home/kathan/Kathan/Kavia AI/graphnode-backend-api/data/rdk7542/9084/b7977ho/wesnoth-9084/src/tools/exploder_composer.hpp
2026-02-02 12:32:34,272 - Knowledge - INFO - process ingested knowledge for /home/kathan/Kathan/Kavia AI/graphnode-backend-api/data/rdk7542/9084/b7977ho/wesnoth-9084/src/tools/dummy_video.cpp
2026-02-02 12:32:34,295 - Knowledge - INFO - [WEBSOCKET] Sent: Type=progress_update, Size: 273, Duration: 0ms
2026-02-02 12:32:34,327 - Knowledge - INFO - process ingested knowledge for /home/kathan/Kathan/Kavia AI/graphnode-backend-api/data/rdk7542/9084/b7977ho/wesnoth-9084/src/tools/cutter.cpp
2026-02-02 12:32:34,492 - Knowledge - INFO - [WEBSOCKET] Sent: Type=unknown, Size: ?, Duration: 197ms
2026-02-02 12:32:34,643 - Knowledge - INFO - Progress: 91.4% | Files: 435/474 | Rate: 1.23 files/sec | Queue: 0
2026-02-02 12:32:34,994 - Knowledge - INFO - process ingested knowledge for /home/kathan/Kathan/Kavia AI/graphnode-backend-api/data/rdk7542/9084/b7977ho/wesnoth-9084/src/serialization/preprocessor.cpp
2026-02-02 12:32:35,279 - Knowledge - INFO - process ingested knowledge for /home/kathan/Kathan/Kavia AI/graphnode-backend-api/data/rdk7542/9084/b7977ho/wesnoth-9084/src/tools/exploder_utils.cpp
2026-02-02 12:32:37,976 - Knowledge - INFO - Processing batch of 4 files
2026-02-02 12:32:37,977 - Knowledge - INFO - process ingested knowledge for /home/kathan/Kathan/Kavia AI/graphnode-backend-api/data/rdk7542/9084/b7977ho/wesnoth-9084/src/log.hpp
2026-02-02 12:32:38,211 - Knowledge - INFO - Processing batch of 4 files
2026-02-02 12:32:38,213 - Knowledge - INFO - process ingested knowledge for /home/kathan/Kathan/Kavia AI/graphnode-backend-api/data/rdk7542/9084/b7977ho/wesnoth-9084/src/gettext.hpp
2026-02-02 12:32:38,757 - Knowledge - INFO - process ingested knowledge for /home/kathan/Kathan/Kavia AI/graphnode-backend-api/data/rdk7542/9084/b7977ho/wesnoth-9084/src/tools/exploder_composer.cpp
2026-02-02 12:32:38,791 - Knowledge - INFO - process ingested knowledge for /home/kathan/Kathan/Kavia AI/graphnode-backend-api/data/rdk7542/9084/b7977ho/wesnoth-9084/src/game.cpp
2026-02-02 12:32:38,989 - Knowledge - INFO - Processing batch of 4 files
2026-02-02 12:32:38,994 - Knowledge - INFO - process ingested knowledge for /home/kathan/Kathan/Kavia AI/graphnode-backend-api/data/rdk7542/9084/b7977ho/wesnoth-9084/src/game_config.hpp
2026-02-02 12:32:39,495 - Knowledge - INFO - process ingested knowledge for /home/kathan/Kathan/Kavia AI/graphnode-backend-api/data/rdk7542/9084/b7977ho/wesnoth-9084/src/pathfind.cpp
2026-02-02 12:32:39,712 - Knowledge - INFO - [LLM_CALL] Completed: playcampaign.cpp:chunk1, Duration: 86294ms, PromptTokens: 5452, CompletionTokens: 455, Cost: $0.00073
2026-02-02 12:32:39,712 - Knowledge - INFO - done ingest for /home/kathan/Kathan/Kavia AI/graphnode-backend-api/data/rdk7542/9084/b7977ho/wesnoth-9084/src/playcampaign.cpp
2026-02-02 12:32:40,181 - Knowledge - INFO - process ingested knowledge for /home/kathan/Kathan/Kavia AI/graphnode-backend-api/data/rdk7542/9084/b7977ho/wesnoth-9084/src/cursor.hpp
2026-02-02 12:32:40,196 - Knowledge - INFO - process ingested knowledge for /home/kathan/Kathan/Kavia AI/graphnode-backend-api/data/rdk7542/9084/b7977ho/wesnoth-9084/src/wml_separators.hpp
2026-02-02 12:32:40,605 - Knowledge - INFO - [WEBSOCKET] Sent: Type=progress_update, Size: 273, Duration: 0ms
2026-02-02 12:32:40,675 - Knowledge - INFO - process ingested knowledge for /home/kathan/Kathan/Kavia AI/graphnode-backend-api/data/rdk7542/9084/b7977ho/wesnoth-9084/src/astarnode.hpp
2026-02-02 12:32:40,686 - Knowledge - INFO - [WEBSOCKET] Sent: Type=unknown, Size: ?, Duration: 80ms
2026-02-02 12:32:40,746 - Knowledge - INFO - Progress: 93.5% | Files: 444/474 | Rate: 1.24 files/sec | Queue: 0
2026-02-02 12:32:41,399 - Knowledge - INFO - process ingested knowledge for /home/kathan/Kathan/Kavia AI/graphnode-backend-api/data/rdk7542/9084/b7977ho/wesnoth-9084/src/playlevel.hpp
2026-02-02 12:32:41,441 - Knowledge - INFO - process ingested knowledge for /home/kathan/Kathan/Kavia AI/graphnode-backend-api/data/rdk7542/9084/b7977ho/wesnoth-9084/src/playturn.hpp
2026-02-02 12:32:41,894 - Knowledge - INFO - process ingested knowledge for /home/kathan/Kathan/Kavia AI/graphnode-backend-api/data/rdk7542/9084/b7977ho/wesnoth-9084/src/image.cpp
2026-02-02 12:32:42,589 - Knowledge - INFO - [LLM_CALL] Completed: terrain.cpp:chunk1, Duration: 25294ms, PromptTokens: 2390, CompletionTokens: 941, Cost: $0.00062
2026-02-02 12:32:42,595 - Knowledge - INFO - done ingest for /home/kathan/Kathan/Kavia AI/graphnode-backend-api/data/rdk7542/9084/b7977ho/wesnoth-9084/src/terrain.cpp
2026-02-02 12:32:43,816 - Knowledge - INFO - process ingested knowledge for /home/kathan/Kathan/Kavia AI/graphnode-backend-api/data/rdk7542/9084/b7977ho/wesnoth-9084/src/map_create.cpp
2026-02-02 12:32:45,205 - Knowledge - INFO - [LLM_CALL] Completed: animated.cpp:chunk1, Duration: 69415ms, PromptTokens: 4416, CompletionTokens: 670, Cost: $0.00071
2026-02-02 12:32:45,216 - Knowledge - INFO - done ingest for /home/kathan/Kathan/Kavia AI/graphnode-backend-api/data/rdk7542/9084/b7977ho/wesnoth-9084/src/animated.cpp
2026-02-02 12:32:45,286 - Knowledge - INFO - Processing batch of 4 files
2026-02-02 12:32:45,286 - Knowledge - INFO - process ingested knowledge for /home/kathan/Kathan/Kavia AI/graphnode-backend-api/data/rdk7542/9084/b7977ho/wesnoth-9084/src/widgets/label.cpp
2026-02-02 12:32:45,736 - Knowledge - INFO - [LLM_CALL] Completed: map.hpp:chunk1, Duration: 52856ms, PromptTokens: 4218, CompletionTokens: 905, Cost: $0.00078
2026-02-02 12:32:45,736 - Knowledge - INFO - done ingest for /home/kathan/Kathan/Kavia AI/graphnode-backend-api/data/rdk7542/9084/b7977ho/wesnoth-9084/src/map.hpp
2026-02-02 12:32:46,428 - Knowledge - INFO - [LLM_CALL] Completed: unit_display.cpp:chunk1, Duration: 70056ms, PromptTokens: 16900, CompletionTokens: 849, Cost: $0.00203
2026-02-02 12:32:46,428 - Knowledge - INFO - done ingest for /home/kathan/Kathan/Kavia AI/graphnode-backend-api/data/rdk7542/9084/b7977ho/wesnoth-9084/src/unit_display.cpp
2026-02-02 12:32:48,090 - Knowledge - INFO - process ingested knowledge for /home/kathan/Kathan/Kavia AI/graphnode-backend-api/data/rdk7542/9084/b7977ho/wesnoth-9084/src/widgets/scrollpane.hpp
2026-02-02 12:32:48,129 - Knowledge - INFO - process ingested knowledge for /home/kathan/Kathan/Kavia AI/graphnode-backend-api/data/rdk7542/9084/b7977ho/wesnoth-9084/src/widgets/menu.cpp
2026-02-02 12:32:48,386 - Knowledge - INFO - process ingested knowledge for /home/kathan/Kathan/Kavia AI/graphnode-backend-api/data/rdk7542/9084/b7977ho/wesnoth-9084/src/widgets/file_chooser.cpp
2026-02-02 12:32:49,354 - Knowledge - INFO - Processing batch of 4 files
2026-02-02 12:32:49,354 - Knowledge - INFO - process ingested knowledge for /home/kathan/Kathan/Kavia AI/graphnode-backend-api/data/rdk7542/9084/b7977ho/wesnoth-9084/src/widgets/label.hpp
2026-02-02 12:32:49,410 - Knowledge - INFO - [WEBSOCKET] Sent: Type=progress_update, Size: 273, Duration: 0ms
2026-02-02 12:32:49,451 - Knowledge - INFO - [WEBSOCKET] Sent: Type=unknown, Size: ?, Duration: 42ms
2026-02-02 12:32:49,475 - Knowledge - INFO - Progress: 95.6% | Files: 453/474 | Rate: 1.23 files/sec | Queue: 0
2026-02-02 12:32:49,502 - Knowledge - INFO - process ingested knowledge for /home/kathan/Kathan/Kavia AI/graphnode-backend-api/data/rdk7542/9084/b7977ho/wesnoth-9084/src/font.cpp
2026-02-02 12:32:49,782 - Knowledge - INFO - [LLM_CALL] Completed: multiplayer_ui.cpp:chunk1, Duration: 35604ms, PromptTokens: 5720, CompletionTokens: 1128, Cost: $0.00102
2026-02-02 12:32:49,792 - Knowledge - INFO - done ingest for /home/kathan/Kathan/Kavia AI/graphnode-backend-api/data/rdk7542/9084/b7977ho/wesnoth-9084/src/multiplayer_ui.cpp
2026-02-02 12:32:49,839 - Knowledge - INFO - process ingested knowledge for /home/kathan/Kathan/Kavia AI/graphnode-backend-api/data/rdk7542/9084/b7977ho/wesnoth-9084/src/network.cpp
2026-02-02 12:32:50,064 - Knowledge - INFO - Processing batch of 4 files
2026-02-02 12:32:50,065 - Knowledge - INFO - process ingested knowledge for /home/kathan/Kathan/Kavia AI/graphnode-backend-api/data/rdk7542/9084/b7977ho/wesnoth-9084/src/terrain.cpp
2026-02-02 12:32:50,164 - Knowledge - INFO - [LLM_CALL] Completed: team.hpp:chunk1, Duration: 56684ms, PromptTokens: 3916, CompletionTokens: 2020, Cost: $0.00120
2026-02-02 12:32:50,165 - Knowledge - INFO - done ingest for /home/kathan/Kathan/Kavia AI/graphnode-backend-api/data/rdk7542/9084/b7977ho/wesnoth-9084/src/team.hpp
2026-02-02 12:32:52,329 - Knowledge - INFO - process ingested knowledge for /home/kathan/Kathan/Kavia AI/graphnode-backend-api/data/rdk7542/9084/b7977ho/wesnoth-9084/src/playcampaign.cpp
2026-02-02 12:32:52,523 - Knowledge - INFO - process ingested knowledge for /home/kathan/Kathan/Kavia AI/graphnode-backend-api/data/rdk7542/9084/b7977ho/wesnoth-9084/src/mapgen_dialog.hpp
2026-02-02 12:32:52,592 - Knowledge - INFO - Processing batch of 4 files
2026-02-02 12:32:52,592 - Knowledge - INFO - process ingested knowledge for /home/kathan/Kathan/Kavia AI/graphnode-backend-api/data/rdk7542/9084/b7977ho/wesnoth-9084/src/server/game.cpp
2026-02-02 12:32:53,902 - Knowledge - INFO - [LLM_CALL] Completed: help.cpp:chunk1, Duration: 59183ms, PromptTokens: 17234, CompletionTokens: 1467, Cost: $0.00231
2026-02-02 12:32:53,956 - Knowledge - INFO - process ingested knowledge for /home/kathan/Kathan/Kavia AI/graphnode-backend-api/data/rdk7542/9084/b7977ho/wesnoth-9084/src/sdl_utils.hpp
2026-02-02 12:32:54,113 - Knowledge - INFO - process ingested knowledge for /home/kathan/Kathan/Kavia AI/graphnode-backend-api/data/rdk7542/9084/b7977ho/wesnoth-9084/src/animated.cpp
2026-02-02 12:32:54,206 - Knowledge - INFO - process ingested knowledge for /home/kathan/Kathan/Kavia AI/graphnode-backend-api/data/rdk7542/9084/b7977ho/wesnoth-9084/src/unit_display.cpp
2026-02-02 12:32:54,228 - Knowledge - INFO - process ingested knowledge for /home/kathan/Kathan/Kavia AI/graphnode-backend-api/data/rdk7542/9084/b7977ho/wesnoth-9084/src/tooltips.hpp
2026-02-02 12:32:54,920 - Knowledge - INFO - process ingested knowledge for /home/kathan/Kathan/Kavia AI/graphnode-backend-api/data/rdk7542/9084/b7977ho/wesnoth-9084/tools/castle-cutter/mk-castle.sh
2026-02-02 12:32:57,938 - Knowledge - INFO - [LLM_CALL] Completed: unit.hpp:chunk1, Duration: 43450ms, PromptTokens: 4778, CompletionTokens: 2545, Cost: $0.00150
2026-02-02 12:32:57,939 - Knowledge - INFO - done ingest for /home/kathan/Kathan/Kavia AI/graphnode-backend-api/data/rdk7542/9084/b7977ho/wesnoth-9084/src/unit.hpp
2026-02-02 12:33:08,896 - Knowledge - INFO - [LLM_CALL] Completed: theme.cpp:chunk1, Duration: 54126ms, PromptTokens: 10282, CompletionTokens: 882, Cost: $0.00138
2026-02-02 12:33:08,896 - Knowledge - INFO - done ingest for /home/kathan/Kathan/Kavia AI/graphnode-backend-api/data/rdk7542/9084/b7977ho/wesnoth-9084/src/theme.cpp
2026-02-02 12:33:09,934 - Knowledge - INFO - [LLM_CALL] Completed: playlevel.cpp:chunk1, Duration: 75016ms, PromptTokens: 16642, CompletionTokens: 8000, Cost: $0.00486
2026-02-02 12:33:09,936 - Knowledge - ERROR - Failed to parse LLM response as JSON for /home/kathan/Kathan/Kavia AI/graphnode-backend-api/data/rdk7542/9084/b7977ho/wesnoth-9084/src/playlevel.cpp, chunk 1
2026-02-02 12:33:09,937 - Knowledge - INFO - done ingest for /home/kathan/Kathan/Kavia AI/graphnode-backend-api/data/rdk7542/9084/b7977ho/wesnoth-9084/src/playlevel.cpp
2026-02-02 12:33:09,972 - Knowledge - INFO - Processing batch of 4 files
2026-02-02 12:33:09,972 - Knowledge - INFO - process ingested knowledge for /home/kathan/Kathan/Kavia AI/graphnode-backend-api/data/rdk7542/9084/b7977ho/wesnoth-9084/src/tools/exploder.cpp
2026-02-02 12:33:09,973 - Knowledge - INFO - process ingested knowledge for /home/kathan/Kathan/Kavia AI/graphnode-backend-api/data/rdk7542/9084/b7977ho/wesnoth-9084/src/multiplayer_ui.cpp
2026-02-02 12:33:09,975 - Knowledge - INFO - process ingested knowledge for /home/kathan/Kathan/Kavia AI/graphnode-backend-api/data/rdk7542/9084/b7977ho/wesnoth-9084/src/unit.hpp
2026-02-02 12:33:09,978 - Knowledge - INFO - process ingested knowledge for /home/kathan/Kathan/Kavia AI/graphnode-backend-api/data/rdk7542/9084/b7977ho/wesnoth-9084/src/theme.cpp
2026-02-02 12:33:09,985 - Knowledge - INFO - Processing batch of 4 files
2026-02-02 12:33:09,985 - Knowledge - INFO - process ingested knowledge for /home/kathan/Kathan/Kavia AI/graphnode-backend-api/data/rdk7542/9084/b7977ho/wesnoth-9084/src/multiplayer_wait.hpp
2026-02-02 12:33:09,999 - Knowledge - WARNING - Timeout processing /home/kathan/Kathan/Kavia AI/graphnode-backend-api/data/rdk7542/9084/b7977ho/wesnoth-9084/src/clipboard.cpp after 90s - using fallback metadata
2026-02-02 12:33:10,010 - Knowledge - WARNING - Timeout processing /home/kathan/Kathan/Kavia AI/graphnode-backend-api/data/rdk7542/9084/b7977ho/wesnoth-9084/src/display.cpp after 90s - using fallback metadata
2026-02-02 12:33:10,058 - Knowledge - INFO - process ingested knowledge for /home/kathan/Kathan/Kavia AI/graphnode-backend-api/data/rdk7542/9084/b7977ho/wesnoth-9084/src/log.cpp
2026-02-02 12:33:10,060 - Knowledge - INFO - process ingested knowledge for /home/kathan/Kathan/Kavia AI/graphnode-backend-api/data/rdk7542/9084/b7977ho/wesnoth-9084/src/playlevel.cpp
2026-02-02 12:33:10,060 - Knowledge - INFO - process ingested knowledge for /home/kathan/Kathan/Kavia AI/graphnode-backend-api/data/rdk7542/9084/b7977ho/wesnoth-9084/src/tools/exploder_utils.hpp
2026-02-02 12:33:10,133 - Knowledge - INFO - Processing batch of 4 files
2026-02-02 12:33:10,134 - Knowledge - INFO - process ingested knowledge for /home/kathan/Kathan/Kavia AI/graphnode-backend-api/data/rdk7542/9084/b7977ho/wesnoth-9084/src/terrain.hpp
2026-02-02 12:33:10,157 - Knowledge - INFO - process ingested knowledge for /home/kathan/Kathan/Kavia AI/graphnode-backend-api/data/rdk7542/9084/b7977ho/wesnoth-9084/src/display.cpp
2026-02-02 12:33:10,162 - Knowledge - INFO - process ingested knowledge for /home/kathan/Kathan/Kavia AI/graphnode-backend-api/data/rdk7542/9084/b7977ho/wesnoth-9084/src/clipboard.cpp
2026-02-02 12:33:10,165 - Knowledge - INFO - process ingested knowledge for /home/kathan/Kathan/Kavia AI/graphnode-backend-api/data/rdk7542/9084/b7977ho/wesnoth-9084/src/multiplayer_wait.cpp
2026-02-02 12:33:10,258 - Knowledge - INFO - [WEBSOCKET] Sent: Type=progress_update, Size: 274, Duration: 0ms
2026-02-02 12:33:10,259 - Knowledge - INFO - [WEBSOCKET] Sent: Type=unknown, Size: ?, Duration: 1ms
2026-02-02 12:33:10,259 - Knowledge - INFO - Progress: 99.2% | Files: 470/474 | Rate: 1.20 files/sec | Queue: 0
2026-02-02 12:33:11,605 - Knowledge - INFO - [LLM_CALL] Completed: help.cpp:chunk2, Duration: 17703ms, PromptTokens: 20950, CompletionTokens: 1467, Cost: $0.00268
2026-02-02 12:33:24,318 - Knowledge - WARNING - Timeout processing /home/kathan/Kathan/Kavia AI/graphnode-backend-api/data/rdk7542/9084/b7977ho/wesnoth-9084/src/help.cpp after 90s - using fallback metadata
2026-02-02 12:33:24,338 - Knowledge - INFO - Processing batch of 4 files
2026-02-02 12:33:24,338 - Knowledge - INFO - process ingested knowledge for /home/kathan/Kathan/Kavia AI/graphnode-backend-api/data/rdk7542/9084/b7977ho/wesnoth-9084/src/filechooser.cpp
2026-02-02 12:33:24,340 - Knowledge - INFO - process ingested knowledge for /home/kathan/Kathan/Kavia AI/graphnode-backend-api/data/rdk7542/9084/b7977ho/wesnoth-9084/src/map.hpp
2026-02-02 12:33:24,343 - Knowledge - INFO - process ingested knowledge for /home/kathan/Kathan/Kavia AI/graphnode-backend-api/data/rdk7542/9084/b7977ho/wesnoth-9084/src/team.hpp
2026-02-02 12:33:24,346 - Knowledge - INFO - process ingested knowledge for /home/kathan/Kathan/Kavia AI/graphnode-backend-api/data/rdk7542/9084/b7977ho/wesnoth-9084/src/help.cpp
2026-02-02 12:33:24,662 - Knowledge - INFO - Knowledge creation complete
2026-02-02 12:33:24,662 - Knowledge - INFO - ==================================================
2026-02-02 12:33:24,663 - Knowledge - INFO - KNOWLEDGE GRAPH GENERATION PERFORMANCE SUMMARY
2026-02-02 12:33:24,663 - Knowledge - INFO - ==================================================
2026-02-02 12:33:24,663 - Knowledge - INFO - Total processing time: 405.10 seconds (6.75 minutes)
2026-02-02 12:33:24,663 - Knowledge - INFO - Files processed: 0
2026-02-02 12:33:24,664 - Knowledge - INFO - Processing rate: 0.00 files/second
2026-02-02 12:33:24,664 - Knowledge - INFO - 
[TIME_BREAKDOWN]
2026-02-02 12:33:24,665 - Knowledge - INFO - File Reading: 0.00s (0.0%)
2026-02-02 12:33:24,666 - Knowledge - INFO - LLM Processing: 11828.28s (2919.8%)
2026-02-02 12:33:24,666 - Knowledge - INFO - MongoDB Operations: 0.00s (0.0%)
2026-02-02 12:33:24,666 - Knowledge - INFO - Redis Operations: 0.00s (0.0%)
2026-02-02 12:33:24,667 - Knowledge - INFO - WebSocket Communication: 3.07s (0.8%)
2026-02-02 12:33:24,667 - Knowledge - INFO - 
[LLM_STATS]
2026-02-02 12:33:24,667 - Knowledge - INFO - Total LLM calls: 231
2026-02-02 12:33:24,668 - Knowledge - INFO - Average LLM response time: 51205ms
2026-02-02 12:33:24,668 - Knowledge - INFO - Average prompt tokens: 7179.0
2026-02-02 12:33:24,668 - Knowledge - INFO - Average completion tokens: 796.2
2026-02-02 12:33:24,669 - Knowledge - INFO - Total prompt tokens: 1658344
2026-02-02 12:33:24,669 - Knowledge - INFO - Total completion tokens: 183915
2026-02-02 12:33:24,670 - Knowledge - INFO - Total LLM cost: $0.2394
2026-02-02 12:33:24,670 - Knowledge - INFO - 
[DATABASE_STATS]
2026-02-02 12:33:24,670 - Knowledge - INFO - MongoDB operations: 0
2026-02-02 12:33:24,671 - Knowledge - INFO - Redis operations: 0
2026-02-02 12:33:24,671 - Knowledge - INFO - 
[COMMUNICATION_STATS]
2026-02-02 12:33:24,671 - Knowledge - INFO - WebSocket messages sent: 57
2026-02-02 12:33:24,672 - Knowledge - INFO - Average message size: 144.8 bytes
2026-02-02 12:33:24,672 - Knowledge - INFO - 
[WORKER_STATS]
2026-02-02 12:33:24,672 - Knowledge - INFO - 
[FILE_TYPE_STATS]
2026-02-02 12:33:24,672 - Knowledge - INFO - 
[SLOWEST_FILES]
2026-02-02 12:33:24,673 - Knowledge - INFO - ==================================================
2026-02-02 12:33:24,673 - Knowledge - INFO - ==================================================
2026-02-02 12:33:24,674 - Knowledge - INFO - KNOWLEDGE GRAPH GENERATION PERFORMANCE SUMMARY
2026-02-02 12:33:24,674 - Knowledge - INFO - ==================================================
2026-02-02 12:33:24,674 - Knowledge - INFO - Total processing time: 405.12 seconds (6.75 minutes)
2026-02-02 12:33:24,674 - Knowledge - INFO - Files processed: 474 of 474
2026-02-02 12:33:24,675 - Knowledge - INFO - Processing rate: 1.17 files/second
2026-02-02 12:33:24,675 - Knowledge - INFO - WebSocket messages sent: 28
2026-02-02 12:33:24,675 - Knowledge - INFO - MongoDB operations: 474
2026-02-02 12:33:24,676 - Knowledge - INFO - Average MongoDB ops per file: 1.00
2026-02-02 12:33:24,676 - Knowledge - INFO - LLM costs: $0.2429
2026-02-02 12:33:24,676 - Knowledge - INFO - Prompt tokens: 1686760
2026-02-02 12:33:24,676 - Knowledge - INFO - Completion tokens: 185587
2026-02-02 12:33:24,677 - Knowledge - INFO - Updating org costs, total cost: 0.24291079999999995
2026-02-02 12:34:00,797 - Knowledge - INFO - [WEBSOCKET] Sent: Type=progress_update, Size: 270, Duration: 0ms
2026-02-02 12:34:00,798 - Knowledge - INFO - Saving knowledge to Redis...
2026-02-02 12:34:00,848 - Knowledge - INFO - Knowledge saved to Redis successfully
